Handle,Title,Body (HTML),Vendor,Type,Tags,Published,Option1 Name,Option1 Value,Option2 Name,Option2 Value,Option3 Name,Option3 Value,Variant SKU,Variant Price,Variant Compare At Price,Variant Inventory Qty,Variant Inventory Tracker,Gender (product.metafields.specs.gender),Shape (product.metafields.specs.shape),Polarized (product.metafields.specs.polarized),Frame Material (product.metafields.specs.frame_material),Lens Material (product.metafields.specs.lens_material),Bridge Size (product.metafields.specs.bridge_size_mm),Lens Width (product.metafields.specs.lens_width_mm),Lens Height (product.metafields.specs.lens_height_mm),Temple Length (product.metafields.specs.temple_length_mm),Lens Color (product.metafields.specs.lens_color),Front Colour (product.metafields.specs.front_colour),Temple Material (product.metafields.specs.temple_material),Geofit (product.metafields.specs.geofit),Legacy SKU (product.metafields.internal.legacy_sku),Image Src
rayban-rb0298sf-1292m2,"Ray-Ban 0298 (Mega Hawkeye) — Evolution, Plastic HvnOnTransp.Brown","Frame: Plastic HvnOnTransp.Brown. Lens: BrwGrdPol.53. Unisex / Square shape. Fit: Bridge: 21mm, Lens width: 53mm, Lens height: 44mm, Temple: 145mm. Authentic, sold by an authorized retailer.",Ray-Ban,Sunglasses,"Ray-Ban, 0298 (Mega Hawkeye), Square",TRUE,Title,Default Title,,,,,RB0298SF-1292M2,3968000,4960000,,shopify,Unisex,Square,true,Acetate,Crystal,21,53,44,145,Brown Polarized,Havana On Transparent Brown,Propionate,Low Bridge Fit,RB0298SF-1292M2 ,https://cdn.shopify.com/s/files/1/1056/5215/8545/files/0RB0298SF__1292M2__P21__noshad__fr.jpg?v=1785300093
rayban-rb0298sf-1292m2,,,,,,,,,,,,,,,,,,,,,,,,,,,,,,,,https://cdn.shopify.com/s/files/1/1056/5215/8545/files/0RB0298SF__1292M2__P21__noshad__qt.jpg?v=1785300096
rayban-rb0298sf-13553f,"Ray-Ban 0298 (Mega Hawkeye) — Evolution, Plastic GryOnTransp.","Frame: Plastic GryOnTransp.. Lens: ClrGrdBlue53. Unisex / Square shape. Fit: Bridge: 21mm, Lens width: 53mm, Lens height: 44mm, Temple: 145mm. Authentic, sold by an authorized retailer.",Ray-Ban,Sunglasses,"Ray-Ban, 0298 (Mega Hawkeye), Square",TRUE,Title,Default Title,,,,,RB0298SF-13553F,2800000,3500000,,shopify,Unisex,Square,false,Acetate,Crystal,21,53,44,145,Clear/Blue,Grey On Transparent,Propionate,Low Bridge Fit,RB0298SF-13553F ,https://cdn.shopify.com/s/files/1/1056/5215/8545/files/0RB0298SF__13553F__P21__noshad__fr.jpg?v=1785300099
rayban-rb0298sf-13553f,,,,,,,,,,,,,,,,,,,,,,,,,,,,,,,,https://cdn.shopify.com/s/files/1/1056/5215/8545/files/0RB0298SF__13553F__P21__noshad__qt.jpg?v=1785300102
rayban-rb0298sf-1396b1,"Ray-Ban 0298 (Mega Hawkeye) — Evolution, Plastic Dark GryOnTranspGry","Frame: Plastic Dark GryOnTranspGry. Lens: Dark Gry53. Unisex / Square shape. Fit: Bridge: 21mm, Lens width: 53mm, Lens height: 44mm, Temple: 145mm. Authentic, sold by an authorized retailer.",Ray-Ban,Sunglasses,"Ray-Ban, 0298 (Mega Hawkeye), Square",TRUE,Title,Default Title,,,,,RB0298SF-1396B1,2640000,3300000,,shopify,Unisex,Square,true,Acetate,Crystal,21,53,44,145,Brown Polarized,Havana On Transparent Brown,Propionate,Low Bridge Fit,RB0298SF-1396B1 ,https://cdn.shopify.com/s/files/1/1056/5215/8545/files/0RB0298SF__1396B1__P21__noshad__fr.jpg?v=1785300105
rayban-rb0298sf-1396b1,,,,,,,,,,,,,,,,,,,,,,,,,,,,,,,,https://cdn.shopify.com/s/files/1/1056/5215/8545/files/0RB0298SF__1396B1__P21__noshad__qt.jpg?v=1785300109
rayban-rb0298sf-90131,"Ray-Ban 0298 (Mega Hawkeye) — Evolution, Plastic Black","Frame: Plastic Black. Lens: Grn53. Unisex / Square shape. Fit: Bridge: 21mm, Lens width: 53mm, Lens height: 44mm, Temple: 145mm. Authentic, sold by an authorized retailer.",Ray-Ban,Sunglasses,"Ray-Ban, 0298 (Mega Hawkeye), Square",TRUE,Title,Default Title,,,,,RB0298SF-90131,2944000,3680000,,shopify,Unisex,Square,true,Acetate,Crystal,21,53,44,145,Brown Polarized,Havana On Transparent Brown,Propionate,Low Bridge Fit,RB0298SF-90131 ,https://cdn.shopify.com/s/files/1/1056/5215/8545/files/0RB0298SF__901_31__P21__noshad__fr.jpg?v=1785300112
rayban-rb0298sf-90131,,,,,,,,,,,,,,,,,,,,,,,,,,,,,,,,https://cdn.shopify.com/s/files/1/1056/5215/8545/files/0RB0298SF__901_31__P21__noshad__qt.jpg?v=1785300115
rayban-rb0298sf-95462,"Ray-Ban 0298 (Mega Hawkeye) — Evolution, Plastic StripHvn","Frame: Plastic StripHvn. Lens: Blue53. Unisex / Square shape. Fit: Bridge: 21mm, Lens width: 53mm, Lens height: 44mm, Temple: 145mm. Authentic, sold by an authorized retailer.",Ray-Ban,Sunglasses,"Ray-Ban, 0298 (Mega Hawkeye), Square",TRUE,Title,Default Title,,,,,RB0298SF-95462,2640000,3300000,,shopify,Unisex,Square,true,Acetate,Crystal,21,53,44,145,Brown Polarized,Havana On Transparent Brown,Propionate,Low Bridge Fit,RB0298SF-95462 ,https://cdn.shopify.com/s/files/1/1056/5215/8545/files/0RB0298SF__954_62__P21__noshad__fr.jpg?v=1785300118
rayban-rb0298sf-95462,,,,,,,,,,,,,,,,,,,,,,,,,,,,,,,,https://cdn.shopify.com/s/files/1/1056/5215/8545/files/0RB0298SF__954_62__P21__noshad__qt.jpg?v=1785300121
rayban-rb0316s-9013150,"Ray-Ban 0316 (Mega ClubM.) — Evolution, Plastic BlkOnGld","Frame: Plastic BlkOnGld. Lens: Green. Unisex / Square shape. Fit: Bridge: 21mm, Lens width: 50mm, Lens height: 43mm, Temple: 145mm. Authentic, sold by an authorized retailer.",Ray-Ban,Sunglasses,"Ray-Ban, 0316 (Mega ClubM.), Square",TRUE,Title,Default Title,,,,,RB0316S-9013150,3240000,4050000,,shopify,Unisex,Square,false,Propionate,Crystal,21,50,43,145,Blue,Havana On Blue On Gunmetal,Propionate,High Bridge Fit,RB0316S-9013150,https://cdn.shopify.com/s/files/1/1056/5215/8545/files/0RB0316S__901_31__P21__noshad__fr.jpg?v=1785300143
rayban-rb0316s-9013150,,,,,,,,,,,,,,,,,,,,,,,,,,,,,,,,https://cdn.shopify.com/s/files/1/1056/5215/8545/files/0RB0316S__901_31__P21__noshad__qt.jpg?v=1785300146
rayban-rb0316s-9013153,"Ray-Ban 0316 (Mega ClubM.) — Evolution, Plastic BlkOnGld","Frame: Plastic BlkOnGld. Lens: Green. Unisex / Square shape. Fit: Bridge: 21mm, Lens width: 50mm, Lens height: 43mm, Temple: 145mm. Authentic, sold by an authorized retailer.",Ray-Ban,Sunglasses,"Ray-Ban, 0316 (Mega ClubM.), Square",TRUE,Title,Default Title,,,,,RB0316S-9013153,3240000,4050000,,shopify,Unisex,Square,false,Propionate,Crystal,21,50,43,145,Blue,Havana On Blue On Gunmetal,Propionate,High Bridge Fit,RB0316S-9013153,https://cdn.shopify.com/s/files/1/1056/5215/8545/files/0RB0316S__901_31__P21__noshad__fr.jpg?v=1785300143
rayban-rb0316s-9013153,,,,,,,,,,,,,,,,,,,,,,,,,,,,,,,,https://cdn.shopify.com/s/files/1/1056/5215/8545/files/0RB0316S__901_31__P21__noshad__qt.jpg?v=1785300146
rayban-rb0316s-9903150,"Ray-Ban 0316 (Mega ClubM.) — Evolution, Plastic MockTort on Gold","Frame: Plastic MockTort on Gold. Lens: Green. Unisex / Square shape. Fit: Bridge: 21mm, Lens width: 50mm, Lens height: 43mm, Temple: 145mm. Authentic, sold by an authorized retailer.",Ray-Ban,Sunglasses,"Ray-Ban, 0316 (Mega ClubM.), Square",TRUE,Title,Default Title,,,,,RB0316S-9903150,3240000,4050000,,shopify,Unisex,Square,false,Propionate,Crystal,21,50,43,145,Blue,Havana On Blue On Gunmetal,Propionate,High Bridge Fit,RB0316S-9903150,https://cdn.shopify.com/s/files/1/1056/5215/8545/files/0RB0316S__990_31__P21__noshad__fr.jpg?v=1785300149
rayban-rb0316s-9903150,,,,,,,,,,,,,,,,,,,,,,,,,,,,,,,,https://cdn.shopify.com/s/files/1/1056/5215/8545/files/0RB0316S__990_31__P21__noshad__qt.jpg?v=1785300152
rayban-rb0316s-9903153,"Ray-Ban 0316 (Mega ClubM.) — Evolution, Plastic MockTortOnGld","Frame: Plastic MockTortOnGld. Lens: Green. Unisex / Square shape. Fit: Bridge: 21mm, Lens width: 50mm, Lens height: 43mm, Temple: 145mm. Authentic, sold by an authorized retailer.",Ray-Ban,Sunglasses,"Ray-Ban, 0316 (Mega ClubM.), Square",TRUE,Title,Default Title,,,,,RB0316S-9903153,3240000,4050000,,shopify,Unisex,Square,false,Propionate,Crystal,21,50,43,145,Blue,Havana On Blue On Gunmetal,Propionate,High Bridge Fit,RB0316S-9903153,https://cdn.shopify.com/s/files/1/1056/5215/8545/files/0RB0316S__990_31__P21__noshad__fr.jpg?v=1785300149
rayban-rb0316s-9903153,,,,,,,,,,,,,,,,,,,,,,,,,,,,,,,,https://cdn.shopify.com/s/files/1/1056/5215/8545/files/0RB0316S__990_31__P21__noshad__qt.jpg?v=1785300152
rayban-rb0360s-140371,Ray-Ban 0360-Drifter — Plastic StripBrw,"Frame: Plastic StripBrw. Lens: GryGrd57. Authentic, sold by an authorized retailer.",Ray-Ban,Sunglasses,"Ray-Ban, 0360-Drifter",TRUE,Title,Default Title,,,,,RB0360S-140371,2664000,3330000,,shopify,,,false,,,,,,,,,,,RB0360S-140371,https://cdn.shopify.com/s/files/1/1056/5215/8545/files/0RB0360S__140371__P21__noshad__fr.jpg?v=1785300155
rayban-rb0360s-140371,,,,,,,,,,,,,,,,,,,,,,,,,,,,,,,,https://cdn.shopify.com/s/files/1/1056/5215/8545/files/0RB0360S__140371__P21__noshad__qt.jpg?v=1785300159
rayban-rb0360s-14043f,Ray-Ban 0360-Drifter — Plastic StripedGry,"Frame: Plastic StripedGry. Lens: ClrGrdBlue57. Authentic, sold by an authorized retailer.",Ray-Ban,Sunglasses,"Ray-Ban, 0360-Drifter",TRUE,Title,Default Title,,,,,RB0360S-14043F,2664000,3330000,,shopify,,,false,,,,,,,,,,,RB0360S-14043F,https://cdn.shopify.com/s/files/1/1056/5215/8545/files/0RB0360S__14043F__P21__noshad__fr.jpg?v=1785300162
rayban-rb0360s-14043f,,,,,,,,,,,,,,,,,,,,,,,,,,,,,,,,https://cdn.shopify.com/s/files/1/1056/5215/8545/files/0RB0360S__14043F__P21__noshad__qt.jpg?v=1785300166
rayban-rb0360s-140551,Ray-Ban 0360-Drifter — Plastic StripedGrn,"Frame: Plastic StripedGrn. Lens: ClrGrdBrw57. Authentic, sold by an authorized retailer.",Ray-Ban,Sunglasses,"Ray-Ban, 0360-Drifter",TRUE,Title,Default Title,,,,,RB0360S-140551,3112000,3890000,,shopify,,,false,,,,,,,,,,,RB0360S-140551,https://cdn.shopify.com/s/files/1/1056/5215/8545/files/0RB0360S__140551__P21__noshad__fr.jpg?v=1785300169
rayban-rb0360s-140551,,,,,,,,,,,,,,,,,,,,,,,,,,,,,,,,https://cdn.shopify.com/s/files/1/1056/5215/8545/files/0RB0360S__140551__P21__noshad__qt.jpg?v=1785300172
rayban-rb0360s-9543157,Ray-Ban 0360-Drifter — Plastic StripedHavana,"Frame: Plastic StripedHavana. Lens: Green. Authentic, sold by an authorized retailer.",Ray-Ban,Sunglasses,"Ray-Ban, 0360-Drifter",TRUE,Title,Default Title,,,,,RB0360S-9543157,2512000,3140000,,shopify,,,false,,,,,,,,,,,RB0360S-9543157,https://cdn.shopify.com/s/files/1/1056/5215/8545/files/0RB0360S__954_31__P21__noshad__fr.jpg?v=1785300175
rayban-rb0360s-9543157,,,,,,,,,,,,,,,,,,,,,,,,,,,,,,,,https://cdn.shopify.com/s/files/1/1056/5215/8545/files/0RB0360S__954_31__P21__noshad__qt.jpg?v=1785300179
rayban-rb0707sm-6449g7,Ray-Ban 0707 — Plastic TransBrw,"Frame: Plastic TransBrw. Lens: BrwVintage53. Authentic, sold by an authorized retailer.",Ray-Ban,Sunglasses,"Ray-Ban, 0707",TRUE,Title,Default Title,,,,,RB0707SM-6449G7,3608000,4510000,,shopify,,,false,,,,,,,,,,,RB0707SM-6449G7,https://cdn.shopify.com/s/files/1/1056/5215/8545/files/0RB0707SM__6449G7__P21__noshad__fr.jpg?v=1785300182
rayban-rb0707sm-6449g7,,,,,,,,,,,,,,,,,,,,,,,,,,,,,,,,https://cdn.shopify.com/s/files/1/1056/5215/8545/files/0RB0707SM__6449G7__P21__noshad__qt.jpg?v=1785300185
rayban-rb0840sf-66372k,"Ray-Ban 0840 (MegaW.Farer) — Evolution, Plastic TransPink","Frame: Plastic TransPink. Lens: BrwMirrD.Red52. Unisex / Square shape. Fit: Bridge: 21mm, Lens width: 52mm, Lens height: 43mm, Temple: 145mm. Authentic, sold by an authorized retailer.",Ray-Ban,Sunglasses,"Ray-Ban, 0840 (MegaW.Farer), Square",TRUE,Title,Default Title,,,,,RB0840SF-66372K,3080000,3850000,,shopify,Unisex,Square,false,Propionate,Crystal,21,52,43,145,Ultra Black,Black,Propionate,Low Bridge Fit,RB0840SF-66372K,https://cdn.shopify.com/s/files/1/1056/5215/8545/files/0RB0840SF__66372K__P21__noshad__fr.jpg?v=1785300188
rayban-rb0840sf-66372k,,,,,,,,,,,,,,,,,,,,,,,,,,,,,,,,https://cdn.shopify.com/s/files/1/1056/5215/8545/files/0RB0840SF__66372K__P21__noshad__qt.jpg?v=1785300191
rayban-rb0840sf-6638o4,"Ray-Ban 0840 (MegaW.Farer) — Evolution, Plastic TranspD.Blue","Frame: Plastic TranspD.Blue. Lens: GryMirrBlue52. Unisex / Square shape. Fit: Bridge: 21mm, Lens width: 52mm, Lens height: 43mm, Temple: 145mm. Authentic, sold by an authorized retailer.",Ray-Ban,Sunglasses,"Ray-Ban, 0840 (MegaW.Farer), Square",TRUE,Title,Default Title,,,,,RB0840SF-6638O4,3080000,3850000,,shopify,Unisex,Square,false,Propionate,Crystal,21,52,43,145,Ultra Black,Black,Propionate,Low Bridge Fit,RB0840SF-6638O4 ,https://cdn.shopify.com/s/files/1/1056/5215/8545/files/0RB0840SF__6638O4__P21__noshad__fr.jpg?v=1785300194
rayban-rb0840sf-6638o4,,,,,,,,,,,,,,,,,,,,,,,,,,,,,,,,https://cdn.shopify.com/s/files/1/1056/5215/8545/files/0RB0840SF__6638O4__P21__noshad__qt.jpg?v=1785300198
rayban-rb0840sf-90131,"Ray-Ban 0840 (MegaW.Farer) — Evolution, NT-Plastic Black","Frame: NT-Plastic Black. Lens: Grn52. Unisex / Square shape. Fit: Bridge: 21mm, Lens width: 52mm, Lens height: 43mm, Temple: 145mm. Authentic, sold by an authorized retailer.",Ray-Ban,Sunglasses,"Ray-Ban, 0840 (MegaW.Farer), Square",TRUE,Title,Default Title,,,,,RB0840SF-90131,3240000,4050000,,shopify,Unisex,Square,false,Propionate,Crystal,21,52,43,145,Green,Black,Propionate,Low Bridge Fit,RB0840SF-90131,https://cdn.shopify.com/s/files/1/1056/5215/8545/files/0RB0840SF__901_31__P21__noshad__fr.jpg?v=1785302788
rayban-rb0840sf-90131,,,,,,,,,,,,,,,,,,,,,,,,,,,,,,,,https://cdn.shopify.com/s/files/1/1056/5215/8545/files/0RB0840SF__901_31__P21__noshad__qt.jpg?v=1785300202
rayban-rb0840sf-95457,"Ray-Ban 0840 (MegaW.Farer) — Evolution, Plastic StripHvn","Frame: Plastic StripHvn. Lens: BrwPol.52. Unisex / Square shape. Fit: Bridge: 21mm, Lens width: 52mm, Lens height: 43mm, Temple: 145mm. Authentic, sold by an authorized retailer.",Ray-Ban,Sunglasses,"Ray-Ban, 0840 (MegaW.Farer), Square",TRUE,Title,Default Title,,,,,RB0840SF-95457,4176000,5220000,,shopify,Unisex,Square,true,Propionate,Crystal,21,52,43,145,Brown Polarized,Striped Havana,Propionate,Low Bridge Fit,RB0840SF-95457 ,https://cdn.shopify.com/s/files/1/1056/5215/8545/files/0RB0840SF__954_57__P21__noshad__fr.jpg?v=1785300205
rayban-rb0840sf-95457,,,,,,,,,,,,,,,,,,,,,,,,,,,,,,,,https://cdn.shopify.com/s/files/1/1056/5215/8545/files/0RB0840SF__954_57__P21__noshad__qt.jpg?v=1785300208
rayban-rb0947sf-667571,Ray-Ban 0947-Carlos — Plastic Opa;Dark Grey,"Frame: Plastic Opa;Dark Grey. Lens: GryGrd56. Authentic, sold by an authorized retailer.",Ray-Ban,Sunglasses,"Ray-Ban, 0947-Carlos",TRUE,Title,Default Title,,,,,RB0947SF-667571,2600000,3250000,,shopify,,,false,,,,,,,,,,,RB0947SF-667571,https://cdn.shopify.com/s/files/1/1056/5215/8545/files/0RB0947SF__667571__P21__noshad__fr.jpg?v=1785300211
rayban-rb0947sf-667571,,,,,,,,,,,,,,,,,,,,,,,,,,,,,,,,https://cdn.shopify.com/s/files/1/1056/5215/8545/files/0RB0947SF__667571__P21__noshad__qt.jpg?v=1785300214
rayban-rb0947sf-90131,Ray-Ban 0947-Carlos — Plastic Black,"Frame: Plastic Black. Lens: Grn56. Authentic, sold by an authorized retailer.",Ray-Ban,Sunglasses,"Ray-Ban, 0947-Carlos",TRUE,Title,Default Title,,,,,RB0947SF-90131,2360000,2950000,,shopify,,,false,,,,,,,,,,,RB0947SF-90131,https://cdn.shopify.com/s/files/1/1056/5215/8545/files/0RB0947SF__901_31__P21__noshad__fr.jpg?v=1785300217
rayban-rb0947sf-90131,,,,,,,,,,,,,,,,,,,,,,,,,,,,,,,,https://cdn.shopify.com/s/files/1/1056/5215/8545/files/0RB0947SF__901_31__P21__noshad__qt.jpg?v=1785300220
rayban-rb0947sf-902r5,Ray-Ban 0947-Carlos — Plastic Havana,"Frame: Plastic Havana. Lens: Blue56. Authentic, sold by an authorized retailer.",Ray-Ban,Sunglasses,"Ray-Ban, 0947-Carlos",TRUE,Title,Default Title,,,,,RB0947SF-902R5,2360000,2950000,,shopify,,,false,,,,,,,,,,,RB0947SF-902R5,https://cdn.shopify.com/s/files/1/1056/5215/8545/files/0RB0947SF__902_R5__P21__noshad__fr.jpg?v=1785300223
rayban-rb0947sf-902r5,,,,,,,,,,,,,,,,,,,,,,,,,,,,,,,,https://cdn.shopify.com/s/files/1/1056/5215/8545/files/0RB0947SF__902_R5__P21__noshad__qt.jpg?v=1785300226
rayban-rb1973-12815153,"Ray-Ban 1973 (Sq. II) — Evolution, Plastic TransGry","Frame: Plastic TransGry. Lens: GrdBrw. Woman / Square shape. Fit: Bridge: 20mm, Lens width: 54mm, Lens height: 47mm, Temple: 140mm. Authentic, sold by an authorized retailer.",Ray-Ban,Sunglasses,"Ray-Ban, 1973 (Sq. II), Square",TRUE,Title,Default Title,,,,,RB1973-12815153,3064000,3830000,,shopify,Woman,Square,false,Acetate,Crystal,20,54,47,140,G-15 Green,Black,Acetate,High Bridge Fit,RB1973-12815153,https://cdn.shopify.com/s/files/1/1056/5215/8545/files/0RB1973__128151__STD__noshad__fr.jpg?v=1785300229
rayban-rb1973-12815153,,,,,,,,,,,,,,,,,,,,,,,,,,,,,,,,https://cdn.shopify.com/s/files/1/1056/5215/8545/files/0RB1973__128151__STD__noshad__qt.jpg?v=1785300233
rayban-rb1973-9013153,"Ray-Ban 1973 (Sq. II) — Evolution, Plastic Black","Frame: Plastic Black. Lens: GrnGlass. Woman / Square shape. Fit: Bridge: 20mm, Lens width: 54mm, Lens height: 47mm, Temple: 140mm. Authentic, sold by an authorized retailer.",Ray-Ban,Sunglasses,"Ray-Ban, 1973 (Sq. II), Square",TRUE,Title,Default Title,,,,,RB1973-9013153,2728000,3410000,,shopify,Woman,Square,false,Acetate,Crystal,20,54,47,140,G-15 Green,Black,Acetate,High Bridge Fit,RB1973-9013153,https://cdn.shopify.com/s/files/1/1056/5215/8545/files/0RB1973__901_31__STD__noshad__fr.jpg?v=1785300235
rayban-rb1973-9013153,,,,,,,,,,,,,,,,,,,,,,,,,,,,,,,,https://cdn.shopify.com/s/files/1/1056/5215/8545/files/0RB1973__901_31__STD__noshad__qt.jpg?v=1785300238
rayban-rb1973-9543153,"Ray-Ban 1973 (Sq. II) — Evolution, Plastic Tortoise","Frame: Plastic Tortoise. Lens: GrnGlass. Woman / Square shape. Fit: Bridge: 20mm, Lens width: 54mm, Lens height: 47mm, Temple: 140mm. Authentic, sold by an authorized retailer.",Ray-Ban,Sunglasses,"Ray-Ban, 1973 (Sq. II), Square",TRUE,Title,Default Title,,,,,RB1973-9543153,2728000,3410000,,shopify,Woman,Square,false,Acetate,Crystal,20,54,47,140,G-15 Green,Black,Acetate,High Bridge Fit,RB1973-9543153,https://cdn.shopify.com/s/files/1/1056/5215/8545/files/0RB1973__954_31__STD__noshad__fr.jpg?v=1785300241
rayban-rb1973-9543153,,,,,,,,,,,,,,,,,,,,,,,,,,,,,,,,https://cdn.shopify.com/s/files/1/1056/5215/8545/files/0RB1973__954_31__STD__noshad__qt.jpg?v=1785300245
rayban-rb2132f-6014b55,"Ray-Ban 2132 (New WF) — Evolution, Plastic Black","Frame: Plastic Black. Lens: Pink. Unisex / Square shape. Fit: Bridge: 18mm, Lens width: 54mm, Lens height: 41mm, Temple: 140mm. Authentic, sold by an authorized retailer.",Ray-Ban,Sunglasses,"Ray-Ban, 2132 (New WF), Square",TRUE,Title,Default Title,,,,,RB2132F-6014B55,2848000,3560000,,shopify,Unisex,Square,false,Nylon,Crystal,18,54,41,140,Pink,Black,Nylon,Low Bridge Fit,RB2132F-6014B55,https://cdn.shopify.com/s/files/1/1056/5215/8545/files/0RB2132F__601_4B__P21__noshad__fr.jpg?v=1785300248
rayban-rb2132f-6014b55,,,,,,,,,,,,,,,,,,,,,,,,,,,,,,,,https://cdn.shopify.com/s/files/1/1056/5215/8545/files/0RB2132F__601_4B__P21__noshad__qt.jpg?v=1785300252
rayban-rb2132f-6015255,"Ray-Ban 2132 (New WF) — Evolution, Plastic Black","Frame: Plastic Black. Lens: Green. Unisex / Square shape. Fit: Bridge: 18mm, Lens width: 54mm, Lens height: 41mm, Temple: 140mm. Authentic, sold by an authorized retailer.",Ray-Ban,Sunglasses,"Ray-Ban, 2132 (New WF), Square",TRUE,Title,Default Title,,,,,RB2132F-6015255,2848000,3560000,,shopify,Unisex,Square,false,Nylon,Crystal,18,54,41,140,Pink,Black,Nylon,Low Bridge Fit,RB2132F-6015255 ,https://cdn.shopify.com/s/files/1/1056/5215/8545/files/0RB2132F__601_52__STD__noshad__fr.jpg?v=1785300256
rayban-rb2132f-6015255,,,,,,,,,,,,,,,,,,,,,,,,,,,,,,,,https://cdn.shopify.com/s/files/1/1056/5215/8545/files/0RB2132F__601_52__STD__noshad__qt.jpg?v=1785300259
rayban-rb2132f-6016455,"Ray-Ban 2132 (New WF) — Evolution, Plastic Black","Frame: Plastic Black. Lens: BlueGry. Unisex / Square shape. Fit: Bridge: 18mm, Lens width: 54mm, Lens height: 41mm, Temple: 140mm. Authentic, sold by an authorized retailer.",Ray-Ban,Sunglasses,"Ray-Ban, 2132 (New WF), Square",TRUE,Title,Default Title,,,,,RB2132F-6016455,2848000,3560000,,shopify,Unisex,Square,false,Nylon,Crystal,18,54,41,140,Pink,Black,Nylon,Low Bridge Fit,RB2132F-6016455,https://cdn.shopify.com/s/files/1/1056/5215/8545/files/0RB2132F__601_64__STD__noshad__fr.jpg?v=1785300262
rayban-rb2132f-6016455,,,,,,,,,,,,,,,,,,,,,,,,,,,,,,,,https://cdn.shopify.com/s/files/1/1056/5215/8545/files/0RB2132F__601_64__STD__noshad__qt.jpg?v=1785300265
rayban-rb2132f-6018455,"Ray-Ban 2132 (New WF) — Evolution, Plastic Black","Frame: Plastic Black. Lens: Clr. Unisex / Square shape. Fit: Bridge: 18mm, Lens width: 54mm, Lens height: 41mm, Temple: 140mm. Authentic, sold by an authorized retailer.",Ray-Ban,Sunglasses,"Ray-Ban, 2132 (New WF), Square",TRUE,Title,Default Title,,,,,RB2132F-6018455,2848000,3560000,,shopify,Unisex,Square,false,Nylon,Crystal,18,54,41,140,Pink,Black,Nylon,Low Bridge Fit,RB2132F-6018455,https://cdn.shopify.com/s/files/1/1056/5215/8545/files/0RB2132F__601_84__P21__noshad__fr.jpg?v=1785300268
rayban-rb2132f-6018455,,,,,,,,,,,,,,,,,,,,,,,,,,,,,,,,https://cdn.shopify.com/s/files/1/1056/5215/8545/files/0RB2132F__601_84__P21__noshad__qt.jpg?v=1785300272
rayban-rb2132m-f60131,"Ray-Ban 2132 (New WF) — Ferrari Lifestyle - Icons, Ferrari-Plastic Black","Frame: Ferrari-Plastic Black. Lens: G15Grn55. Unisex / Square shape. Fit: Bridge: 18mm, Lens width: 55mm, Lens height: 41mm, Temple: 145mm. Authentic, sold by an authorized retailer.",Ray-Ban,Sunglasses,"Ray-Ban, 2132 (New WF), Square",TRUE,Title,Default Title,,,,,RB2132M-F60131,3448000,4310000,,shopify,Unisex,Square,false,Nylon,Crystal,18,55,41,145,G-15 Green,Black,Nylon,High Bridge Fit,RB2132M-F60131 ,https://cdn.shopify.com/s/files/1/1056/5215/8545/files/0RB2132M__F60131__STD__noshad__fr.jpg?v=1785300275
rayban-rb2132m-f60131,,,,,,,,,,,,,,,,,,,,,,,,,,,,,,,,https://cdn.shopify.com/s/files/1/1056/5215/8545/files/0RB2132M__F60131__STD__noshad__qt.jpg?v=1785300278
rayban-rb2132m-f63830,"Ray-Ban 2132 (New WF) — Ferrari Lifestyle - Icons, Ferrari-Plastic Matte Black-Red","Frame: Ferrari-Plastic Matte Black-Red. Lens: Light GrnMirrSilv55. Unisex / Square shape. Fit: Bridge: 18mm, Lens width: 55mm, Lens height: 41mm, Temple: 145mm. Authentic, sold by an authorized retailer.",Ray-Ban,Sunglasses,"Ray-Ban, 2132 (New WF), Square",TRUE,Title,Default Title,,,,,RB2132M-F63830,3816000,4770000,,shopify,Unisex,Square,false,Nylon,Crystal,18,55,41,145,Silver Flash,Black,Nylon,High Bridge Fit,RB2132M-F63830 ,https://cdn.shopify.com/s/files/1/1056/5215/8545/files/0RB2132M__F63830__STD__noshad__fr.jpg?v=1785300281
rayban-rb2132m-f63830,,,,,,,,,,,,,,,,,,,,,,,,,,,,,,,,https://cdn.shopify.com/s/files/1/1056/5215/8545/files/0RB2132M__F63830__STD__noshad__qt.jpg?v=1785300284
rayban-rb2140f-129431,"Ray-Ban 2140 (W.Farer) — Legacy, Plastic BlkOnTransp","Frame: Plastic BlkOnTransp. Lens: Grn52. Unisex / Square shape. Fit: Bridge: 22mm, Lens width: 52mm, Lens height: 43mm, Temple: 150mm. Authentic, sold by an authorized retailer.",Ray-Ban,Sunglasses,"Ray-Ban, 2140 (W.Farer), Square",TRUE,Title,Default Title,,,,,RB2140F-129431,3056000,3820000,,shopify,Unisex,Square,false,Acetate,Crystal,22,52,43,150,Green,Black On Transparent,Acetate,Low Bridge Fit,RB2140F-129431,https://cdn.shopify.com/s/files/1/1056/5215/8545/files/0RB2140F__129431__P21__noshad__fr.jpg?v=1785300288
rayban-rb2140f-129431,,,,,,,,,,,,,,,,,,,,,,,,,,,,,,,,https://cdn.shopify.com/s/files/1/1056/5215/8545/files/0RB2140F__129431__P21__noshad__qt.jpg?v=1785300291
rayban-rb2140f-140833,"Ray-Ban 2140 (W.Farer) — Legacy, Change-Plastic PhotoStripBrw","Frame: Change-Plastic PhotoStripBrw. Lens: Brw52. Unisex / Square shape. Fit: Bridge: 22mm, Lens width: 52mm, Lens height: 43mm, Temple: 150mm. Authentic, sold by an authorized retailer.",Ray-Ban,Sunglasses,"Ray-Ban, 2140 (W.Farer), Square",TRUE,Title,Default Title,,,,,RB2140F-140833,3984000,4980000,,shopify,Unisex,Square,false,Acetate,Crystal,22,52,43,150,Brown,Photo Striped Brown,Acetate,Low Bridge Fit,RB2140F-140833,https://cdn.shopify.com/s/files/1/1056/5215/8545/files/0RB2140F__140833__P21__noshad__fr.jpg?v=1785300294
rayban-rb2140f-140833,,,,,,,,,,,,,,,,,,,,,,,,,,,,,,,,https://cdn.shopify.com/s/files/1/1056/5215/8545/files/0RB2140F__140833__P21__noshad__qt.jpg?v=1785300297
rayban-rb2140f-1409b1,"Ray-Ban 2140 (W.Farer) — Legacy, Change-Plastic PhotoStripBlue","Frame: Change-Plastic PhotoStripBlue. Lens: Dark Gry52. Unisex / Square shape. Fit: Bridge: 22mm, Lens width: 52mm, Lens height: 43mm, Temple: 150mm. Authentic, sold by an authorized retailer.",Ray-Ban,Sunglasses,"Ray-Ban, 2140 (W.Farer), Square",TRUE,Title,Default Title,,,,,RB2140F-1409B1,3984000,4980000,,shopify,Unisex,Square,false,Acetate,Crystal,22,52,43,150,Dark Grey,Photo Striped Blue,Acetate,Low Bridge Fit,RB2140F-1409B1,https://cdn.shopify.com/s/files/1/1056/5215/8545/files/0RB2140F__1409B1__P21__noshad__fr.jpg?v=1785300300
rayban-rb2140f-1409b1,,,,,,,,,,,,,,,,,,,,,,,,,,,,,,,,https://cdn.shopify.com/s/files/1/1056/5215/8545/files/0RB2140F__1409B1__P21__noshad__qt.jpg?v=1785300303
rayban-rb2140f-1446r5,"Ray-Ban 2140 (W.Farer) — Legacy, Plastic BrwOnTranspBlu","Frame: Plastic BrwOnTranspBlu. Lens: Blue52. Unisex / Square shape. Fit: Bridge: 22mm, Lens width: 52mm, Lens height: 43mm, Temple: 150mm. Authentic, sold by an authorized retailer.",Ray-Ban,Sunglasses,"Ray-Ban, 2140 (W.Farer), Square",TRUE,Title,Default Title,,,,,RB2140F-1446R5,3056000,3820000,,shopify,Unisex,Square,false,Acetate,Crystal,22,52,43,150,Blue,Brown On Transparent Blue,Acetate,Low Bridge Fit,RB2140F-1446R5,https://cdn.shopify.com/s/files/1/1056/5215/8545/files/0RB2140F__1446R5__P21__noshad__fr.jpg?v=1785300306
rayban-rb2140f-1446r5,,,,,,,,,,,,,,,,,,,,,,,,,,,,,,,,https://cdn.shopify.com/s/files/1/1056/5215/8545/files/0RB2140F__1446R5__P21__noshad__qt.jpg?v=1785300309
rayban-rb2140f-1447b1,"Ray-Ban 2140 (W.Farer) — Legacy, Plastic VioletOnTransPink","Frame: Plastic VioletOnTransPink. Lens: Dark Gry52. Unisex / Square shape. Fit: Bridge: 22mm, Lens width: 52mm, Lens height: 43mm, Temple: 150mm. Authentic, sold by an authorized retailer.",Ray-Ban,Sunglasses,"Ray-Ban, 2140 (W.Farer), Square",TRUE,Title,Default Title,,,,,RB2140F-1447B1,3056000,3820000,,shopify,Unisex,Square,false,Acetate,Crystal,22,52,43,150,Dark Grey,Violet On Transparent Pink,Acetate,Low Bridge Fit,RB2140F-1447B1,https://cdn.shopify.com/s/files/1/1056/5215/8545/files/0RB2140F__1447B1__P21__noshad__fr.jpg?v=1785300312
rayban-rb2140f-1447b1,,,,,,,,,,,,,,,,,,,,,,,,,,,,,,,,https://cdn.shopify.com/s/files/1/1056/5215/8545/files/0RB2140F__1447B1__P21__noshad__qt.jpg?v=1785300316
rayban-rb2140f-601r552,"Ray-Ban 2140 (W.Farer) — Legacy, Plastic Black","Frame: Plastic Black. Lens: Light Grey. Unisex / Square shape. Fit: Bridge: 22mm, Lens width: 52mm, Lens height: 43mm, Temple: 150mm. Authentic, sold by an authorized retailer.",Ray-Ban,Sunglasses,"Ray-Ban, 2140 (W.Farer), Square",TRUE,Title,Default Title,,,,,RB2140F-601R552,3056000,3820000,,shopify,Unisex,Square,false,Acetate,Crystal,22,52,43,150,Green,Black On Transparent,Acetate,Low Bridge Fit,RB2140F-601R552 ,https://cdn.shopify.com/s/files/1/1056/5215/8545/files/0RB2140F__601_R5__STD__noshad__fr.jpg?v=1785300325
rayban-rb2140f-601r552,,,,,,,,,,,,,,,,,,,,,,,,,,,,,,,,https://cdn.shopify.com/s/files/1/1056/5215/8545/files/0RB2140F__601_R5__STD__noshad__qt.jpg?v=1785300328
rayban-rb2140f-601sr5,"Ray-Ban 2140 (W.Farer) — Legacy, Plastic Matte Black","Frame: Plastic Matte Black. Lens: Light Gry52. Unisex / Square shape. Fit: Bridge: 22mm, Lens width: 52mm, Lens height: 43mm, Temple: 150mm. Authentic, sold by an authorized retailer.",Ray-Ban,Sunglasses,"Ray-Ban, 2140 (W.Farer), Square",TRUE,Title,Default Title,,,,,RB2140F-601SR5,3056000,3820000,,shopify,Unisex,Square,false,Acetate,Crystal,22,52,43,150,Light Grey,Black,Acetate,Low Bridge Fit,RB2140F-601SR5 ,https://cdn.shopify.com/s/files/1/1056/5215/8545/files/0RB2140F__601SR5__P21__noshad__fr.jpg?v=1785300319
rayban-rb2140f-601sr5,,,,,,,,,,,,,,,,,,,,,,,,,,,,,,,,https://cdn.shopify.com/s/files/1/1056/5215/8545/files/0RB2140F__601SR5__P21__noshad__qt.jpg?v=1785300322
rayban-rb2176-13688551,"Ray-Ban 2176 (Club M.Folding) — Evolution, Metal Gold-Green","Frame: Metal Gold-Green. Lens: GrdBrw. Unisex / Square shape. Fit: Bridge: 21mm, Lens width: 51mm, Lens height: 44mm, Temple: 145mm. Authentic, sold by an authorized retailer.",Ray-Ban,Sunglasses,"Ray-Ban, 2176 (Club M.Folding), Square",TRUE,Title,Default Title,,,,,RB2176-13688551,4376000,5470000,,shopify,Unisex,Square,false,Acetate,Crystal,21,51,44,145,Brown,Green On Gold,Acetate,Adjustable Nosepads,RB2176-13688551 ,https://cdn.shopify.com/s/files/1/1056/5215/8545/files/0RB2176__136885__P21__noshad__fr.jpg?v=1785300331
rayban-rb2176-13688551,,,,,,,,,,,,,,,,,,,,,,,,,,,,,,,,https://cdn.shopify.com/s/files/1/1056/5215/8545/files/0RB2176__136885__P21__noshad__qt.jpg?v=1785300335
rayban-rb2180f-6011149,"Ray-Ban 2180 — Acetate, Plastic Black","Frame: Plastic Black. Lens: GryGrd. Unisex / Phantos shape. Fit: Bridge: 20mm, Lens width: 52mm, Lens height: 49mm, Temple: 150mm. Authentic, sold by an authorized retailer.",Ray-Ban,Sunglasses,"Ray-Ban, 2180, Phantos",TRUE,Title,Default Title,,,,,RB2180F-6011149,2728000,3410000,,shopify,Unisex,Phantos,false,Propionate,Polycarbonate,20,52,49,150,Blue Gradient Grey,Turtledove,Propionate,Low Bridge Fit,RB2180F-6011149 ,https://cdn.shopify.com/s/files/1/1056/5215/8545/files/0RB2180F__601_11__P21__noshad__fr.jpg?v=1785300338
rayban-rb2180f-6011149,,,,,,,,,,,,,,,,,,,,,,,,,,,,,,,,https://cdn.shopify.com/s/files/1/1056/5215/8545/files/0RB2180F__601_11__P21__noshad__qt.jpg?v=1785300341
rayban-rb2180f-6231-3d,"Ray-Ban 2180 — Acetate, Plastic Black","Frame: Plastic Black. Lens: GrdBrwMirr,Sz51. Unisex / Phantos shape. Fit: Bridge: 20mm, Lens width: 52mm, Lens height: 49mm, Temple: 150mm. Authentic, sold by an authorized retailer.",Ray-Ban,Sunglasses,"Ray-Ban, 2180, Phantos",TRUE,Title,Default Title,,,,,RB2180F-6231_3D,2690000,,,shopify,Unisex,Phantos,false,Propionate,Polycarbonate,20,52,49,150,Blue Gradient Grey,Turtledove,Propionate,Low Bridge Fit,RB2180F-6231/3D,https://cdn.shopify.com/s/files/1/1056/5215/8545/files/0RB2180F__62313D_000A.jpg?v=1785300344
rayban-rb2180f-6231-3d,,,,,,,,,,,,,,,,,,,,,,,,,,,,,,,,https://cdn.shopify.com/s/files/1/1056/5215/8545/files/0RB2180F__62313D_030A.jpg?v=1785300347
rayban-rb2186-1292b152,"Ray-Ban 2186 (state street) — Evolution, Plastic Dark Tortoise","Frame: Plastic Dark Tortoise. Lens: Grey. Woman / Square shape. Fit: Bridge: 20mm, Lens width: 49mm, Lens height: 41mm, Temple: 145mm. Authentic, sold by an authorized retailer.",Ray-Ban,Sunglasses,"Ray-Ban, 2186 (state street), Square",TRUE,Title,Default Title,,,,,RB2186-1292B152,3240000,4050000,,shopify,Woman,Square,false,Acetate,Crystal,20,49,41,145,Dark Grey,Havana On Transparent Brown,Acetate,High Bridge Fit,RB2186-1292B152,https://cdn.shopify.com/s/files/1/1056/5215/8545/files/0RB2186__1292B1__STD__noshad__fr.jpg?v=1785300350
rayban-rb2186-1292b152,,,,,,,,,,,,,,,,,,,,,,,,,,,,,,,,https://cdn.shopify.com/s/files/1/1056/5215/8545/files/0RB2186__1292B1__STD__noshad__qt.jpg?v=1785300354
rayban-rb2186-13224152,"Ray-Ban 2186 (state street) — Evolution, Plastic Black","Frame: Plastic Black. Lens: GrdGry. Woman / Square shape. Fit: Bridge: 20mm, Lens width: 49mm, Lens height: 41mm, Temple: 145mm. Authentic, sold by an authorized retailer.",Ray-Ban,Sunglasses,"Ray-Ban, 2186 (state street), Square",TRUE,Title,Default Title,,,,,RB2186-13224152,2904000,3630000,,shopify,Woman,Square,false,Acetate,Crystal,20,49,41,145,Dark Grey,Havana On Transparent Brown,Acetate,High Bridge Fit,RB2186-13224152,https://cdn.shopify.com/s/files/1/1056/5215/8545/files/0RB2186__132241__STD__noshad__fr.jpg?v=1785300357
rayban-rb2186-13224152,,,,,,,,,,,,,,,,,,,,,,,,,,,,,,,,https://cdn.shopify.com/s/files/1/1056/5215/8545/files/0RB2186__132241__STD__noshad__qt.jpg?v=1785300360
rayban-rb2186-13697149,"Ray-Ban 2186 (state street) — Evolution, Plastic TranspGry","Frame: Plastic TranspGry. Lens: GryGrd. Woman / Square shape. Fit: Bridge: 20mm, Lens width: 49mm, Lens height: 41mm, Temple: 145mm. Authentic, sold by an authorized retailer.",Ray-Ban,Sunglasses,"Ray-Ban, 2186 (state street), Square",TRUE,Title,Default Title,,,,,RB2186-13697149,3424000,4280000,,shopify,Woman,Square,false,Acetate,Crystal,20,49,41,145,Dark Grey,Havana On Transparent Brown,Acetate,High Bridge Fit,RB2186-13697149,https://cdn.shopify.com/s/files/1/1056/5215/8545/files/0RB2186__136971__P21__noshad__fr.jpg?v=1785300364
rayban-rb2186-13697149,,,,,,,,,,,,,,,,,,,,,,,,,,,,,,,,https://cdn.shopify.com/s/files/1/1056/5215/8545/files/0RB2186__136971__P21__noshad__qt.jpg?v=1785300367
rayban-rb2186-14035152,"Ray-Ban 2186 (state street) — Evolution, Plastic StripBrw","Frame: Plastic StripBrw. Lens: ClrGrdBrw. Woman / Square shape. Fit: Bridge: 20mm, Lens width: 49mm, Lens height: 41mm, Temple: 145mm. Authentic, sold by an authorized retailer.",Ray-Ban,Sunglasses,"Ray-Ban, 2186 (state street), Square",TRUE,Title,Default Title,,,,,RB2186-14035152,3424000,4280000,,shopify,Woman,Square,false,Acetate,Crystal,20,49,41,145,Dark Grey,Havana On Transparent Brown,Acetate,High Bridge Fit,RB2186-14035152,https://cdn.shopify.com/s/files/1/1056/5215/8545/files/0RB2186__140351__P21__noshad__fr.jpg?v=1785300370
rayban-rb2186-14035152,,,,,,,,,,,,,,,,,,,,,,,,,,,,,,,,https://cdn.shopify.com/s/files/1/1056/5215/8545/files/0RB2186__140351__P21__noshad__qt.jpg?v=1785300374
rayban-rb2186-14043f49,"Ray-Ban 2186 (state street) — Evolution, Plastic StripGry","Frame: Plastic StripGry. Lens: ClrGrdBlue. Woman / Square shape. Fit: Bridge: 20mm, Lens width: 49mm, Lens height: 41mm, Temple: 145mm. Authentic, sold by an authorized retailer.",Ray-Ban,Sunglasses,"Ray-Ban, 2186 (state street), Square",TRUE,Title,Default Title,,,,,RB2186-14043F49,2928000,3660000,,shopify,Woman,Square,false,Acetate,Crystal,20,49,41,145,Dark Grey,Havana On Transparent Brown,Acetate,High Bridge Fit,RB2186-14043F49,https://cdn.shopify.com/s/files/1/1056/5215/8545/files/0RB2186__14043F__P21__noshad__fr.jpg?v=1785300377
rayban-rb2186-14043f49,,,,,,,,,,,,,,,,,,,,,,,,,,,,,,,,https://cdn.shopify.com/s/files/1/1056/5215/8545/files/0RB2186__14043F__P21__noshad__qt.jpg?v=1785300380
rayban-rb2186-14057152,"Ray-Ban 2186 (state street) — Evolution, Plastic StripGrn","Frame: Plastic StripGrn. Lens: GryGrd. Woman / Square shape. Fit: Bridge: 20mm, Lens width: 49mm, Lens height: 41mm, Temple: 145mm. Authentic, sold by an authorized retailer.",Ray-Ban,Sunglasses,"Ray-Ban, 2186 (state street), Square",TRUE,Title,Default Title,,,,,RB2186-14057152,2928000,3660000,,shopify,Woman,Square,false,Acetate,Crystal,20,49,41,145,Dark Grey,Havana On Transparent Brown,Acetate,High Bridge Fit,RB2186-14057152,https://cdn.shopify.com/s/files/1/1056/5215/8545/files/0RB2186__140571__P21__noshad__fr.jpg?v=1785300383
rayban-rb2186-14057152,,,,,,,,,,,,,,,,,,,,,,,,,,,,,,,,https://cdn.shopify.com/s/files/1/1056/5215/8545/files/0RB2186__140571__P21__noshad__qt.jpg?v=1785300387
rayban-rb2186-68278549,"Ray-Ban 2186 (state street) — Evolution, Plastic TranspL.Brown","Frame: Plastic TranspL.Brown. Lens: GrdBrw. Woman / Square shape. Fit: Bridge: 20mm, Lens width: 49mm, Lens height: 41mm, Temple: 145mm. Authentic, sold by an authorized retailer.",Ray-Ban,Sunglasses,"Ray-Ban, 2186 (state street), Square",TRUE,Title,Default Title,,,,,RB2186-68278549,3424000,4280000,,shopify,Woman,Square,false,Acetate,Crystal,20,49,41,145,Dark Grey,Havana On Transparent Brown,Acetate,High Bridge Fit,RB2186-68278549,https://cdn.shopify.com/s/files/1/1056/5215/8545/files/0RB2186__682785__P21__noshad__fr.jpg?v=1785300390
rayban-rb2186-68278549,,,,,,,,,,,,,,,,,,,,,,,,,,,,,,,,https://cdn.shopify.com/s/files/1/1056/5215/8545/files/0RB2186__682785__P21__noshad__qt.jpg?v=1785300393
rayban-rb2186-9013149,"Ray-Ban 2186 (state street) — Evolution, Plastic Black","Frame: Plastic Black. Lens: G15Grn. Woman / Square shape. Fit: Bridge: 20mm, Lens width: 49mm, Lens height: 41mm, Temple: 145mm. Authentic, sold by an authorized retailer.",Ray-Ban,Sunglasses,"Ray-Ban, 2186 (state street), Square",TRUE,Title,Default Title,,,,,RB2186-9013149,3240000,4050000,,shopify,Woman,Square,false,Acetate,Crystal,20,49,41,145,Dark Grey,Havana On Transparent Brown,Acetate,High Bridge Fit,RB2186-9013149 ,https://cdn.shopify.com/s/files/1/1056/5215/8545/files/0RB2186__901_31__STD__noshad__fr.jpg?v=1785300395
rayban-rb2186-9013149,,,,,,,,,,,,,,,,,,,,,,,,,,,,,,,,https://cdn.shopify.com/s/files/1/1056/5215/8545/files/0RB2186__901_31__STD__noshad__qt.jpg?v=1785300399
rayban-rb2186-9013152,"Ray-Ban 2186 (state street) — Evolution, Plastic Black","Frame: Plastic Black. Lens: G15Grn. Woman / Square shape. Fit: Bridge: 20mm, Lens width: 49mm, Lens height: 41mm, Temple: 145mm. Authentic, sold by an authorized retailer.",Ray-Ban,Sunglasses,"Ray-Ban, 2186 (state street), Square",TRUE,Title,Default Title,,,,,RB2186-9013152,3240000,4050000,,shopify,Woman,Square,false,Acetate,Crystal,20,49,41,145,Dark Grey,Havana On Transparent Brown,Acetate,High Bridge Fit,RB2186-9013152 ,https://cdn.shopify.com/s/files/1/1056/5215/8545/files/0RB2186__901_31__STD__noshad__fr.jpg?v=1785300395
rayban-rb2186-9013152,,,,,,,,,,,,,,,,,,,,,,,,,,,,,,,,https://cdn.shopify.com/s/files/1/1056/5215/8545/files/0RB2186__901_31__STD__noshad__qt.jpg?v=1785300399
rayban-rb2186-9013f49,"Ray-Ban 2186 (state street) — Evolution, Plastic Black","Frame: Plastic Black. Lens: ClrGrdBlue. Woman / Square shape. Fit: Bridge: 20mm, Lens width: 49mm, Lens height: 41mm, Temple: 145mm. Authentic, sold by an authorized retailer.",Ray-Ban,Sunglasses,"Ray-Ban, 2186 (state street), Square",TRUE,Title,Default Title,,,,,RB2186-9013F49,2928000,3660000,,shopify,Woman,Square,false,Acetate,Crystal,20,49,41,145,Dark Grey,Havana On Transparent Brown,Acetate,High Bridge Fit,RB2186-9013F49,https://cdn.shopify.com/s/files/1/1056/5215/8545/files/0RB2186__901_3F__STD__noshad__fr.jpg?v=1785300402
rayban-rb2186-9013f49,,,,,,,,,,,,,,,,,,,,,,,,,,,,,,,,https://cdn.shopify.com/s/files/1/1056/5215/8545/files/0RB2186__901_3F__STD__noshad__qt.jpg?v=1785300405
rayban-rb2195f-9013153,Ray-Ban 2195 (Thalia) — Plastic Black,"Frame: Plastic Black. Lens: Green. Authentic, sold by an authorized retailer.",Ray-Ban,Sunglasses,"Ray-Ban, 2195 (Thalia)",TRUE,Title,Default Title,,,,,RB2195F-9013153,2552000,3190000,,shopify,,,false,,,,,,,,,,,RB2195F-9013153,https://cdn.shopify.com/s/files/1/1056/5215/8545/files/0RB2195F__901_31__STD__noshad__fr.jpg?v=1785300408
rayban-rb2195f-9013153,,,,,,,,,,,,,,,,,,,,,,,,,,,,,,,,https://cdn.shopify.com/s/files/1/1056/5215/8545/files/0RB2195F__901_31__STD__noshad__qt.jpg?v=1785300411
rayban-rb2203f-9013255,Ray-Ban 2203 — Plastic Black,"Frame: Plastic Black. Lens: ClrGrdGry. Authentic, sold by an authorized retailer.",Ray-Ban,Sunglasses,"Ray-Ban, 2203",TRUE,Title,Default Title,,,,,RB2203F-9013255,2640000,3300000,,shopify,,,false,,,,,,,,,,,RB2203F-9013255 ,https://cdn.shopify.com/s/files/1/1056/5215/8545/files/0RB2203F__901_32__P21__noshad__fr.jpg?v=1785300414
rayban-rb2203f-9013255,,,,,,,,,,,,,,,,,,,,,,,,,,,,,,,,https://cdn.shopify.com/s/files/1/1056/5215/8545/files/0RB2203F__901_32__P21__noshad__qt.jpg?v=1785300417
rayban-rb2204f-9013254,Ray-Ban 2204 — Plastic Black,"Frame: Plastic Black. Lens: ClrGrdGry. Authentic, sold by an authorized retailer.",Ray-Ban,Sunglasses,"Ray-Ban, 2204",TRUE,Title,Default Title,,,,,RB2204F-9013254,2640000,3300000,,shopify,,,false,,,,,,,,,,,RB2204F-9013254 ,https://cdn.shopify.com/s/files/1/1056/5215/8545/files/0RB2204F__901_32__P21__noshad__fr.jpg?v=1785300420
rayban-rb2204f-9013254,,,,,,,,,,,,,,,,,,,,,,,,,,,,,,,,https://cdn.shopify.com/s/files/1/1056/5215/8545/files/0RB2204F__901_32__P21__noshad__qt.jpg?v=1785300423
rayban-rb2205-1376m360,"Ray-Ban 2205 (Bill One) — Acetate, Plastic HvnOnTranspGrn","Frame: Plastic HvnOnTranspGrn. Lens: GryGrdPol.. Unisex / Irregular shape. Fit: Bridge: 16mm, Lens width: 57mm, Lens height: 46mm, Temple: 145mm. Authentic, sold by an authorized retailer.",Ray-Ban,Sunglasses,"Ray-Ban, 2205 (Bill One), Irregular",TRUE,Title,Default Title,,,,,RB2205-1376M360,3792000,4740000,,shopify,Unisex,Irregular,true,Acetate,Crystal,16,57,46,145,Brown Polarized,Havana On Transparent Brown,Acetate,High Bridge Fit,RB2205-1376M360 ,https://cdn.shopify.com/s/files/1/1056/5215/8545/files/0RB2205__1376M3__P21__noshad__fr.jpg?v=1785300426
rayban-rb2205-1376m360,,,,,,,,,,,,,,,,,,,,,,,,,,,,,,,,https://cdn.shopify.com/s/files/1/1056/5215/8545/files/0RB2205__1376M3__P21__noshad__qt.jpg?v=1785300430
rayban-rb2205-1396b160,"Ray-Ban 2205 (Bill One) — Acetate, Metal Dark GryOnTransp.Grey","Frame: Metal Dark GryOnTransp.Grey. Lens: Dark Grey. Unisex / Irregular shape. Fit: Bridge: 16mm, Lens width: 57mm, Lens height: 46mm, Temple: 145mm. Authentic, sold by an authorized retailer.",Ray-Ban,Sunglasses,"Ray-Ban, 2205 (Bill One), Irregular",TRUE,Title,Default Title,,,,,RB2205-1396B160,2776000,3470000,,shopify,Unisex,Irregular,true,Acetate,Crystal,16,57,46,145,Brown Polarized,Havana On Transparent Brown,Acetate,High Bridge Fit,RB2205-1396B160 ,https://cdn.shopify.com/s/files/1/1056/5215/8545/files/0RB2205__1396B1__P21__noshad__fr.jpg?v=1785300433
rayban-rb2205-1396b160,,,,,,,,,,,,,,,,,,,,,,,,,,,,,,,,https://cdn.shopify.com/s/files/1/1056/5215/8545/files/0RB2205__1396B1__P21__noshad__qt.jpg?v=1785300436
rayban-rb2206d-139987,"Ray-Ban 2206 — Acetate, Plastic TranspGry","Frame: Plastic TranspGry. Lens: Dark Gry57. Unisex / Square shape. Fit: Bridge: 18mm, Lens width: 57mm, Lens height: 51mm, Temple: 145mm. Authentic, sold by an authorized retailer.",Ray-Ban,Sunglasses,"Ray-Ban, 2206, Square",TRUE,Title,Default Title,,,,,RB2206D-139987,2592000,3240000,,shopify,Unisex,Square,false,Acetate,Polyamide,18,57,51,145,Dark Grey,Transparent Grey,Acetate,Low Bridge Fit,RB2206D-139987,https://cdn.shopify.com/s/files/1/1056/5215/8545/files/0RB2206D__139987__P21__noshad__fr.jpg?v=1785300439
rayban-rb2206d-139987,,,,,,,,,,,,,,,,,,,,,,,,,,,,,,,,https://cdn.shopify.com/s/files/1/1056/5215/8545/files/0RB2206D__139987__P21__noshad__qt.jpg?v=1785300442
rayban-rb2206d-64478g,"Ray-Ban 2206 — Acetate, Plastic Transparent.","Frame: Plastic Transparent.. Lens: GryGrdBlue57. Unisex / Square shape. Fit: Bridge: 18mm, Lens width: 57mm, Lens height: 51mm, Temple: 145mm. Authentic, sold by an authorized retailer.",Ray-Ban,Sunglasses,"Ray-Ban, 2206, Square",TRUE,Title,Default Title,,,,,RB2206D-64478G,2760000,3450000,,shopify,Unisex,Square,false,Acetate,Polyamide,18,57,51,145,Grey & Blue,Transparent,Acetate,Low Bridge Fit,RB2206D-64478G,https://cdn.shopify.com/s/files/1/1056/5215/8545/files/0RB2206D__64478G__P21__noshad__fr.jpg?v=1785300445
rayban-rb2206d-64478g,,,,,,,,,,,,,,,,,,,,,,,,,,,,,,,,https://cdn.shopify.com/s/files/1/1056/5215/8545/files/0RB2206D__64478G__P21__noshad__qt.jpg?v=1785300449
rayban-rb2206d-9017257,"Ray-Ban 2206 — Acetate, Plastic Black","Frame: Plastic Black. Lens: Light Blue. Unisex / Square shape. Fit: Bridge: 18mm, Lens width: 57mm, Lens height: 51mm, Temple: 145mm. Authentic, sold by an authorized retailer.",Ray-Ban,Sunglasses,"Ray-Ban, 2206, Square",TRUE,Title,Default Title,,,,,RB2206D-9017257,2592000,3240000,,shopify,Unisex,Square,false,Acetate,Polyamide,18,57,51,145,Dark Grey,Transparent Grey,Acetate,Low Bridge Fit,RB2206D-9017257,https://cdn.shopify.com/s/files/1/1056/5215/8545/files/0RB2206D__901_72__P21__noshad__fr.jpg?v=1785300452
rayban-rb2206d-9017257,,,,,,,,,,,,,,,,,,,,,,,,,,,,,,,,https://cdn.shopify.com/s/files/1/1056/5215/8545/files/0RB2206D__901_72__P21__noshad__qt.jpg?v=1785300455
rayban-rb2206d-9018757,"Ray-Ban 2206 — Acetate, Plastic Black","Frame: Plastic Black. Lens: Dark Grey. Unisex / Square shape. Fit: Bridge: 18mm, Lens width: 57mm, Lens height: 51mm, Temple: 145mm. Authentic, sold by an authorized retailer.",Ray-Ban,Sunglasses,"Ray-Ban, 2206, Square",TRUE,Title,Default Title,,,,,RB2206D-9018757,2592000,3240000,,shopify,Unisex,Square,false,Acetate,Polyamide,18,57,51,145,Dark Grey,Transparent Grey,Acetate,Low Bridge Fit,RB2206D-9018757,https://cdn.shopify.com/s/files/1/1056/5215/8545/files/0RB2206D__901_87__P21__noshad__fr.jpg?v=1785300458
rayban-rb2206d-9018757,,,,,,,,,,,,,,,,,,,,,,,,,,,,,,,,https://cdn.shopify.com/s/files/1/1056/5215/8545/files/0RB2206D__901_87__P21__noshad__qt.jpg?v=1785300462
rayban-rb2210f-6615b1,"Ray-Ban 2210 — Acetate, Plastic TransGrn","Frame: Plastic TransGrn. Lens: Dark Gry53. Unisex / Square shape. Fit: Bridge: 21mm, Lens width: 53mm, Lens height: 47mm, Temple: 145mm. Authentic, sold by an authorized retailer.",Ray-Ban,Sunglasses,"Ray-Ban, 2210, Square",TRUE,Title,Default Title,,,,,RB2210F-6615B1,2312000,2890000,,shopify,Unisex,Square,false,Acetate,Crystal,21,53,47,145,Green,Transparent Light Brown,Propionate,Low Bridge Fit,RB2210F-6615B1,https://cdn.shopify.com/s/files/1/1056/5215/8545/files/0RB2210F__6615B1__P21__noshad__fr.jpg?v=1785300465
rayban-rb2210f-6615b1,,,,,,,,,,,,,,,,,,,,,,,,,,,,,,,,https://cdn.shopify.com/s/files/1/1056/5215/8545/files/0RB2210F__6615B1__P21__noshad__qt.jpg?v=1785300468
rayban-rb2212-14043f56,"Ray-Ban 2212-Beate — Acetate, Plastic StripedGry","Frame: Plastic StripedGry. Lens: ClrGrdBlue. Unisex / Pillow shape. Fit: Bridge: 20mm, Lens width: 56mm, Lens height: 40mm, Temple: 130mm. Authentic, sold by an authorized retailer.",Ray-Ban,Sunglasses,"Ray-Ban, 2212-Beate, Pillow",TRUE,Title,Default Title,,,,,RB2212-14043F56,2664000,3330000,,shopify,Unisex,Pillow,false,Propionate,Crystal,20,56,40,130,Green,Striped Havana,Propionate,High Bridge Fit,RB2212-14043F56,https://cdn.shopify.com/s/files/1/1056/5215/8545/files/0RB2212__14043F__P21__noshad__fr.jpg?v=1785300471
rayban-rb2212-14043f56,,,,,,,,,,,,,,,,,,,,,,,,,,,,,,,,https://cdn.shopify.com/s/files/1/1056/5215/8545/files/0RB2212__14043F__P21__noshad__qt.jpg?v=1785300474
rayban-rb2241f-133371,"Ray-Ban 2241-Wayfarer Way — Wayfarer Family, Plastic GryHavana","Frame: Plastic GryHavana. Lens: GryGrd54. Unisex / Round shape. Fit: Bridge: 21mm, Lens width: 54mm, Lens height: 47mm, Temple: 150mm. Authentic, sold by an authorized retailer.",Ray-Ban,Sunglasses,"Ray-Ban, 2241-Wayfarer Way, Round",TRUE,Title,Default Title,,,,,RB2241F-133371,2632000,3290000,,shopify,Unisex,Round,true,Acetate,Crystal,21,54,47,150,Green Polarized,Striped Havana,Propionate,Low Bridge Fit,RB2241F-133371,https://cdn.shopify.com/s/files/1/1056/5215/8545/files/0RB2241F__133371__P21__noshad__fr.jpg?v=1785300477
rayban-rb2241f-133371,,,,,,,,,,,,,,,,,,,,,,,,,,,,,,,,https://cdn.shopify.com/s/files/1/1056/5215/8545/files/0RB2241F__133371__P21__noshad__qt.jpg?v=1785300480
rayban-rb2241f-9013154,"Ray-Ban 2241-Wayfarer Way — Wayfarer Family, Plastic Black","Frame: Plastic Black. Lens: Green. Unisex / Round shape. Fit: Bridge: 21mm, Lens width: 54mm, Lens height: 47mm, Temple: 150mm. Authentic, sold by an authorized retailer.",Ray-Ban,Sunglasses,"Ray-Ban, 2241-Wayfarer Way, Round",TRUE,Title,Default Title,,,,,RB2241F-9013154,2776000,3470000,,shopify,Unisex,Round,true,Acetate,Crystal,21,54,47,150,Green Polarized,Striped Havana,Propionate,Low Bridge Fit,RB2241F-9013154,https://cdn.shopify.com/s/files/1/1056/5215/8545/files/0RB2241F__901_31__P21__noshad__fr.jpg?v=1785300483
rayban-rb2241f-9013154,,,,,,,,,,,,,,,,,,,,,,,,,,,,,,,,https://cdn.shopify.com/s/files/1/1056/5215/8545/files/0RB2241F__901_31__P21__noshad__qt.jpg?v=1785300488
rayban-rb2241f-902b154,"Ray-Ban 2241-Wayfarer Way — Wayfarer Family, Plastic Havana","Frame: Plastic Havana. Lens: Dark Grey. Unisex / Round shape. Fit: Bridge: 21mm, Lens width: 54mm, Lens height: 47mm, Temple: 150mm. Authentic, sold by an authorized retailer.",Ray-Ban,Sunglasses,"Ray-Ban, 2241-Wayfarer Way, Round",TRUE,Title,Default Title,,,,,RB2241F-902B154,2776000,3470000,,shopify,Unisex,Round,true,Acetate,Crystal,21,54,47,150,Green Polarized,Striped Havana,Propionate,Low Bridge Fit,RB2241F-902B154,https://cdn.shopify.com/s/files/1/1056/5215/8545/files/0RB2241F__902_B1__P21__noshad__fr.jpg?v=1785300492
rayban-rb2241f-902b154,,,,,,,,,,,,,,,,,,,,,,,,,,,,,,,,https://cdn.shopify.com/s/files/1/1056/5215/8545/files/0RB2241F__902_B1__P21__noshad__qt.jpg?v=1785300495
rayban-rb2242f-138331,"Ray-Ban 2242-W.Farer Oval — Wayfarer Family, Change-Plastic PhotoWavesGry","Frame: Change-Plastic PhotoWavesGry. Lens: Grn53. Unisex / Oval shape. Fit: Bridge: 22mm, Lens width: 53mm, Lens height: 38mm, Temple: 150mm. Authentic, sold by an authorized retailer.",Ray-Ban,Sunglasses,"Ray-Ban, 2242-W.Farer Oval, Oval",TRUE,Title,Default Title,,,,,RB2242F-138331,3120000,3900000,,shopify,Unisex,Oval,false,Acetate,Crystal,22,53,38,150,Green,Photo Waves Grey,Propionate,Low Bridge Fit,RB2242F-138331,https://cdn.shopify.com/s/files/1/1056/5215/8545/files/0RB2242F__138331__P21__noshad__fr.jpg?v=1785300498
rayban-rb2242f-138331,,,,,,,,,,,,,,,,,,,,,,,,,,,,,,,,https://cdn.shopify.com/s/files/1/1056/5215/8545/files/0RB2242F__138331__P21__noshad__qt.jpg?v=1785300501
rayban-rb2242f-1383gg,"Ray-Ban 2242-W.Farer Oval — Wayfarer Family, Change-Plastic PhotoWavesGry","Frame: Change-Plastic PhotoWavesGry. Lens: Transitions 8 Sapp53. Unisex / Oval shape. Fit: Bridge: 22mm, Lens width: 53mm, Lens height: 38mm, Temple: 150mm. Authentic, sold by an authorized retailer.",Ray-Ban,Sunglasses,"Ray-Ban, 2242-W.Farer Oval, Oval",TRUE,Title,Default Title,,,,,RB2242F-1383GG,4640000,5800000,,shopify,Unisex,Oval,false,Acetate,Crystal,22,53,38,150,Clear/Blue,Photo Waves Grey,Propionate,Low Bridge Fit,RB2242F-1383GG,https://cdn.shopify.com/s/files/1/1056/5215/8545/files/0RB2242F__1383GG__P21__noshad__fr.jpg?v=1785300504
rayban-rb2242f-1383gg,,,,,,,,,,,,,,,,,,,,,,,,,,,,,,,,https://cdn.shopify.com/s/files/1/1056/5215/8545/files/0RB2242F__1383GG__P21__noshad__qt.jpg?v=1785300508
rayban-rb2242f-138432,"Ray-Ban 2242-W.Farer Oval — Wayfarer Family, Change-Plastic PhotoWavesPu","Frame: Change-Plastic PhotoWavesPu. Lens: ClrGrdGry53. Unisex / Oval shape. Fit: Bridge: 22mm, Lens width: 53mm, Lens height: 38mm, Temple: 150mm. Authentic, sold by an authorized retailer.",Ray-Ban,Sunglasses,"Ray-Ban, 2242-W.Farer Oval, Oval",TRUE,Title,Default Title,,,,,RB2242F-138432,3272000,4090000,,shopify,Unisex,Oval,false,Acetate,Crystal,22,53,38,150,Clear Grey,Photo Waves Purple,Propionate,Low Bridge Fit,RB2242F-138432,https://cdn.shopify.com/s/files/1/1056/5215/8545/files/0RB2242F__138432__P21__noshad__fr.jpg?v=1785300511
rayban-rb2242f-138432,,,,,,,,,,,,,,,,,,,,,,,,,,,,,,,,https://cdn.shopify.com/s/files/1/1056/5215/8545/files/0RB2242F__138432__P21__noshad__qt.jpg?v=1785300514
rayban-rb2398f-13553f,Ray-Ban 2398 (Eagleeye) — Plastic GryOnTrans,"Frame: Plastic GryOnTrans. Lens: ClrGrdBlue53. Authentic, sold by an authorized retailer.",Ray-Ban,Sunglasses,"Ray-Ban, 2398 (Eagleeye)",TRUE,Title,Default Title,,,,,RB2398F-13553F,2640000,3300000,,shopify,,,false,,,,,,,,,,,RB2398F-13553F,https://cdn.shopify.com/s/files/1/1056/5215/8545/files/0RB2398F__13553F__P21__noshad__fr.jpg?v=1785300517
rayban-rb2398f-13553f,,,,,,,,,,,,,,,,,,,,,,,,,,,,,,,,https://cdn.shopify.com/s/files/1/1056/5215/8545/files/0RB2398F__13553F__P21__noshad__qt.jpg?v=1785300520
rayban-rb2398f-1376bh,Ray-Ban 2398 (Eagleeye) — Plastic HvnOnTransp.Green,"Frame: Plastic HvnOnTransp.Green. Lens: GrnVintage53. Authentic, sold by an authorized retailer.",Ray-Ban,Sunglasses,"Ray-Ban, 2398 (Eagleeye)",TRUE,Title,Default Title,,,,,RB2398F-1376BH,2640000,3300000,,shopify,,,false,,,,,,,,,,,RB2398F-1376BH,https://cdn.shopify.com/s/files/1/1056/5215/8545/files/0RB2398F__1376BH__P21__noshad__fr.jpg?v=1785300524
rayban-rb2398f-1376bh,,,,,,,,,,,,,,,,,,,,,,,,,,,,,,,,https://cdn.shopify.com/s/files/1/1056/5215/8545/files/0RB2398F__1376BH__P21__noshad__qt.jpg?v=1785300527
rayban-rb2447-11607o49,Ray-Ban 2447 (Round Fleck) — Metal Tortoise-Matte Gold,"Frame: Metal Tortoise-Matte Gold. Lens: GradBrwRoseMirr. Authentic, sold by an authorized retailer.",Ray-Ban,Sunglasses,"Ray-Ban, 2447 (Round Fleck)",TRUE,Title,Default Title,,,,,RB2447-11607O49,3190000,,,shopify,,,false,,,,,,,,,,,RB2447-11607O49,https://cdn.shopify.com/s/files/1/1056/5215/8545/files/0RB2447__11607O_000A.jpg?v=1785300549
rayban-rb2447-11607o49,,,,,,,,,,,,,,,,,,,,,,,,,,,,,,,,https://cdn.shopify.com/s/files/1/1056/5215/8545/files/0RB2447__11607O_030A.jpg?v=1785300552
rayban-rb2447f-1157-52,Ray-Ban 2447 (Round Fleck) — Metal Tortoise-Matte Black,"Frame: Metal Tortoise-Matte Black. Lens: Green. Authentic, sold by an authorized retailer.",Ray-Ban,Sunglasses,"Ray-Ban, 2447 (Round Fleck)",TRUE,Title,Default Title,,,,,RB2447F-1157-52,2790000,,,shopify,,,false,,,,,,,,,,,RB2447F-1157-52,https://cdn.shopify.com/s/files/1/1056/5215/8545/files/0RB2447F__1157_000A.jpg?v=1785300537
rayban-rb2447f-1157-52,,,,,,,,,,,,,,,,,,,,,,,,,,,,,,,,https://cdn.shopify.com/s/files/1/1056/5215/8545/files/0RB2447F__1157_030A.jpg?v=1785300540
rayban-rb2447f-11579u,Ray-Ban 2447 (Round Fleck) — sp3-Tortoise,"Frame: sp3-Tortoise. Lens: SilvGrdFlash52, 15. Authentic, sold by an authorized retailer.",Ray-Ban,Sunglasses,"Ray-Ban, 2447 (Round Fleck)",TRUE,Title,Default Title,,,,,RB2447F-11579U,3190000,,,shopify,,,false,,,,,,,,,,,RB2447F-11579U,https://cdn.shopify.com/s/files/1/1056/5215/8545/files/0RB2447F__11579U_000A.jpg?v=1785300530
rayban-rb2447f-11579u,,,,,,,,,,,,,,,,,,,,,,,,,,,,,,,,https://cdn.shopify.com/s/files/1/1056/5215/8545/files/0RB2447F__11579U_030A.jpg?v=1785300533
rayban-rb2447f-11607o,Ray-Ban 2447 (Round Fleck) — *mp3-TortShellGld,"Frame: *mp3-TortShellGld. Lens: Cop 52, 20. Authentic, sold by an authorized retailer.",Ray-Ban,Sunglasses,"Ray-Ban, 2447 (Round Fleck)",TRUE,Title,Default Title,,,,,RB2447F-11607O,3190000,,,shopify,,,false,,,,,,,,,,,RB2447F-11607O | RBN2447F-11607O,https://cdn.shopify.com/s/files/1/1056/5215/8545/files/0RB2447__11607O_000A.jpg?v=1785300549
rayban-rb2447f-11607o,,,,,,,,,,,,,,,,,,,,,,,,,,,,,,,,https://cdn.shopify.com/s/files/1/1056/5215/8545/files/0RB2447__11607O_030A.jpg?v=1785300552
rayban-rb2447nf-62569u,Ray-Ban 2447 (Round Fleck) — sp4s,"Frame: sp4s. Lens: 5s-Brown-Brz. Authentic, sold by an authorized retailer.",Ray-Ban,Sunglasses,"Ray-Ban, 2447 (Round Fleck)",TRUE,Title,Default Title,,,,,RB2447NF-62569U,3390000,,,shopify,,,false,,,,,,,,,,,RB2447NF-62569U,https://cdn.shopify.com/s/files/1/1056/5215/8545/files/0RB2447NF__62569U_000A.jpg?v=1785300543
rayban-rb2447nf-62569u,,,,,,,,,,,,,,,,,,,,,,,,,,,,,,,,https://cdn.shopify.com/s/files/1/1056/5215/8545/files/0RB2447NF__62569U_030A.jpg?v=1785300546
rayban-rb2447-11607o,Ray-Ban 2447 (Round Fleck) — Metal Tortoise-Matte Gold,"Frame: Metal Tortoise-Matte Gold. Lens: GradBrwRoseMirr. Authentic, sold by an authorized retailer.",Ray-Ban,Sunglasses,"Ray-Ban, 2447 (Round Fleck), Last Piece",TRUE,Title,Default Title,,,,,RB2447-11607O,3190000,,,shopify,,,false,,,,,,,,,,,RBN2447-11607O | RBL2447-11607O,https://cdn.shopify.com/s/files/1/1056/5215/8545/files/0RB2447__11607O_000A.jpg?v=1785300549
rayban-rb2447-11607o,,,,,,,,,,,,,,,,,,,,,,,,,,,,,,,,https://cdn.shopify.com/s/files/1/1056/5215/8545/files/0RB2447__11607O_030A.jpg?v=1785300552
rayban-rb3016-1367b151,"Ray-Ban 3016 (ClubM) — Legacy, GryOnBlk","Frame: GryOnBlk. Lens: Dark Grey. Unisex / Square shape. Fit: Bridge: 21mm, Lens width: 51mm, Lens height: 44mm, Temple: 145mm. Authentic, sold by an authorized retailer.",Ray-Ban,Sunglasses,"Ray-Ban, 3016 (ClubM), Square",TRUE,Title,Default Title,,,,,RB3016-1367B151,3056000,3820000,,shopify,Unisex,Square,false,Acetate,Crystal,21,51,44,145,Blue Flash,Havana On Gold,Acetate,Adjustable Nosepads,RB3016-1367B151,https://cdn.shopify.com/s/files/1/1056/5215/8545/files/0RB3016__1367B1__P21__noshad__fr.jpg?v=1785300593
rayban-rb3016-1367b151,,,,,,,,,,,,,,,,,,,,,,,,,,,,,,,,https://cdn.shopify.com/s/files/1/1056/5215/8545/files/0RB3016__1367B1__P21__noshad__qt.jpg?v=1785300596
rayban-rb3016-w0366,"Ray-Ban 3016 (ClubM) — Legacy, TortGld","Frame: TortGld. Lens: Grn51. Unisex / Square shape. Fit: Bridge: 21mm, Lens width: 51mm, Lens height: 44mm, Temple: 145mm. Authentic, sold by an authorized retailer.",Ray-Ban,Sunglasses,"Ray-Ban, 3016 (ClubM), Square",TRUE,Title,Default Title,,,,,RB3016-W0366,3056000,3820000,,shopify,Unisex,Square,false,Acetate,Crystal,21,51,44,145,G-15 Green,Tortoise On Gold,Acetate,Adjustable Nosepads,RB3016-W0366,https://cdn.shopify.com/s/files/1/1056/5215/8545/files/0RB3016__W0366__STD__noshad__fr.jpg?v=1785300599
rayban-rb3016-w0366,,,,,,,,,,,,,,,,,,,,,,,,,,,,,,,,https://cdn.shopify.com/s/files/1/1056/5215/8545/files/0RB3016__W0366__STD__noshad__qt.jpg?v=1785300602
rayban-rb3016f-130933,"Ray-Ban 3016 (ClubM) — Clubmaster Family, Plastic Havana","Frame: Plastic Havana. Lens: Brw55. Unisex / Square shape. Fit: Bridge: 19mm, Lens width: 55mm, Lens height: 48mm, Temple: 145mm. Authentic, sold by an authorized retailer.",Ray-Ban,Sunglasses,"Ray-Ban, 3016 (ClubM), Square",TRUE,Title,Default Title,,,,,RB3016F-130933,2392000,2990000,,shopify,Unisex,Square,false,Acetate,Crystal,19,55,48,145,Dark Grey,Black On Black,Acetate,Low Bridge Fit,RB3016F-130933,https://cdn.shopify.com/s/files/1/1056/5215/8545/files/0RB3016F__130933__STD__noshad__fr.jpg?v=1785300555
rayban-rb3016f-130933,,,,,,,,,,,,,,,,,,,,,,,,,,,,,,,,https://cdn.shopify.com/s/files/1/1056/5215/8545/files/0RB3016F__130933__STD__noshad__qt.jpg?v=1785300558
rayban-rb3016f-1365g9,"Ray-Ban 3016 (ClubM) — Clubmaster Family, Plastic BordeauxOnRoseGld","Frame: Plastic BordeauxOnRoseGld. Lens: Polarized Red55. Unisex / Square shape. Fit: Bridge: 19mm, Lens width: 55mm, Lens height: 48mm, Temple: 145mm. Authentic, sold by an authorized retailer.",Ray-Ban,Sunglasses,"Ray-Ban, 3016 (ClubM), Square",TRUE,Title,Default Title,,,,,RB3016F-1365G9,3600000,4500000,,shopify,Unisex,Square,false,Acetate,Crystal,19,55,48,145,Dark Grey,Black On Black,Acetate,Low Bridge Fit,RB3016F-1365G9,https://cdn.shopify.com/s/files/1/1056/5215/8545/files/0RB3016F__1365G9__P21__noshad__fr.jpg?v=1785300561
rayban-rb3016f-1365g9,,,,,,,,,,,,,,,,,,,,,,,,,,,,,,,,https://cdn.shopify.com/s/files/1/1056/5215/8545/files/0RB3016F__1365G9__P21__noshad__qt.jpg?v=1785300565
rayban-rb3016f-1366g6,"Ray-Ban 3016 (ClubM) — Clubmaster Family, Plastic BlueOnSilv","Frame: Plastic BlueOnSilv. Lens: Polarized Dark BluMirr55. Unisex / Square shape. Fit: Bridge: 19mm, Lens width: 55mm, Lens height: 48mm, Temple: 145mm. Authentic, sold by an authorized retailer.",Ray-Ban,Sunglasses,"Ray-Ban, 3016 (ClubM), Square",TRUE,Title,Default Title,,,,,RB3016F-1366G6,3600000,4500000,,shopify,Unisex,Square,false,Acetate,Crystal,19,55,48,145,Dark Grey,Black On Black,Acetate,Low Bridge Fit,RB3016F-1366G6,https://cdn.shopify.com/s/files/1/1056/5215/8545/files/0RB3016F__1366G6__P21__noshad__fr.jpg?v=1785300568
rayban-rb3016f-1366g6,,,,,,,,,,,,,,,,,,,,,,,,,,,,,,,,https://cdn.shopify.com/s/files/1/1056/5215/8545/files/0RB3016F__1366G6__P21__noshad__qt.jpg?v=1785300571
rayban-rb3016f-1367b1,"Ray-Ban 3016 (ClubM) — Clubmaster Family, Plastic GryOnBlk","Frame: Plastic GryOnBlk. Lens: Dark Gry55. Unisex / Square shape. Fit: Bridge: 19mm, Lens width: 55mm, Lens height: 48mm, Temple: 145mm. Authentic, sold by an authorized retailer.",Ray-Ban,Sunglasses,"Ray-Ban, 3016 (ClubM), Square",TRUE,Title,Default Title,,,,,RB3016F-1367B1,2392000,2990000,,shopify,Unisex,Square,false,Acetate,Crystal,19,55,48,145,Dark Grey,Black On Black,Acetate,Low Bridge Fit,RB3016F-1367B1,https://cdn.shopify.com/s/files/1/1056/5215/8545/files/0RB3016F__1367B1__P21__noshad__fr.jpg?v=1785300574
rayban-rb3016f-1367b1,,,,,,,,,,,,,,,,,,,,,,,,,,,,,,,,https://cdn.shopify.com/s/files/1/1056/5215/8545/files/0RB3016F__1367B1__P21__noshad__qt.jpg?v=1785300577
rayban-rb3016f-9015855,"Ray-Ban 3016 (ClubM) — Clubmaster Family, Plastic Black","Frame: Plastic Black. Lens: Green. Unisex / Square shape. Fit: Bridge: 19mm, Lens width: 55mm, Lens height: 48mm, Temple: 145mm. Authentic, sold by an authorized retailer.",Ray-Ban,Sunglasses,"Ray-Ban, 3016 (ClubM), Square",TRUE,Title,Default Title,,,,,RB3016F-9015855,3624000,4530000,,shopify,Unisex,Square,false,Acetate,Crystal,19,55,48,145,Dark Grey,Black On Black,Acetate,Low Bridge Fit,RB3016F-9015855,https://cdn.shopify.com/s/files/1/1056/5215/8545/files/0RB3016F__901_58__STD__noshad__fr.jpg?v=1785300580
rayban-rb3016f-9015855,,,,,,,,,,,,,,,,,,,,,,,,,,,,,,,,https://cdn.shopify.com/s/files/1/1056/5215/8545/files/0RB3016F__901_58__STD__noshad__qt.jpg?v=1785300584
rayban-rb3016f-w0366,"Ray-Ban 3016 (ClubM) — Clubmaster Family, TortGld","Frame: TortGld. Lens: Grn55. Unisex / Square shape. Fit: Bridge: 19mm, Lens width: 55mm, Lens height: 48mm, Temple: 145mm. Authentic, sold by an authorized retailer.",Ray-Ban,Sunglasses,"Ray-Ban, 3016 (ClubM), Square",TRUE,Title,Default Title,,,,,RB3016F-W0366,2776000,3470000,,shopify,Unisex,Square,false,Acetate,Crystal,19,55,48,145,G-15 Green,Tortoise On Gold,Acetate,Low Bridge Fit,RB3016F-W0366,https://cdn.shopify.com/s/files/1/1056/5215/8545/files/0RB3016F__W0366__STD__noshad__fr.jpg?v=1785300587
rayban-rb3016f-w0366,,,,,,,,,,,,,,,,,,,,,,,,,,,,,,,,https://cdn.shopify.com/s/files/1/1056/5215/8545/files/0RB3016F__W0366__STD__noshad__qt.jpg?v=1785300590
rayban-rb3025-001-33,"Ray-Ban 3025 (Aviator) — Legacy, Metal Gold","Frame: Metal Gold. Lens: Brw58. Unisex / Pilot shape. Fit: Bridge: 14mm, Lens width: 62mm, Lens height: 54mm, Temple: 140mm. Authentic, sold by an authorized retailer.",Ray-Ban,Sunglasses,"Ray-Ban, 3025, Pilot",TRUE,Title,Default Title,,,,,RB3025-001_33,2590000,,,shopify,Unisex,Pilot,false,Metal,Crystal,14,62,54,140,B-15 Brown,Arista Gold,Metal,Adjustable Nosepads,RBN3025-001/33 | RB3025-001/33,https://cdn.shopify.com/s/files/1/1056/5215/8545/files/0RB3025__001_33__STD__noshad__fr.jpg?v=1785300611
rayban-rb3025-001-33,,,,,,,,,,,,,,,,,,,,,,,,,,,,,,,,https://cdn.shopify.com/s/files/1/1056/5215/8545/files/0RB3025__001_33__STD__noshad__qt.jpg?v=1785300615
rayban-rb3025-0293055,"Ray-Ban 3025 — Legacy, Matte Gun","Frame: Matte Gun. Lens: GryMirr. Unisex / Pilot shape. Fit: Bridge: 14mm, Lens width: 62mm, Lens height: 54mm, Temple: 140mm. Authentic, sold by an authorized retailer.",Ray-Ban,Sunglasses,"Ray-Ban, 3025, Pilot",TRUE,Title,Default Title,,,,,RB3025-0293055,2770000,,,shopify,Unisex,Pilot,false,Metal,Glass,14,62,54,140,Green Classic G-15,Gold,Metal,Adjustable Nosepads,RBN3025-0293055,https://cdn.shopify.com/s/files/1/1056/5215/8545/files/0RB3025__029_30__STD__noshad__fr.jpg?v=1785300642
rayban-rb3025-0293055,,,,,,,,,,,,,,,,,,,,,,,,,,,,,,,,https://cdn.shopify.com/s/files/1/1056/5215/8545/files/0RB3025__029_30__STD__noshad__qt.jpg?v=1785300645
rayban-rb3025-112-93,"Ray-Ban 3025 (Aviator) — Legacy, Metal Gold","Frame: Metal Gold. Lens: Gold mirr58. Unisex / Pilot shape. Fit: Bridge: 14mm, Lens width: 62mm, Lens height: 54mm, Temple: 140mm. Authentic, sold by an authorized retailer.",Ray-Ban,Sunglasses,"Ray-Ban, 3025, Pilot, Last Piece",TRUE,Title,Default Title,,,,,RB3025-112_93,2960000,,,shopify,Unisex,Pilot,false,Metal,Glass,14,62,54,140,Green Classic G-15,Gold,Metal,Adjustable Nosepads,RBN3025-112/93 | RB3025-112/93 | RBL3025-112/93,https://cdn.shopify.com/s/files/1/1056/5215/8545/files/0RB3025__112_93__STD__noshad__fr.jpg?v=1785300655
rayban-rb3025-112-93,,,,,,,,,,,,,,,,,,,,,,,,,,,,,,,,https://cdn.shopify.com/s/files/1/1056/5215/8545/files/0RB3025__112_93__STD__noshad__qt.jpg?v=1785300658
rayban-rb3025-001-3f,"Ray-Ban 3025 (Aviator) — Legacy, Metal Gold","Frame: Metal Gold. Lens: GradGry58. Unisex / Pilot shape. Fit: Bridge: 14mm, Lens width: 62mm, Lens height: 54mm, Temple: 140mm. Authentic, sold by an authorized retailer.",Ray-Ban,Sunglasses,"Ray-Ban, 3025 (Aviator), Pilot",TRUE,Title,Default Title,,,,,RB3025-001_3F,2700000,,,shopify,Unisex,Pilot,false,Metal,Crystal,14,62,54,140,Light Blue,Arista Gold,Metal,Adjustable Nosepads,RB3025-001/3F,https://cdn.shopify.com/s/files/1/1056/5215/8545/files/0RB3025__001_3F__STD__noshad__fr.jpg?v=1785300618
rayban-rb3025-001-3f,,,,,,,,,,,,,,,,,,,,,,,,,,,,,,,,https://cdn.shopify.com/s/files/1/1056/5215/8545/files/0RB3025__001_3F__STD__noshad__qt.jpg?v=1785300621
rayban-rb3025-0014e58,"Ray-Ban 3025 (Aviator) — Legacy, Metal Gold(Arista Gold)","Frame: Metal Gold(Arista Gold). Lens: Green. Unisex / Pilot shape. Fit: Bridge: 14mm, Lens width: 62mm, Lens height: 54mm, Temple: 140mm. Authentic, sold by an authorized retailer.",Ray-Ban,Sunglasses,"Ray-Ban, 3025 (Aviator), Pilot",TRUE,Title,Default Title,,,,,RB3025-0014E58,3056000,3820000,,shopify,Unisex,Pilot,false,Metal,Glass,14,62,54,140,Green Classic G-15,Gold,Metal,Adjustable Nosepads,RB3025-0014E58,https://cdn.shopify.com/s/files/1/1056/5215/8545/files/0RB3025__001_4E__P21__noshad__fr.jpg?v=1785300624
rayban-rb3025-0014e58,,,,,,,,,,,,,,,,,,,,,,,,,,,,,,,,https://cdn.shopify.com/s/files/1/1056/5215/8545/files/0RB3025__001_4E__P21__noshad__qt.jpg?v=1785300627
rayban-rb3025-0047862,"Ray-Ban 3025 (Aviator) — Legacy, Metal GunMtl","Frame: Metal GunMtl. Lens: BluGrdGryPol.. Unisex / Pilot shape. Fit: Bridge: 14mm, Lens width: 62mm, Lens height: 54mm, Temple: 140mm. Authentic, sold by an authorized retailer.",Ray-Ban,Sunglasses,"Ray-Ban, 3025 (Aviator), Pilot",TRUE,Title,Default Title,,,,,RB3025-0047862,4176000,5220000,,shopify,Unisex,Pilot,false,Metal,Glass,14,62,54,140,Green Classic G-15,Gold,Metal,Adjustable Nosepads,RB3025-0047862 ,https://cdn.shopify.com/s/files/1/1056/5215/8545/files/0RB3025__004_78__STD__noshad__fr.jpg?v=1785300630
rayban-rb3025-0047862,,,,,,,,,,,,,,,,,,,,,,,,,,,,,,,,https://cdn.shopify.com/s/files/1/1056/5215/8545/files/0RB3025__004_78__STD__noshad__qt.jpg?v=1785300633
rayban-rb3025-019z2-55,"Ray-Ban 3025 (Aviator) — Legacy, Matte Silver","Frame: Matte Silver. Lens: BrwMirr. Unisex / Pilot shape. Fit: Bridge: 14mm, Lens width: 62mm, Lens height: 54mm, Temple: 140mm. Authentic, sold by an authorized retailer.",Ray-Ban,Sunglasses,"Ray-Ban, 3025 (Aviator), Pilot",TRUE,Title,Default Title,,,,,RB3025-019Z2-55,2900000,,,shopify,Unisex,Pilot,false,Metal,Glass,14,62,54,140,Green Classic G-15,Gold,Metal,Adjustable Nosepads,RB3025-019Z2-55,https://cdn.shopify.com/s/files/1/1056/5215/8545/files/0RB3025__019_Z2__STD__noshad__fr.jpg?v=1785300636
rayban-rb3025-019z2-55,,,,,,,,,,,,,,,,,,,,,,,,,,,,,,,,https://cdn.shopify.com/s/files/1/1056/5215/8545/files/0RB3025__019_Z2__STD__noshad__qt.jpg?v=1785300639
rayban-rb3025-019z2-58,"Ray-Ban 3025 (Aviator) — Legacy, *mp-Metal Matte Silver","Frame: *mp-Metal Matte Silver. Lens: BrwMirr. Unisex / Pilot shape. Fit: Bridge: 14mm, Lens width: 62mm, Lens height: 54mm, Temple: 140mm. Authentic, sold by an authorized retailer.",Ray-Ban,Sunglasses,"Ray-Ban, 3025 (Aviator), Pilot",TRUE,Title,Default Title,,,,,RB3025-019Z2-58,2900000,,,shopify,Unisex,Pilot,false,Metal,Glass,14,62,54,140,Green Classic G-15,Gold,Metal,Adjustable Nosepads,RB3025-019Z2-58,https://cdn.shopify.com/s/files/1/1056/5215/8545/files/0RB3025__019_Z2__STD__noshad__fr.jpg?v=1785300636
rayban-rb3025-019z2-58,,,,,,,,,,,,,,,,,,,,,,,,,,,,,,,,https://cdn.shopify.com/s/files/1/1056/5215/8545/files/0RB3025__019_Z2__STD__noshad__qt.jpg?v=1785300639
rayban-rb3025-02930-55,"Ray-Ban 3025 (Aviator) — Legacy, Metal Matte Gun","Frame: Metal Matte Gun. Lens: GryMirr. Unisex / Pilot shape. Fit: Bridge: 14mm, Lens width: 62mm, Lens height: 54mm, Temple: 140mm. Authentic, sold by an authorized retailer.",Ray-Ban,Sunglasses,"Ray-Ban, 3025 (Aviator), Pilot",TRUE,Title,Default Title,,,,,RB3025-02930-55,2770000,,,shopify,Unisex,Pilot,false,Metal,Glass,14,62,54,140,Green Classic G-15,Gold,Metal,Adjustable Nosepads,RB3025-02930-55,https://cdn.shopify.com/s/files/1/1056/5215/8545/files/0RB3025__029_30__STD__noshad__fr.jpg?v=1785300642
rayban-rb3025-02930-55,,,,,,,,,,,,,,,,,,,,,,,,,,,,,,,,https://cdn.shopify.com/s/files/1/1056/5215/8545/files/0RB3025__029_30__STD__noshad__qt.jpg?v=1785300645
rayban-rb3025-02930-58,"Ray-Ban 3025 (Aviator) — Legacy, *mp-Matte Gun","Frame: *mp-Matte Gun. Lens: GryMirr. Unisex / Pilot shape. Fit: Bridge: 14mm, Lens width: 62mm, Lens height: 54mm, Temple: 140mm. Authentic, sold by an authorized retailer.",Ray-Ban,Sunglasses,"Ray-Ban, 3025 (Aviator), Pilot",TRUE,Title,Default Title,,,,,RB3025-02930-58,2960000,,,shopify,Unisex,Pilot,false,Metal,Glass,14,62,54,140,Green Classic G-15,Gold,Metal,Adjustable Nosepads,RB3025-02930-58,https://cdn.shopify.com/s/files/1/1056/5215/8545/files/0RB3025__029_30__STD__noshad__fr.jpg?v=1785300642
rayban-rb3025-02930-58,,,,,,,,,,,,,,,,,,,,,,,,,,,,,,,,https://cdn.shopify.com/s/files/1/1056/5215/8545/files/0RB3025__029_30__STD__noshad__qt.jpg?v=1785300645
rayban-rb3025-112-85,"Ray-Ban 3025 (Aviator) — Legacy, Matte Gold","Frame: Matte Gold. Lens: GrdBrw58. Unisex / Pilot shape. Fit: Bridge: 14mm, Lens width: 58mm, Lens height: 50mm, Temple: 135mm. Authentic, sold by an authorized retailer.",Ray-Ban,Sunglasses,"Ray-Ban, 3025 (Aviator), Pilot",TRUE,Title,Default Title,,,,,RB3025-112_85,1950000,2770000,,shopify,Unisex,Pilot,false,Metal,Crystal,14,58,50,135,Brown Gradient,Gold,Metal,Adjustable Nosepads,RB3025-112/85 ,https://cdn.shopify.com/s/files/1/1056/5215/8545/files/0RB3025__112_85__STD__noshad__fr.jpg?v=1785300649
rayban-rb3025-112-85,,,,,,,,,,,,,,,,,,,,,,,,,,,,,,,,https://cdn.shopify.com/s/files/1/1056/5215/8545/files/0RB3025__112_85__STD__noshad__qt.jpg?v=1785300652
rayban-rb3025-11293-55,"Ray-Ban 3025 (Aviator) — Legacy, Matte Gold","Frame: Matte Gold. Lens: BrwMirrGld. Unisex / Pilot shape. Fit: Bridge: 14mm, Lens width: 62mm, Lens height: 54mm, Temple: 140mm. Authentic, sold by an authorized retailer.",Ray-Ban,Sunglasses,"Ray-Ban, 3025 (Aviator), Pilot",TRUE,Title,Default Title,,,,,RB3025-11293-55,1950000,2990000,,shopify,Unisex,Pilot,false,Metal,Glass,14,62,54,140,Green Classic G-15,Gold,Metal,Adjustable Nosepads,RB3025-11293-55,https://cdn.shopify.com/s/files/1/1056/5215/8545/files/0RB3025__112_93__STD__noshad__fr.jpg?v=1785300655
rayban-rb3025-11293-55,,,,,,,,,,,,,,,,,,,,,,,,,,,,,,,,https://cdn.shopify.com/s/files/1/1056/5215/8545/files/0RB3025__112_93__STD__noshad__qt.jpg?v=1785300658
rayban-rb3025-11293-58,"Ray-Ban 3025 (Aviator) — Legacy, *mp-MGld","Frame: *mp-MGld. Lens: BrwMirrGld. Unisex / Pilot shape. Fit: Bridge: 14mm, Lens width: 62mm, Lens height: 54mm, Temple: 140mm. Authentic, sold by an authorized retailer.",Ray-Ban,Sunglasses,"Ray-Ban, 3025 (Aviator), Pilot",TRUE,Title,Default Title,,,,,RB3025-11293-58,1950000,2990000,,shopify,Unisex,Pilot,false,Metal,Glass,14,62,54,140,Green Classic G-15,Gold,Metal,Adjustable Nosepads,RB3025-11293-58,https://cdn.shopify.com/s/files/1/1056/5215/8545/files/0RB3025__112_93__STD__noshad__fr.jpg?v=1785300655
rayban-rb3025-11293-58,,,,,,,,,,,,,,,,,,,,,,,,,,,,,,,,https://cdn.shopify.com/s/files/1/1056/5215/8545/files/0RB3025__112_93__STD__noshad__qt.jpg?v=1785300658
rayban-rb3025-181-58,"Ray-Ban 3025 (Aviator) — Legacy, Metal Gold","Frame: Metal Gold. Lens: Green. Unisex / Pilot shape. Fit: Bridge: 14mm, Lens width: 62mm, Lens height: 54mm, Temple: 140mm. Authentic, sold by an authorized retailer.",Ray-Ban,Sunglasses,"Ray-Ban, 3025 (Aviator), Pilot",TRUE,Title,Default Title,,,,,RB3025-181-58,2650000,,,shopify,Unisex,Pilot,false,Metal,Glass,14,62,54,140,Green Classic G-15,Gold,Metal,Adjustable Nosepads,RB3025-181-58,https://cdn.shopify.com/s/files/1/1056/5215/8545/files/0RB3025__181__STD__noshad__fr.jpg?v=1785300661
rayban-rb3025-181-58,,,,,,,,,,,,,,,,,,,,,,,,,,,,,,,,https://cdn.shopify.com/s/files/1/1056/5215/8545/files/0RB3025__181__STD__noshad__qt.jpg?v=1785300664
rayban-rb3025-18171-62,"Ray-Ban 3025 (Aviator) — Legacy, Metal Gold","Frame: Metal Gold. Lens: Gradgry. Unisex / Pilot shape. Fit: Bridge: 14mm, Lens width: 62mm, Lens height: 54mm, Temple: 140mm. Authentic, sold by an authorized retailer.",Ray-Ban,Sunglasses,"Ray-Ban, 3025 (Aviator), Pilot",TRUE,Title,Default Title,,,,,RB3025-18171-62,2830000,,,shopify,Unisex,Pilot,false,Metal,Glass,14,62,54,140,Green Classic G-15,Gold,Metal,Adjustable Nosepads,RB3025-18171-62,https://cdn.shopify.com/s/files/1/1056/5215/8545/files/0RB3025__181_71__STD__noshad__fr.jpg?v=1785300667
rayban-rb3025-18171-62,,,,,,,,,,,,,,,,,,,,,,,,,,,,,,,,https://cdn.shopify.com/s/files/1/1056/5215/8545/files/0RB3025__181_71__STD__noshad__qt.jpg?v=1785300670
rayban-rb3025-9018c358,"Ray-Ban 3025 (Aviator) — Legacy, BrzCP","Frame: BrzCP. Lens: GrnRainbowFls. Unisex / Pilot shape. Fit: Bridge: 14mm, Lens width: 62mm, Lens height: 54mm, Temple: 140mm. Authentic, sold by an authorized retailer.",Ray-Ban,Sunglasses,"Ray-Ban, 3025 (Aviator), Pilot",TRUE,Title,Default Title,,,,,RB3025-9018C358,2250000,2990000,,shopify,Unisex,Pilot,false,Metal,Glass,14,62,54,140,Green Classic G-15,Gold,Metal,Adjustable Nosepads,RB3025-9018C358,https://cdn.shopify.com/s/files/1/1056/5215/8545/files/0RB3025__9018C3_000A.jpg?v=1785300673
rayban-rb3025-9018c358,,,,,,,,,,,,,,,,,,,,,,,,,,,,,,,,https://cdn.shopify.com/s/files/1/1056/5215/8545/files/0RB3025__9018C3_030A.jpg?v=1785300676
rayban-rb3025-9020c458,"Ray-Ban 3025 (Aviator) — Legacy, MGld","Frame: MGld. Lens: GldRainbowFls. Unisex / Pilot shape. Fit: Bridge: 14mm, Lens width: 62mm, Lens height: 54mm, Temple: 140mm. Authentic, sold by an authorized retailer.",Ray-Ban,Sunglasses,"Ray-Ban, 3025 (Aviator), Pilot",TRUE,Title,Default Title,,,,,RB3025-9020C458,2250000,2990000,,shopify,Unisex,Pilot,false,Metal,Glass,14,62,54,140,Green Classic G-15,Gold,Metal,Adjustable Nosepads,RB3025-9020C458,https://cdn.shopify.com/s/files/1/1056/5215/8545/files/0RB3025__9020C4_000A.jpg?v=1785300679
rayban-rb3025-9020c458,,,,,,,,,,,,,,,,,,,,,,,,,,,,,,,,https://cdn.shopify.com/s/files/1/1056/5215/8545/files/0RB3025__9020C4_030A.jpg?v=1785300682
rayban-rb3025-91903158,"Ray-Ban 3025 (Aviator) — Legacy, Metal SandTransGry","Frame: Metal SandTransGry. Lens: Green. Unisex / Pilot shape. Fit: Bridge: 14mm, Lens width: 62mm, Lens height: 54mm, Temple: 140mm. Authentic, sold by an authorized retailer.",Ray-Ban,Sunglasses,"Ray-Ban, 3025 (Aviator), Pilot",TRUE,Title,Default Title,,,,,RB3025-91903158,3056000,3820000,,shopify,Unisex,Pilot,false,Metal,Glass,14,62,54,140,Green Classic G-15,Gold,Metal,Adjustable Nosepads,RB3025-91903158,https://cdn.shopify.com/s/files/1/1056/5215/8545/files/0RB3025__919031__STD__noshad__fr.jpg?v=1785300685
rayban-rb3025-91903158,,,,,,,,,,,,,,,,,,,,,,,,,,,,,,,,https://cdn.shopify.com/s/files/1/1056/5215/8545/files/0RB3025__919031__STD__noshad__qt.jpg?v=1785300688
rayban-rb3025-91913158,"Ray-Ban 3025 (Aviator) — Legacy, Metal Matte Green","Frame: Metal Matte Green. Lens: Green. Unisex / Pilot shape. Fit: Bridge: 14mm, Lens width: 62mm, Lens height: 54mm, Temple: 140mm. Authentic, sold by an authorized retailer.",Ray-Ban,Sunglasses,"Ray-Ban, 3025 (Aviator), Pilot",TRUE,Title,Default Title,,,,,RB3025-91913158,2552000,3190000,,shopify,Unisex,Pilot,false,Metal,Glass,14,62,54,140,Green Classic G-15,Gold,Metal,Adjustable Nosepads,RB3025-91913158,https://cdn.shopify.com/s/files/1/1056/5215/8545/files/0RB3025__919131__STD__noshad__fr.jpg?v=1785300691
rayban-rb3025-91913158,,,,,,,,,,,,,,,,,,,,,,,,,,,,,,,,https://cdn.shopify.com/s/files/1/1056/5215/8545/files/0RB3025__919131__STD__noshad__qt.jpg?v=1785300694
rayban-rb3025-91964862,"Ray-Ban 3025 (Aviator) — Legacy, Metal legendGld","Frame: Metal legendGld. Lens: Polarized Black. Unisex / Pilot shape. Fit: Bridge: 14mm, Lens width: 62mm, Lens height: 54mm, Temple: 140mm. Authentic, sold by an authorized retailer.",Ray-Ban,Sunglasses,"Ray-Ban, 3025 (Aviator), Pilot",TRUE,Title,Default Title,,,,,RB3025-91964862,3984000,4980000,,shopify,Unisex,Pilot,false,Metal,Glass,14,62,54,140,Green Classic G-15,Gold,Metal,Adjustable Nosepads,RB3025-91964862,https://cdn.shopify.com/s/files/1/1056/5215/8545/files/0RB3025__919648__STD__noshad__fr.jpg?v=1785300697
rayban-rb3025-91964862,,,,,,,,,,,,,,,,,,,,,,,,,,,,,,,,https://cdn.shopify.com/s/files/1/1056/5215/8545/files/0RB3025__919648__STD__noshad__qt.jpg?v=1785300700
rayban-rb3025-w3234,"Ray-Ban 3025 (Aviator) — Legacy, Gold","Frame: Gold. Lens: Grn55. Unisex / Pilot shape. Fit: Bridge: 14mm, Lens width: 62mm, Lens height: 54mm, Temple: 140mm. Authentic, sold by an authorized retailer.",Ray-Ban,Sunglasses,"Ray-Ban, 3025 (Aviator), Pilot",TRUE,Title,Default Title,,,,,RB3025-W3234,2590000,,,shopify,Unisex,Pilot,false,Metal,Glass,14,62,54,140,Green Classic G-15,Gold,Metal,Adjustable Nosepads,RB3025-W3234,https://cdn.shopify.com/s/files/1/1056/5215/8545/files/0RB3025__W3234__STD__noshad__fr.jpg?v=1785300704
rayban-rb3025-w3234,,,,,,,,,,,,,,,,,,,,,,,,,,,,,,,,https://cdn.shopify.com/s/files/1/1056/5215/8545/files/0RB3025__W3234__STD__noshad__qt.jpg?v=1785300706
rayban-rb3025jm-9196bh,Ray-Ban 3025 (Aviator Full Color) — Metal PetroleumOnGld,"Frame: Metal PetroleumOnGld. Lens: GrnGrdBlu58. Authentic, sold by an authorized retailer.",Ray-Ban,Sunglasses,"Ray-Ban, 3025 (Aviator Full Color)",TRUE,Title,Default Title,,,,,RB3025JM-9196BH,3080000,3850000,,shopify,,,false,,,,,,,,,,,RB3025JM-9196BH ,https://cdn.shopify.com/s/files/1/1056/5215/8545/files/0RB3025JM__9196BH__STD__noshad__fr.jpg?v=1785300605
rayban-rb3025jm-9196bh,,,,,,,,,,,,,,,,,,,,,,,,,,,,,,,,https://cdn.shopify.com/s/files/1/1056/5215/8545/files/0RB3025JM__9196BH__STD__noshad__qt.jpg?v=1785300608
rayban-rb3119m-0013162,"Ray-Ban 3119-Olympian Dlx — Wired Metal, Metal Gold","Frame: Metal Gold. Lens: Green. Unisex / Oval shape. Fit: Bridge: 18mm, Lens width: 62mm, Lens height: 39mm, Temple: 125mm. Authentic, sold by an authorized retailer.",Ray-Ban,Sunglasses,"Ray-Ban, 3119-Olympian Dlx, Oval",TRUE,Title,Default Title,,,,,RB3119M-0013162,3240000,4050000,,shopify,Unisex,Oval,false,Metal,Crystal,18,62,39,125,G-15 Green,Arista Gold,Metal,Adjustable Nosepads,RB3119M-0013162,https://cdn.shopify.com/s/files/1/1056/5215/8545/files/0RB3119M__001_31__STD__noshad__fr.jpg?v=1785300710
rayban-rb3119m-0013162,,,,,,,,,,,,,,,,,,,,,,,,,,,,,,,,https://cdn.shopify.com/s/files/1/1056/5215/8545/files/0RB3119M__001_31__STD__noshad__qt.jpg?v=1785300713
rayban-rb3119m-001c562,"Ray-Ban 3119-Olympian Dlx — Wired Metal, Metal Gold","Frame: Metal Gold. Lens: Red. Unisex / Oval shape. Fit: Bridge: 18mm, Lens width: 62mm, Lens height: 39mm, Temple: 125mm. Authentic, sold by an authorized retailer.",Ray-Ban,Sunglasses,"Ray-Ban, 3119-Olympian Dlx, Oval",TRUE,Title,Default Title,,,,,RB3119M-001C562,2760000,3450000,,shopify,Unisex,Oval,false,Metal,Crystal,18,62,39,125,G-15 Green,Arista Gold,Metal,Adjustable Nosepads,RB3119M-001C562,https://cdn.shopify.com/s/files/1/1056/5215/8545/files/0RB3119M__001_C5__P21__noshad__fr.jpg?v=1785300716
rayban-rb3119m-001c562,,,,,,,,,,,,,,,,,,,,,,,,,,,,,,,,https://cdn.shopify.com/s/files/1/1056/5215/8545/files/0RB3119M__001_C5__P21__noshad__qt.jpg?v=1785300719
rayban-rb3138-18171-62,"Ray-Ban 3138 (OutD) — Aviator Family, Metal Gold-Black","Frame: Metal Gold-Black. Lens: GrdGrn. Unisex / Pilot shape. Fit: Bridge: 9mm, Lens width: 58mm, Lens height: 50mm, Temple: 135mm. Authentic, sold by an authorized retailer.",Ray-Ban,Sunglasses,"Ray-Ban, 3138 (OutD), Pilot",TRUE,Title,Default Title,,,,,RB3138-18171-62,2830000,,,shopify,Unisex,Pilot,false,Metal,Crystal,9,58,50,135,G-15 Green,Arista Gold,Metal,Adjustable Nosepads,RB3138-18171-62,https://cdn.shopify.com/s/files/1/1056/5215/8545/files/0RB3138__181_71_000A.jpg?v=1785300722
rayban-rb3138-18171-62,,,,,,,,,,,,,,,,,,,,,,,,,,,,,,,,https://cdn.shopify.com/s/files/1/1056/5215/8545/files/0RB3138__181_71_030A.jpg?v=1785300725
rayban-rb3428-92393158,Ray-Ban 3428 (Road Spirit) — Metal GldOnTranspGry,"Frame: Metal GldOnTranspGry. Lens: Green. Authentic, sold by an authorized retailer.",Ray-Ban,Sunglasses,"Ray-Ban, 3428 (Road Spirit)",TRUE,Title,Default Title,,,,,RB3428-92393158,2560000,3200000,,shopify,,,false,,,,,,,,,,,RB3428-92393158 ,https://cdn.shopify.com/s/files/1/1056/5215/8545/files/0RB3428__923931__STD__noshad__fr.jpg?v=1785300734
rayban-rb3428-92393158,,,,,,,,,,,,,,,,,,,,,,,,,,,,,,,,https://cdn.shopify.com/s/files/1/1056/5215/8545/files/0RB3428__923931__STD__noshad__qt.jpg?v=1785300737
rayban-rb3447-0013m50,"Ray-Ban 3447 (RoundMtl) — Legacy, Metal Gold","Frame: Metal Gold. Lens: BlueGrdGry. Man / Round shape. Fit: Bridge: 21mm, Lens width: 50mm, Lens height: 47mm, Temple: 145mm. Authentic, sold by an authorized retailer.",Ray-Ban,Sunglasses,"Ray-Ban, 3447 (RoundMtl), Round",TRUE,Title,Default Title,,,,,RB3447-0013M50,3240000,4050000,,shopify,Man,Round,false,Metal,Crystal,21,50,47,145,G-15 Green,Arista Gold,Metal,Adjustable Nosepads,RB3447-0013M50,https://cdn.shopify.com/s/files/1/1056/5215/8545/files/0RB3447__001_3M__P21__noshad__fr.jpg?v=1785300752
rayban-rb3447-0013m50,,,,,,,,,,,,,,,,,,,,,,,,,,,,,,,,https://cdn.shopify.com/s/files/1/1056/5215/8545/files/0RB3447__001_3M__P21__noshad__qt.jpg?v=1785300755
rayban-rb3447-0017153,"Ray-Ban 3447 (RoundMtl) — Legacy, Metal Gold","Frame: Metal Gold. Lens: GryGrd. Man / Round shape. Fit: Bridge: 21mm, Lens width: 50mm, Lens height: 47mm, Temple: 145mm. Authentic, sold by an authorized retailer.",Ray-Ban,Sunglasses,"Ray-Ban, 3447 (RoundMtl), Round",TRUE,Title,Default Title,,,,,RB3447-0017153,3240000,4050000,,shopify,Man,Round,false,Metal,Crystal,21,50,47,145,G-15 Green,Arista Gold,Metal,Adjustable Nosepads,RB3447-0017153,https://cdn.shopify.com/s/files/1/1056/5215/8545/files/0RB3447__001_71__P21__noshad__fr.jpg?v=1785300758
rayban-rb3447-0017153,,,,,,,,,,,,,,,,,,,,,,,,,,,,,,,,https://cdn.shopify.com/s/files/1/1056/5215/8545/files/0RB3447__001_71__P21__noshad__qt.jpg?v=1785300761
rayban-rb3447-001bh50,"Ray-Ban 3447 (RoundMtl) — Legacy, Metal Gold","Frame: Metal Gold. Lens: GrnVintage. Man / Round shape. Fit: Bridge: 21mm, Lens width: 50mm, Lens height: 47mm, Temple: 145mm. Authentic, sold by an authorized retailer.",Ray-Ban,Sunglasses,"Ray-Ban, 3447 (RoundMtl), Round",TRUE,Title,Default Title,,,,,RB3447-001BH50,3240000,4050000,,shopify,Man,Round,false,Metal,Crystal,21,50,47,145,G-15 Green,Arista Gold,Metal,Adjustable Nosepads,RB3447-001BH50,https://cdn.shopify.com/s/files/1/1056/5215/8545/files/0RB3447__001_BH__P21__noshad__fr.jpg?v=1785300764
rayban-rb3447-001bh50,,,,,,,,,,,,,,,,,,,,,,,,,,,,,,,,https://cdn.shopify.com/s/files/1/1056/5215/8545/files/0RB3447__001_BH__P21__noshad__qt.jpg?v=1785300767
rayban-rb3447-001bh53,"Ray-Ban 3447 (RoundMtl) — Legacy, Metal Gold","Frame: Metal Gold. Lens: GrnVintage. Man / Round shape. Fit: Bridge: 21mm, Lens width: 50mm, Lens height: 47mm, Temple: 145mm. Authentic, sold by an authorized retailer.",Ray-Ban,Sunglasses,"Ray-Ban, 3447 (RoundMtl), Round",TRUE,Title,Default Title,,,,,RB3447-001BH53,3240000,4050000,,shopify,Man,Round,false,Metal,Crystal,21,50,47,145,G-15 Green,Arista Gold,Metal,Adjustable Nosepads,RB3447-001BH53,https://cdn.shopify.com/s/files/1/1056/5215/8545/files/0RB3447__001_BH__P21__noshad__fr.jpg?v=1785300764
rayban-rb3447-001bh53,,,,,,,,,,,,,,,,,,,,,,,,,,,,,,,,https://cdn.shopify.com/s/files/1/1056/5215/8545/files/0RB3447__001_BH__P21__noshad__qt.jpg?v=1785300767
rayban-rb3447-0193050,"Ray-Ban 3447 (RoundMtl) — Legacy, Metal Matte Silver","Frame: Metal Matte Silver. Lens: Light GrnMirrSilv. Man / Round shape. Fit: Bridge: 21mm, Lens width: 50mm, Lens height: 47mm, Temple: 145mm. Authentic, sold by an authorized retailer.",Ray-Ban,Sunglasses,"Ray-Ban, 3447 (RoundMtl), Round",TRUE,Title,Default Title,,,,,RB3447-0193050,2928000,3660000,,shopify,Man,Round,false,Metal,Crystal,21,50,47,145,G-15 Green,Arista Gold,Metal,Adjustable Nosepads,RB3447-0193050,https://cdn.shopify.com/s/files/1/1056/5215/8545/files/0RB3447__019_30__STD__noshad__fr.jpg?v=1785300770
rayban-rb3447-0193050,,,,,,,,,,,,,,,,,,,,,,,,,,,,,,,,https://cdn.shopify.com/s/files/1/1056/5215/8545/files/0RB3447__019_30__STD__noshad__qt.jpg?v=1785300773
rayban-rb3447-91963150,"Ray-Ban 3447 (RoundMtl) — Legacy, Metal Gold(Round)","Frame: Metal Gold(Round). Lens: Green. Man / Round shape. Fit: Bridge: 21mm, Lens width: 50mm, Lens height: 47mm, Temple: 145mm. Authentic, sold by an authorized retailer.",Ray-Ban,Sunglasses,"Ray-Ban, 3447 (RoundMtl), Round",TRUE,Title,Default Title,,,,,RB3447-91963150,3056000,3820000,,shopify,Man,Round,false,Metal,Crystal,21,50,47,145,G-15 Green,Arista Gold,Metal,Adjustable Nosepads,RB3447-91963150 ,https://cdn.shopify.com/s/files/1/1056/5215/8545/files/0RB3447__919631__STD__noshad__fr.jpg?v=1785300776
rayban-rb3447-91963150,,,,,,,,,,,,,,,,,,,,,,,,,,,,,,,,https://cdn.shopify.com/s/files/1/1056/5215/8545/files/0RB3447__919631__STD__noshad__qt.jpg?v=1785300779
rayban-rb3447-91964853,"Ray-Ban 3447 (RoundMtl) — Legacy, Metal Gold","Frame: Metal Gold. Lens: Polarized Grey. Man / Round shape. Fit: Bridge: 21mm, Lens width: 50mm, Lens height: 47mm, Temple: 145mm. Authentic, sold by an authorized retailer.",Ray-Ban,Sunglasses,"Ray-Ban, 3447 (RoundMtl), Round",TRUE,Title,Default Title,,,,,RB3447-91964853,3984000,4980000,,shopify,Man,Round,false,Metal,Crystal,21,50,47,145,G-15 Green,Arista Gold,Metal,Adjustable Nosepads,RB3447-91964853 ,https://cdn.shopify.com/s/files/1/1056/5215/8545/files/0RB3447__919648__STD__noshad__fr.jpg?v=1785300782
rayban-rb3447-91964853,,,,,,,,,,,,,,,,,,,,,,,,,,,,,,,,https://cdn.shopify.com/s/files/1/1056/5215/8545/files/0RB3447__919648__STD__noshad__qt.jpg?v=1785300785
rayban-rb3447-9196r553,"Ray-Ban 3447 (RoundMtl) — Legacy, Metal Gold(Round)","Frame: Metal Gold(Round). Lens: Green. Man / Round shape. Fit: Bridge: 21mm, Lens width: 50mm, Lens height: 47mm, Temple: 145mm. Authentic, sold by an authorized retailer.",Ray-Ban,Sunglasses,"Ray-Ban, 3447 (RoundMtl), Round",TRUE,Title,Default Title,,,,,RB3447-9196R553,2560000,3200000,,shopify,Man,Round,false,Metal,Crystal,21,50,47,145,G-15 Green,Arista Gold,Metal,Adjustable Nosepads,RB3447-9196R553,https://cdn.shopify.com/s/files/1/1056/5215/8545/files/0RB3447__9196R5_000A.jpg?v=1785300788
rayban-rb3447-9196r553,,,,,,,,,,,,,,,,,,,,,,,,,,,,,,,,https://cdn.shopify.com/s/files/1/1056/5215/8545/files/0RB3447__9196R5_030A.jpg?v=1785300791
rayban-rb3447jm-919632,Ray-Ban 3447 (RoundMtl) — Metal GryOnGld,"Frame: Metal GryOnGld. Lens: ClrGrdGry50. Authentic, sold by an authorized retailer.",Ray-Ban,Sunglasses,"Ray-Ban, 3447 (RoundMtl)",TRUE,Title,Default Title,,,,,RB3447JM-919632,3096000,3870000,,shopify,,,false,,,,,,,,,,,RB3447JM-919632 ,https://cdn.shopify.com/s/files/1/1056/5215/8545/files/0RB3447JM__919632__STD__noshad__fr.jpg?v=1785300740
rayban-rb3447jm-919632,,,,,,,,,,,,,,,,,,,,,,,,,,,,,,,,https://cdn.shopify.com/s/files/1/1056/5215/8545/files/0RB3447JM__919632__STD__noshad__qt.jpg?v=1785300743
rayban-rb3447jm-9196bh,Ray-Ban 3447 (RoundMtl) — Metal PetroleumOnGld,"Frame: Metal PetroleumOnGld. Lens: VintageGrnGrdBl50. Authentic, sold by an authorized retailer.",Ray-Ban,Sunglasses,"Ray-Ban, 3447 (RoundMtl)",TRUE,Title,Default Title,,,,,RB3447JM-9196BH,3080000,3850000,,shopify,,,false,,,,,,,,,,,RB3447JM-9196BH ,https://cdn.shopify.com/s/files/1/1056/5215/8545/files/0RB3447JM__9196BH__STD__noshad__fr.jpg?v=1785300746
rayban-rb3447jm-9196bh,,,,,,,,,,,,,,,,,,,,,,,,,,,,,,,,https://cdn.shopify.com/s/files/1/1056/5215/8545/files/0RB3447JM__9196BH__STD__noshad__qt.jpg?v=1785300749
rayban-rb3449-0012y59,"Ray-Ban 3449 — Metal, sp5s-Gold","Frame: sp5s-Gold. Lens: BrwGldMirr, 10. Man / Pilot shape. Fit: Bridge: 14mm, Lens width: 59mm, Lens height: 51mm, Temple: 135mm. Authentic, sold by an authorized retailer.",Ray-Ban,Sunglasses,"Ray-Ban, 3449, Pilot",TRUE,Title,Default Title,,,,,RB3449-0012Y59,2990000,,,shopify,Man,Pilot,false,Metal,Polyamide,14,59,51,135,Grey Gradient,Silver,Metal,Adjustable Nosepads,RB3449-0012Y59,https://cdn.shopify.com/s/files/1/1056/5215/8545/files/0RB3449__001_2Y__STD__noshad__fr.jpg?v=1785300794
rayban-rb3449-0012y59,,,,,,,,,,,,,,,,,,,,,,,,,,,,,,,,https://cdn.shopify.com/s/files/1/1056/5215/8545/files/0RB3449__001_2Y__STD__noshad__qt.jpg?v=1785300797
rayban-rb3454e-002-71,Ray-Ban 3454 — E-Metal Black,"Frame: E-Metal Black. Lens: Green. Authentic, sold by an authorized retailer.",Ray-Ban,Sunglasses,"Ray-Ban, 3454",TRUE,Title,Default Title,,,,,RB3454E-002_71,1870000,,,shopify,,,false,,,,,,,,,,,RB3454E-002/71,https://cdn.shopify.com/s/files/1/1056/5215/8545/files/0RB3454E__002_71_000A.jpg?v=1785300801
rayban-rb3454e-002-71,,,,,,,,,,,,,,,,,,,,,,,,,,,,,,,,https://cdn.shopify.com/s/files/1/1056/5215/8545/files/0RB3454E__002_71_030A.jpg?v=1785300804
rayban-rb3454e-003-8g,Ray-Ban 3454 — E-Metal Silver,"Frame: E-Metal Silver. Lens: GradBlue. Authentic, sold by an authorized retailer.",Ray-Ban,Sunglasses,"Ray-Ban, 3454",TRUE,Title,Default Title,,,,,RB3454E-003_8G,1870000,,,shopify,,,false,,,,,,,,,,,RB3454E-003/8G,https://cdn.shopify.com/s/files/1/1056/5215/8545/files/0RB3454E__003_8G_000A.jpg?v=1785300807
rayban-rb3454e-003-8g,,,,,,,,,,,,,,,,,,,,,,,,,,,,,,,,https://cdn.shopify.com/s/files/1/1056/5215/8545/files/0RB3454E__003_8G_030A.jpg?v=1785300810
rayban-rb3454e-004-71,Ray-Ban 3454 — E-Metal Gun,"Frame: E-Metal Gun. Lens: grn. Authentic, sold by an authorized retailer.",Ray-Ban,Sunglasses,"Ray-Ban, 3454, Last Piece",TRUE,Title,Default Title,,,,,RB3454E-004_71,1870000,,,shopify,,,false,,,,,,,,,,,RB3454E-004/71 | RBN3454E-004/71 | RBL3454E-004/71,https://cdn.shopify.com/s/files/1/1056/5215/8545/files/0RB3454E__004_71_000A.jpg?v=1785300814
rayban-rb3454e-004-71,,,,,,,,,,,,,,,,,,,,,,,,,,,,,,,,https://cdn.shopify.com/s/files/1/1056/5215/8545/files/0RB3454E__004_71_030A.jpg?v=1785300817
rayban-rb3469e-004-13,Ray-Ban 3469 — E-Metal Silver-Tortoise(1Pc),"Frame: E-Metal Silver-Tortoise(1Pc). Lens: GradBrw. Authentic, sold by an authorized retailer.",Ray-Ban,Sunglasses,"Ray-Ban, 3469",TRUE,Title,Default Title,,,,,RB3469E-004_13,1870000,,,shopify,,,false,,,,,,,,,,,RB3469E-004/13,https://cdn.shopify.com/s/files/1/1056/5215/8545/files/0RB3469E__004_13_000A.jpg?v=1785300820
rayban-rb3469e-004-13,,,,,,,,,,,,,,,,,,,,,,,,,,,,,,,,https://cdn.shopify.com/s/files/1/1056/5215/8545/files/0RB3469E__004_13_030A.jpg?v=1785300823
rayban-rb3470e-003-8g,Ray-Ban 3470 — E-Metal  Sil Black-Grey,"Frame: E-Metal  Sil Black-Grey. Authentic, sold by an authorized retailer.",Ray-Ban,Sunglasses,"Ray-Ban, 3470",TRUE,Title,Default Title,,,,,RB3470E-003_8G,1870000,,,shopify,,,false,,,,,,,,,,,RB3470E-003/8G | RBN3470E-003/8G,https://cdn.shopify.com/s/files/1/1056/5215/8545/files/0RB3470E__003_8G_000A.jpg?v=1785300826
rayban-rb3470e-003-8g,,,,,,,,,,,,,,,,,,,,,,,,,,,,,,,,https://cdn.shopify.com/s/files/1/1056/5215/8545/files/0RB3470E__003_8G_030A.jpg?v=1785300829
rayban-rb3479-001,Ray-Ban 3479 (Avia Fold) — Metal Gold,"Frame: Metal Gold. Lens: Green(Sz-58). Authentic, sold by an authorized retailer.",Ray-Ban,Sunglasses,"Ray-Ban, 3479 (Avia Fold)",TRUE,Title,Default Title,,,,,RB3479-001,3330000,,,shopify,,,false,,,,,,,,,,,RB3479-001 | RBN3479-001,https://cdn.shopify.com/s/files/1/1056/5215/8545/files/0RB3479__001_000A.jpg?v=1785300832
rayban-rb3479-001,,,,,,,,,,,,,,,,,,,,,,,,,,,,,,,,https://cdn.shopify.com/s/files/1/1056/5215/8545/files/0RB3479__001_030A.jpg?v=1785300835
rayban-rb3479-001-58,Ray-Ban 3479 (Avia Fold) — Pol-Metal Gold,"Frame: Pol-Metal Gold. Lens: Polarized Green(Sz-58). Authentic, sold by an authorized retailer.",Ray-Ban,Sunglasses,"Ray-Ban, 3479 (Avia Fold)",TRUE,Title,Default Title,,,,,RB3479-001_58,4270000,,,shopify,,,false,,,,,,,,,,,RB3479-001/58,https://cdn.shopify.com/s/files/1/1056/5215/8545/files/0RB3479__001_58_000A.jpg?v=1785300838
rayban-rb3479-001-58,,,,,,,,,,,,,,,,,,,,,,,,,,,,,,,,https://cdn.shopify.com/s/files/1/1056/5215/8545/files/0RB3479__001_58_030A.jpg?v=1785300841
rayban-rb3479k-001m758,Ray-Ban 3479 (Avia Fold) — Gold(Lther-),"Frame: Gold(Lther-). Lens: Polarized Brown, 20. Authentic, sold by an authorized retailer.",Ray-Ban,Sunglasses,"Ray-Ban, 3479 (Avia Fold)",TRUE,Title,Default Title,,,,,RB3479K-001M758,4800000,7450000,,shopify,,,false,,,,,,,,,,,RB3479K-001M758,https://cdn.shopify.com/s/files/1/1056/5215/8545/files/0RB3479__001_000A.jpg?v=1785300832
rayban-rb3479k-001m758,,,,,,,,,,,,,,,,,,,,,,,,,,,,,,,,https://cdn.shopify.com/s/files/1/1056/5215/8545/files/0RB3479__001_030A.jpg?v=1785300835
rayban-rb3479-0015158,Ray-Ban 3479 (Avia Fold) — Gold,"Frame: Gold. Lens: GradBrw, 20. Authentic, sold by an authorized retailer.",Ray-Ban,Sunglasses,"Ray-Ban, 3479 (Avia Fold)",TRUE,Title,Default Title,,,,,RB3479-0015158,3590000,,,shopify,,,false,,,,,,,,,,,RBN3479-0015158,https://cdn.shopify.com/s/files/1/1056/5215/8545/files/0RB3479__001_000A.jpg?v=1785300832
rayban-rb3479-0015158,,,,,,,,,,,,,,,,,,,,,,,,,,,,,,,,https://cdn.shopify.com/s/files/1/1056/5215/8545/files/0RB3479__001_030A.jpg?v=1785300835
rayban-rb3506-132-83,Ray-Ban 3506 — Pol-Metal  Slv,"Frame: Pol-Metal  Slv. Lens: Plr Brn. Authentic, sold by an authorized retailer.",Ray-Ban,Sunglasses,"Ray-Ban, 3506",TRUE,Title,Default Title,,,,,RB3506-132_83,3150000,,,shopify,,,false,,,,,,,,,,,RB3506-132/83,https://cdn.shopify.com/s/files/1/1056/5215/8545/files/0RB3506__132_83_000A.jpg?v=1785300844
rayban-rb3506-132-83,,,,,,,,,,,,,,,,,,,,,,,,,,,,,,,,https://cdn.shopify.com/s/files/1/1056/5215/8545/files/0RB3506__132_83_030A.jpg?v=1785300848
rayban-rb3507-1379j51,"Ray-Ban 3507 (club almn) — Clubmaster Family, Metal Silver-Gold","Frame: Metal Silver-Gold. Lens: GradGryMirr. Unisex / Square shape. Fit: Bridge: 21mm, Lens width: 51mm, Lens height: 44mm, Temple: 145mm. Authentic, sold by an authorized retailer.",Ray-Ban,Sunglasses,"Ray-Ban, 3507 (club almn), Square",TRUE,Title,Default Title,,,,,RB3507-1379J51,3760000,,,shopify,Unisex,Square,true,Metal,Crystal,21,51,44,145,G-15 Green Polarised,Black On Gold,Aluminium,Adjustable Nosepads,RB3507-1379J51,https://cdn.shopify.com/s/files/1/1056/5215/8545/files/0RB3507__137_9J_000A.jpg?v=1785300851
rayban-rb3507-1379j51,,,,,,,,,,,,,,,,,,,,,,,,,,,,,,,,https://cdn.shopify.com/s/files/1/1056/5215/8545/files/0RB3507__137_9J_030A.jpg?v=1785300854
rayban-rb3507-139-85,"Ray-Ban 3507 (club almn) — Clubmaster Family, Metal Matte Brown","Frame: Metal Matte Brown. Lens: Gun. Unisex / Square shape. Fit: Bridge: 21mm, Lens width: 51mm, Lens height: 44mm, Temple: 145mm. Authentic, sold by an authorized retailer.",Ray-Ban,Sunglasses,"Ray-Ban, 3507 (club almn), Square",TRUE,Title,Default Title,,,,,RB3507-139_85,3520000,,,shopify,Unisex,Square,true,Metal,Crystal,21,51,44,145,G-15 Green Polarised,Black On Gold,Aluminium,Adjustable Nosepads,RB3507-139/85,https://cdn.shopify.com/s/files/1/1056/5215/8545/files/0RB3507__139_85_000A.jpg?v=1785300857
rayban-rb3507-139-85,,,,,,,,,,,,,,,,,,,,,,,,,,,,,,,,https://cdn.shopify.com/s/files/1/1056/5215/8545/files/0RB3507__139_85_030A.jpg?v=1785300860
rayban-rb3513-154-8g,Ray-Ban 3513 — Metal Matte Grey,"Frame: Metal Matte Grey. Lens: GradGry(Sz58). Authentic, sold by an authorized retailer.",Ray-Ban,Sunglasses,"Ray-Ban, 3513",TRUE,Title,Default Title,,,,,RB3513-154_8G,2960000,,,shopify,,,false,,,,,,,,,,,RB3513-154/8G,https://cdn.shopify.com/s/files/1/1056/5215/8545/files/0RB3513__154_8G_000A.jpg?v=1785300875
rayban-rb3513-154-8g,,,,,,,,,,,,,,,,,,,,,,,,,,,,,,,,https://cdn.shopify.com/s/files/1/1056/5215/8545/files/0RB3513__154_8G_030A.jpg?v=1785300879
rayban-rb3513m-149-83,Ray-Ban 3513 — *MGld-Brown,"Frame: *MGld-Brown. Lens: Polarized Brown-Sz56, 10. Authentic, sold by an authorized retailer.",Ray-Ban,Sunglasses,"Ray-Ban, 3513",TRUE,Title,Default Title,,,,,RB3513M-149_83,3480000,,,shopify,,,false,,,,,,,,,,,RB3513M-149/83,https://cdn.shopify.com/s/files/1/1056/5215/8545/files/0RB3513M__149_83_000A.jpg?v=1785300863
rayban-rb3513m-149-83,,,,,,,,,,,,,,,,,,,,,,,,,,,,,,,,https://cdn.shopify.com/s/files/1/1056/5215/8545/files/0RB3513M__149_83_030A.jpg?v=1785300866
rayban-rb3513m-164-t3,Ray-Ban 3513 — *MSilv-Grey,"Frame: *MSilv-Grey. Lens: Polarized Grey-Sz56. Authentic, sold by an authorized retailer.",Ray-Ban,Sunglasses,"Ray-Ban, 3513",TRUE,Title,Default Title,,,,,RB3513M-164_T3,3630000,,,shopify,,,false,,,,,,,,,,,RB3513M-164/T3,https://cdn.shopify.com/s/files/1/1056/5215/8545/files/0RB3513M__164_T3_000A.jpg?v=1785300869
rayban-rb3513m-164-t3,,,,,,,,,,,,,,,,,,,,,,,,,,,,,,,,https://cdn.shopify.com/s/files/1/1056/5215/8545/files/0RB3513M__164_T3_030A.jpg?v=1785300872
rayban-rb3514-147-71,Ray-Ban 3514 — Metal Matte Silver,"Frame: Metal Matte Silver. Lens: Green(Sz58). Authentic, sold by an authorized retailer.",Ray-Ban,Sunglasses,"Ray-Ban, 3514",TRUE,Title,Default Title,,,,,RB3514-147_71,2770000,,,shopify,,,false,,,,,,,,,,,RB3514-147/71,https://cdn.shopify.com/s/files/1/1056/5215/8545/files/0RB3514__147_71_000A.jpg?v=1785300881
rayban-rb3514-147-71,,,,,,,,,,,,,,,,,,,,,,,,,,,,,,,,https://cdn.shopify.com/s/files/1/1056/5215/8545/files/0RB3514__147_71_030A.jpg?v=1785300884
rayban-rb3514-153-71,Ray-Ban 3514 — Metal Matte Black,"Frame: Metal Matte Black. Lens: Green(Sz58). Authentic, sold by an authorized retailer.",Ray-Ban,Sunglasses,"Ray-Ban, 3514",TRUE,Title,Default Title,,,,,RB3514-153_71,2770000,,,shopify,,,false,,,,,,,,,,,RB3514-153/71,https://cdn.shopify.com/s/files/1/1056/5215/8545/files/0RB3514__153_71_000A.jpg?v=1785300888
rayban-rb3514-153-71,,,,,,,,,,,,,,,,,,,,,,,,,,,,,,,,https://cdn.shopify.com/s/files/1/1056/5215/8545/files/0RB3514__153_71_030A.jpg?v=1785300890
rayban-rb3522-0049a64,"Ray-Ban 3522 — Essentials, Metal Gun","Frame: Metal Gun. Lens: Polarized Green. Man / Square shape. Fit: Bridge: 17mm, Lens width: 64mm, Lens height: 44mm, Temple: 135mm. Authentic, sold by an authorized retailer.",Ray-Ban,Sunglasses,"Ray-Ban, 3522, Square",TRUE,Title,Default Title,,,,,RB3522-0049A64,3616000,4520000,,shopify,Man,Square,false,Metal,Polycarbonate,17,64,44,135,Green,Gunmetal,Metal,Adjustable Nosepads,RB3522-0049A64,https://cdn.shopify.com/s/files/1/1056/5215/8545/files/0RB3522__004_9A__STD__noshad__fr.jpg?v=1785300894
rayban-rb3522-0049a64,,,,,,,,,,,,,,,,,,,,,,,,,,,,,,,,https://cdn.shopify.com/s/files/1/1056/5215/8545/files/0RB3522__004_9A__STD__noshad__qt.jpg?v=1785300897
rayban-rb3523-1122y-59,Ray-Ban 3523 — Metal Matte Gold,"Frame: Metal Matte Gold. Lens: GldPinkMirr59. Authentic, sold by an authorized retailer.",Ray-Ban,Sunglasses,"Ray-Ban, 3523",TRUE,Title,Default Title,,,,,RB3523-1122Y-59,2690000,,,shopify,,,false,,,,,,,,,,,RB3523-1122Y-59,https://cdn.shopify.com/s/files/1/1056/5215/8545/files/0RB3523__112_2Y_000A.jpg?v=1785300900
rayban-rb3523-1122y-59,,,,,,,,,,,,,,,,,,,,,,,,,,,,,,,,https://cdn.shopify.com/s/files/1/1056/5215/8545/files/0RB3523__112_2Y_030A.jpg?v=1785300903
rayban-rb3523-1122y59,Ray-Ban 3523 — MGld,"Frame: MGld. Lens: GldPinkMirr59. Authentic, sold by an authorized retailer.",Ray-Ban,Sunglasses,"Ray-Ban, 3523, Last Piece",TRUE,Title,Default Title,,,,,RB3523-1122Y59,2690000,,,shopify,,,false,,,,,,,,,,,RBN3523-1122Y59 | RBL3523-1122Y59,https://cdn.shopify.com/s/files/1/1056/5215/8545/files/0RB3523__112_2Y_000A.jpg?v=1785300900
rayban-rb3523-1122y59,,,,,,,,,,,,,,,,,,,,,,,,,,,,,,,,https://cdn.shopify.com/s/files/1/1056/5215/8545/files/0RB3523__112_2Y_030A.jpg?v=1785300903
rayban-rb3532-1987x53,Ray-Ban 3532 (Round Fold) — sp3-Brz,"Frame: sp3-Brz. Lens: BrwGrdLilac. Authentic, sold by an authorized retailer.",Ray-Ban,Sunglasses,"Ray-Ban, 3532 (Round Fold)",TRUE,Title,Default Title,,,,,RB3532-1987X53,2450000,3990000,,shopify,,,false,,,,,,,,,,,RB3532-1987X53,https://cdn.shopify.com/s/files/1/1056/5215/8545/files/0RB3532__198_7X_000A.jpg?v=1785300906
rayban-rb3532-1987x53,,,,,,,,,,,,,,,,,,,,,,,,,,,,,,,,https://cdn.shopify.com/s/files/1/1056/5215/8545/files/0RB3532__198_7X_030A.jpg?v=1785300909
rayban-rb3536-00655-55,Ray-Ban 3536 — Metal Matte Black,"Frame: Metal Matte Black. Lens: BlueMirr. Authentic, sold by an authorized retailer.",Ray-Ban,Sunglasses,"Ray-Ban, 3536",TRUE,Title,Default Title,,,,,RB3536-00655-55,2650000,,,shopify,,,false,,,,,,,,,,,RB3536-00655-55,https://cdn.shopify.com/s/files/1/1056/5215/8545/files/0RB3536__006_55_000A.jpg?v=1785300913
rayban-rb3536-00655-55,,,,,,,,,,,,,,,,,,,,,,,,,,,,,,,,https://cdn.shopify.com/s/files/1/1056/5215/8545/files/0RB3536__006_55_030A.jpg?v=1785300916
rayban-rb3537-00455-51,Ray-Ban 3537 (ROUN M) — Gun,"Frame: Gun. Lens: BlueMirr. Authentic, sold by an authorized retailer.",Ray-Ban,Sunglasses,"Ray-Ban, 3537 (ROUN M)",TRUE,Title,Default Title,,,,,RB3537-00455-51,3200000,,,shopify,,,false,,,,,,,,,,,RB3537-00455-51,https://cdn.shopify.com/s/files/1/1056/5215/8545/files/0RB3537__004_55_000A.jpg?v=1785300919
rayban-rb3537-00455-51,,,,,,,,,,,,,,,,,,,,,,,,,,,,,,,,https://cdn.shopify.com/s/files/1/1056/5215/8545/files/0RB3537__004_55_030A.jpg?v=1785300922
rayban-rb3537-0045551,Ray-Ban 3537 (ROUN M) — sp3-Gun,"Frame: sp3-Gun. Lens: BlueMirr. Authentic, sold by an authorized retailer.",Ray-Ban,Sunglasses,"Ray-Ban, 3537 (ROUN M)",TRUE,Title,Default Title,,,,,RB3537-0045551,3200000,,,shopify,,,false,,,,,,,,,,,RB3537-0045551,https://cdn.shopify.com/s/files/1/1056/5215/8545/files/0RB3537__004_55_000A.jpg?v=1785300919
rayban-rb3537-0045551,,,,,,,,,,,,,,,,,,,,,,,,,,,,,,,,https://cdn.shopify.com/s/files/1/1056/5215/8545/files/0RB3537__004_55_030A.jpg?v=1785300922
rayban-rb3538-9007a753,Ray-Ban 3538 (ClubM)  — Metal Grey-Gold,"Frame: Metal Grey-Gold. Lens: GradGrnMirr. Authentic, sold by an authorized retailer.",Ray-Ban,Sunglasses,"Ray-Ban, 3538 (ClubM) ",TRUE,Title,Default Title,,,,,RB3538-9007A753,3190000,,,shopify,,,false,,,,,,,,,,,RB3538-9007A753,https://cdn.shopify.com/s/files/1/1056/5215/8545/files/0RB3538__9007A7_000A.jpg?v=1785300925
rayban-rb3538-9007a753,,,,,,,,,,,,,,,,,,,,,,,,,,,,,,,,https://cdn.shopify.com/s/files/1/1056/5215/8545/files/0RB3538__9007A7_030A.jpg?v=1785300928
rayban-rb3540-001-56,Ray-Ban 3540 — sp5s-Gold-Black,"Frame: sp5s-Gold-Black. Lens: Green, 10. Authentic, sold by an authorized retailer.",Ray-Ban,Sunglasses,"Ray-Ban, 3540",TRUE,Title,Default Title,,,,,RB3540-001-56,2830000,,,shopify,,,false,,,,,,,,,,,RB3540-001-56,https://cdn.shopify.com/s/files/1/1056/5215/8545/files/0RB3540__001_000A.jpg?v=1785300931
rayban-rb3540-001-56,,,,,,,,,,,,,,,,,,,,,,,,,,,,,,,,https://cdn.shopify.com/s/files/1/1056/5215/8545/files/0RB3540__001_030A.jpg?v=1785300935
rayban-rb3540-00151-53,Ray-Ban 3540 — sp5s-Gold,"Frame: sp5s-Gold. Lens: GradBrw, 10. Authentic, sold by an authorized retailer.",Ray-Ban,Sunglasses,"Ray-Ban, 3540",TRUE,Title,Default Title,,,,,RB3540-00151-53,3020000,,,shopify,,,false,,,,,,,,,,,RB3540-00151-53,https://cdn.shopify.com/s/files/1/1056/5215/8545/files/0RB3540__001_51_000A.jpg?v=1785300938
rayban-rb3540-00151-53,,,,,,,,,,,,,,,,,,,,,,,,,,,,,,,,https://cdn.shopify.com/s/files/1/1056/5215/8545/files/0RB3540__001_51_030A.jpg?v=1785300941
rayban-rb3540-1987x53,Ray-Ban 3540 — Metal Brown-Brown,"Frame: Metal Brown-Brown. Lens: PurplrMirr. Authentic, sold by an authorized retailer.",Ray-Ban,Sunglasses,"Ray-Ban, 3540",TRUE,Title,Default Title,,,,,RB3540-1987X53,3200000,,,shopify,,,false,,,,,,,,,,,RB3540-1987X53,https://cdn.shopify.com/s/files/1/1056/5215/8545/files/0RB3540__198_7X_000A.jpg?v=1785300944
rayban-rb3540-1987x53,,,,,,,,,,,,,,,,,,,,,,,,,,,,,,,,https://cdn.shopify.com/s/files/1/1056/5215/8545/files/0RB3540__198_7X_030A.jpg?v=1785300947
rayban-rb3540-1987x56,Ray-Ban 3540 — sp5s-BrzGry,"Frame: sp5s-BrzGry. Lens: GrdPuMirr. Authentic, sold by an authorized retailer.",Ray-Ban,Sunglasses,"Ray-Ban, 3540",TRUE,Title,Default Title,,,,,RB3540-1987X56,2250000,3290000,,shopify,,,false,,,,,,,,,,,RB3540-1987X56,https://cdn.shopify.com/s/files/1/1056/5215/8545/files/0RB3540__198_7X_000A.jpg?v=1785300944
rayban-rb3540-1987x56,,,,,,,,,,,,,,,,,,,,,,,,,,,,,,,,https://cdn.shopify.com/s/files/1/1056/5215/8545/files/0RB3540__198_7X_030A.jpg?v=1785300947
rayban-rb3544-0035l-64,Ray-Ban 3544 — CHR-Silver,"Frame: CHR-Silver. Lens: Polarized GryMirr. Authentic, sold by an authorized retailer.",Ray-Ban,Sunglasses,"Ray-Ban, 3544",TRUE,Title,Default Title,,,,,RB3544-0035L-64,3390000,,,shopify,,,false,,,,,,,,,,,RB3544-0035L-64,https://cdn.shopify.com/s/files/1/1056/5215/8545/files/0RB3544__003_5L_000A.jpg?v=1785300950
rayban-rb3544-0035l-64,,,,,,,,,,,,,,,,,,,,,,,,,,,,,,,,https://cdn.shopify.com/s/files/1/1056/5215/8545/files/0RB3544__003_5L_030A.jpg?v=1785300953
rayban-rb3545-90041151,Ray-Ban 3545 — Black-Silver,"Frame: Black-Silver. Lens: GrdGry, 20. Authentic, sold by an authorized retailer.",Ray-Ban,Sunglasses,"Ray-Ban, 3545",TRUE,Title,Default Title,,,,,RB3545-90041151,2990000,,,shopify,,,false,,,,,,,,,,,RB3545-90041151,https://cdn.shopify.com/s/files/1/1056/5215/8545/files/0RB3545__900411_000A.jpg?v=1785300956
rayban-rb3545-90041151,,,,,,,,,,,,,,,,,,,,,,,,,,,,,,,,https://cdn.shopify.com/s/files/1/1056/5215/8545/files/0RB3545__900411_030A.jpg?v=1785300959
rayban-rb3545-90041154,Ray-Ban 3545 — sp5s-BlkSilv,"Frame: sp5s-BlkSilv. Lens: GrdGry, 20. Authentic, sold by an authorized retailer.",Ray-Ban,Sunglasses,"Ray-Ban, 3545",TRUE,Title,Default Title,,,,,RB3545-90041154,2990000,,,shopify,,,false,,,,,,,,,,,RB3545-90041154,https://cdn.shopify.com/s/files/1/1056/5215/8545/files/0RB3545__900411_000A.jpg?v=1785300956
rayban-rb3545-90041154,,,,,,,,,,,,,,,,,,,,,,,,,,,,,,,,https://cdn.shopify.com/s/files/1/1056/5215/8545/files/0RB3545__900411_030A.jpg?v=1785300959
rayban-rb3545-9006a851,Ray-Ban 3545 — Pu-Gun,"Frame: Pu-Gun. Lens: Pu-RedMir, 10. Authentic, sold by an authorized retailer.",Ray-Ban,Sunglasses,"Ray-Ban, 3545",TRUE,Title,Default Title,,,,,RB3545-9006A851,1950000,3290000,,shopify,,,false,,,,,,,,,,,RB3545-9006A851,https://cdn.shopify.com/s/files/1/1056/5215/8545/files/0RB3545__9006A8_000A.jpg?v=1785300962
rayban-rb3545-9006a851,,,,,,,,,,,,,,,,,,,,,,,,,,,,,,,,https://cdn.shopify.com/s/files/1/1056/5215/8545/files/0RB3545__9006A8_030A.jpg?v=1785300965
rayban-rb3545-9006a854,"Ray-Ban 3545 — Gun-RedMirr, 20","Frame: Gun-RedMirr, 20. Authentic, sold by an authorized retailer.",Ray-Ban,Sunglasses,"Ray-Ban, 3545",TRUE,Title,Default Title,,,,,RB3545-9006A854,1950000,3290000,,shopify,,,false,,,,,,,,,,,RB3545-9006A854,https://cdn.shopify.com/s/files/1/1056/5215/8545/files/0RB3545__9006A8_000A.jpg?v=1785300962
rayban-rb3545-9006a854,,,,,,,,,,,,,,,,,,,,,,,,,,,,,,,,https://cdn.shopify.com/s/files/1/1056/5215/8545/files/0RB3545__9006A8_030A.jpg?v=1785300965
rayban-rb3545-90081351,Ray-Ban 3545 — Metal Gold-Tortoise,"Frame: Metal Gold-Tortoise. Lens: GradBrw. Authentic, sold by an authorized retailer.",Ray-Ban,Sunglasses,"Ray-Ban, 3545",TRUE,Title,Default Title,,,,,RB3545-90081351,2990000,,,shopify,,,false,,,,,,,,,,,RB3545-90081351,https://cdn.shopify.com/s/files/1/1056/5215/8545/files/0RB3545__900813_000A.jpg?v=1785300968
rayban-rb3545-90081351,,,,,,,,,,,,,,,,,,,,,,,,,,,,,,,,https://cdn.shopify.com/s/files/1/1056/5215/8545/files/0RB3545__900813_030A.jpg?v=1785300971
rayban-rb3547-0013154,"Ray-Ban 3547 (oval flat) — Wired Metal, Metal Arista Gold","Frame: Metal Arista Gold. Lens: G15, (*N.). Unisex / Oval shape. Fit: Bridge: 21mm, Lens width: 51mm, Lens height: 40mm, Temple: 145mm. Authentic, sold by an authorized retailer.",Ray-Ban,Sunglasses,"Ray-Ban, 3547 (oval flat), Oval",TRUE,Title,Default Title,,,,,RB3547-0013154,3056000,3820000,,shopify,Unisex,Oval,false,Metal,Crystal,21,51,40,145,Light Violet,Arista Gold,Metal,Adjustable Nosepads,RB3547-0013154,https://cdn.shopify.com/s/files/1/1056/5215/8545/files/0RB3547__001_31__STD__noshad__fr.jpg?v=1785300980
rayban-rb3547-0013154,,,,,,,,,,,,,,,,,,,,,,,,,,,,,,,,https://cdn.shopify.com/s/files/1/1056/5215/8545/files/0RB3547__001_31__STD__noshad__qt.jpg?v=1785300984
rayban-rb3547-0013m54,"Ray-Ban 3547 (oval flat) — Wired Metal, Metal Gold(Oval)","Frame: Metal Gold(Oval). Lens: BluGrdGry. Unisex / Oval shape. Fit: Bridge: 21mm, Lens width: 51mm, Lens height: 40mm, Temple: 145mm. Authentic, sold by an authorized retailer.",Ray-Ban,Sunglasses,"Ray-Ban, 3547 (oval flat), Oval",TRUE,Title,Default Title,,,,,RB3547-0013M54,3240000,4050000,,shopify,Unisex,Oval,false,Metal,Crystal,21,51,40,145,Light Violet,Arista Gold,Metal,Adjustable Nosepads,RB3547-0013M54,https://cdn.shopify.com/s/files/1/1056/5215/8545/files/0RB3547__001_3M__STD__noshad__fr.jpg?v=1785300987
rayban-rb3547-0013m54,,,,,,,,,,,,,,,,,,,,,,,,,,,,,,,,https://cdn.shopify.com/s/files/1/1056/5215/8545/files/0RB3547__001_3M__STD__noshad__qt.jpg?v=1785300990
rayban-rb3547-002b154,"Ray-Ban 3547 (oval flat) — Wired Metal, Metal Black","Frame: Metal Black. Lens: Dark Grey. Unisex / Oval shape. Fit: Bridge: 21mm, Lens width: 51mm, Lens height: 40mm, Temple: 145mm. Authentic, sold by an authorized retailer.",Ray-Ban,Sunglasses,"Ray-Ban, 3547 (oval flat), Oval",TRUE,Title,Default Title,,,,,RB3547-002B154,3056000,3820000,,shopify,Unisex,Oval,false,Metal,Crystal,21,51,40,145,Light Violet,Arista Gold,Metal,Adjustable Nosepads,RB3547-002B154,https://cdn.shopify.com/s/files/1/1056/5215/8545/files/0RB3547__002_B1__STD__noshad__fr.jpg?v=1785300993
rayban-rb3547-002b154,,,,,,,,,,,,,,,,,,,,,,,,,,,,,,,,https://cdn.shopify.com/s/files/1/1056/5215/8545/files/0RB3547__002_B1__STD__noshad__qt.jpg?v=1785300996
rayban-rb3547n-001r551,"Ray-Ban 3547 (oval flat) — Wired Metal, Metal Gold(Arista Gold)","Frame: Metal Gold(Arista Gold). Lens: Blue. Unisex / Oval shape. Fit: Bridge: 21mm, Lens width: 51mm, Lens height: 40mm, Temple: 145mm. Authentic, sold by an authorized retailer.",Ray-Ban,Sunglasses,"Ray-Ban, 3547 (oval flat), Oval",TRUE,Title,Default Title,,,,,RB3547N-001R551,3056000,3820000,,shopify,Unisex,Oval,false,Metal,Crystal,21,51,40,145,Dark Grey,Arista Gold,Metal,Adjustable Nosepads,RB3547N-001R551,https://cdn.shopify.com/s/files/1/1056/5215/8545/files/0RB3547N__001_R5__P21__noshad__fr.jpg?v=1785300974
rayban-rb3547n-001r551,,,,,,,,,,,,,,,,,,,,,,,,,,,,,,,,https://cdn.shopify.com/s/files/1/1056/5215/8545/files/0RB3547N__001_R5__P21__noshad__qt.jpg?v=1785300977
rayban-rb3548-92023f54,"Ray-Ban 3548 (Hexagonal Flat) — Wired Metal, NT-Metal RoseGld","Frame: NT-Metal RoseGld. Lens: ClrGrdBlue. Unisex / Irregular shape. Fit: Bridge: 21mm, Lens width: 51mm, Lens height: 45mm, Temple: 145mm. Authentic, sold by an authorized retailer.",Ray-Ban,Sunglasses,"Ray-Ban, 3548 (Hexagonal Flat), Irregular",TRUE,Title,Default Title,,,,,RB3548-92023F54,3240000,4050000,,shopify,Unisex,Irregular,false,Metal,Crystal,21,51,45,145,Light Blue Gradient,Arista Gold,Metal,Adjustable Nosepads,RB3548-92023F54,https://cdn.shopify.com/s/files/1/1056/5215/8545/files/0RB3548__92023F__P21__noshad__fr.jpg?v=1785301011
rayban-rb3548-92023f54,,,,,,,,,,,,,,,,,,,,,,,,,,,,,,,,https://cdn.shopify.com/s/files/1/1056/5215/8545/files/0RB3548__92023F__P21__noshad__qt.jpg?v=1785301015
rayban-rb3548n-0030254,"Ray-Ban 3548 (Hexagonal Flat) — Evolution, Metal Silver","Frame: Metal Silver. Lens: Polarized Blue. Unisex / Irregular shape. Fit: Bridge: 21mm, Lens width: 51mm, Lens height: 45mm, Temple: 145mm. Authentic, sold by an authorized retailer.",Ray-Ban,Sunglasses,"Ray-Ban, 3548 (Hexagonal Flat), Irregular",TRUE,Title,Default Title,,,,,RB3548N-0030254,3984000,4980000,,shopify,Unisex,Irregular,false,Metal,Crystal,21,51,45,145,G-15 Green,Arista Gold,Metal,Adjustable Nosepads,RB3548N-0030254,https://cdn.shopify.com/s/files/1/1056/5215/8545/files/0RB3548N__003_02__P21__noshad__fr.jpg?v=1785300999
rayban-rb3548n-0030254,,,,,,,,,,,,,,,,,,,,,,,,,,,,,,,,https://cdn.shopify.com/s/files/1/1056/5215/8545/files/0RB3548N__003_02__P21__noshad__qt.jpg?v=1785301002
rayban-rb3548n-91233m,"Ray-Ban 3548 (Hexagonal Flat) — Evolution, Metal Gold","Frame: Metal Gold. Lens: GrdBlueGlass54. Unisex / Irregular shape. Fit: Bridge: 21mm, Lens width: 54mm, Lens height: 47mm, Temple: 145mm. Authentic, sold by an authorized retailer.",Ray-Ban,Sunglasses,"Ray-Ban, 3548 (Hexagonal Flat), Irregular",TRUE,Title,Default Title,,,,,RB3548N-91233M,3240000,4050000,,shopify,Unisex,Irregular,false,Metal,Crystal,21,54,47,145,Blue,Arista Gold,Metal,Adjustable Nosepads,RB3548N-91233M,https://cdn.shopify.com/s/files/1/1056/5215/8545/files/0RB3548N__91233M__STD__noshad__fr.jpg?v=1785301005
rayban-rb3548n-91233m,,,,,,,,,,,,,,,,,,,,,,,,,,,,,,,,https://cdn.shopify.com/s/files/1/1056/5215/8545/files/0RB3548N__91233M__STD__noshad__qt.jpg?v=1785301008
rayban-rb3558-00171-58,Ray-Ban 3558 — Metal Gold,"Frame: Metal Gold. Lens: Green. Authentic, sold by an authorized retailer.",Ray-Ban,Sunglasses,"Ray-Ban, 3558",TRUE,Title,Default Title,,,,,RB3558-00171-58,2690000,,,shopify,,,false,,,,,,,,,,,RB3558-00171-58,https://cdn.shopify.com/s/files/1/1056/5215/8545/files/0RB3558__001_71__STD__noshad__fr.jpg?v=1785301019
rayban-rb3558-00171-58,,,,,,,,,,,,,,,,,,,,,,,,,,,,,,,,https://cdn.shopify.com/s/files/1/1056/5215/8545/files/0RB3558__001_71__STD__noshad__qt.jpg?v=1785301023
rayban-rb3558-004b8-58,Ray-Ban 3558 — Metal GunMtl,"Frame: Metal GunMtl. Lens: SilvGradFlash. Authentic, sold by an authorized retailer.",Ray-Ban,Sunglasses,"Ray-Ban, 3558",TRUE,Title,Default Title,,,,,RB3558-004B8-58,2990000,,,shopify,,,false,,,,,,,,,,,RB3558-004B8-58,https://cdn.shopify.com/s/files/1/1056/5215/8545/files/0RB3558__004_B8_000A.jpg?v=1785301025
rayban-rb3558-004b8-58,,,,,,,,,,,,,,,,,,,,,,,,,,,,,,,,https://cdn.shopify.com/s/files/1/1056/5215/8545/files/0RB3558__004_B8_030A.jpg?v=1785301029
rayban-rb3564d-0025554,Ray-Ban 3564 — sp5s-Black,"Frame: sp5s-Black. Lens: BluMirr,10. Authentic, sold by an authorized retailer.",Ray-Ban,Sunglasses,"Ray-Ban, 3564",TRUE,Title,Default Title,,,,,RB3564D-0025554,1950000,2790000,,shopify,,,false,,,,,,,,,,,RB3564D-0025554,https://cdn.shopify.com/s/files/1/1056/5215/8545/files/0RB3564D__002_55_000A.jpg?v=1785301033
rayban-rb3564d-0025554,,,,,,,,,,,,,,,,,,,,,,,,,,,,,,,,https://cdn.shopify.com/s/files/1/1056/5215/8545/files/0RB3564D__002_55_030A.jpg?v=1785301036
rayban-rb3564d-0412y54,Ray-Ban 3564 — sp5s-Dark TortGn,"Frame: sp5s-Dark TortGn. Lens: PinkMirr, 10. Authentic, sold by an authorized retailer.",Ray-Ban,Sunglasses,"Ray-Ban, 3564",TRUE,Title,Default Title,,,,,RB3564D-0412Y54,2790000,,,shopify,,,false,,,,,,,,,,,RB3564D-0412Y54,https://cdn.shopify.com/s/files/1/1056/5215/8545/files/0RB3564D__041_2Y_000A.jpg?v=1785301039
rayban-rb3564d-0412y54,,,,,,,,,,,,,,,,,,,,,,,,,,,,,,,,https://cdn.shopify.com/s/files/1/1056/5215/8545/files/0RB3564D__041_2Y_030A.jpg?v=1785301042
rayban-rb3564d-902730,Ray-Ban 3564 — sp5s-BlkGun,"Frame: sp5s-BlkGun. Lens: GryMirr54, 10. Authentic, sold by an authorized retailer.",Ray-Ban,Sunglasses,"Ray-Ban, 3564",TRUE,Title,Default Title,,,,,RB3564D-902730,1950000,2790000,,shopify,,,false,,,,,,,,,,,RB3564D-902730,https://cdn.shopify.com/s/files/1/1056/5215/8545/files/0RB3564D__902730_000A.jpg?v=1785301046
rayban-rb3564d-902730,,,,,,,,,,,,,,,,,,,,,,,,,,,,,,,,https://cdn.shopify.com/s/files/1/1056/5215/8545/files/0RB3564D__902730_030A.jpg?v=1785301049
rayban-rb3565-0018653,"Ray-Ban 3565 (Jack) — Wired Metal, Metal Gold","Frame: Metal Gold. Lens: BlueGrdGry. Unisex / Irregular shape. Fit: Bridge: 20mm, Lens width: 51mm, Lens height: 45mm, Temple: 145mm. Authentic, sold by an authorized retailer.",Ray-Ban,Sunglasses,"Ray-Ban, 3565 (Jack), Irregular",TRUE,Title,Default Title,,,,,RB3565-0018653,3240000,4050000,,shopify,Unisex,Irregular,false,Metal,Crystal,20,51,45,145,Brown,Arista Gold,Metal,Adjustable Nosepads,RB3565-0018653,https://cdn.shopify.com/s/files/1/1056/5215/8545/files/0RB3565__001_86__STD__noshad__fr.jpg?v=1785301064
rayban-rb3565-0018653,,,,,,,,,,,,,,,,,,,,,,,,,,,,,,,,https://cdn.shopify.com/s/files/1/1056/5215/8545/files/0RB3565__001_86__STD__noshad__qt.jpg?v=1785301068
rayban-rb3565-0018655,"Ray-Ban 3565 (Jack) — Wired Metal, Metal Gold","Frame: Metal Gold. Lens: BlueGrdGry. Unisex / Irregular shape. Fit: Bridge: 20mm, Lens width: 51mm, Lens height: 45mm, Temple: 145mm. Authentic, sold by an authorized retailer.",Ray-Ban,Sunglasses,"Ray-Ban, 3565 (Jack), Irregular",TRUE,Title,Default Title,,,,,RB3565-0018655,3240000,4050000,,shopify,Unisex,Irregular,false,Metal,Crystal,20,51,45,145,Brown,Arista Gold,Metal,Adjustable Nosepads,RB3565-0018655,https://cdn.shopify.com/s/files/1/1056/5215/8545/files/0RB3565__001_86__STD__noshad__fr.jpg?v=1785301064
rayban-rb3565-0018655,,,,,,,,,,,,,,,,,,,,,,,,,,,,,,,,https://cdn.shopify.com/s/files/1/1056/5215/8545/files/0RB3565__001_86__STD__noshad__qt.jpg?v=1785301068
rayban-rb3565-001bh53,"Ray-Ban 3565 (Jack) — Wired Metal, Metal Gold","Frame: Metal Gold. Lens: GrnVintage. Unisex / Irregular shape. Fit: Bridge: 20mm, Lens width: 51mm, Lens height: 45mm, Temple: 145mm. Authentic, sold by an authorized retailer.",Ray-Ban,Sunglasses,"Ray-Ban, 3565 (Jack), Irregular",TRUE,Title,Default Title,,,,,RB3565-001BH53,3240000,4050000,,shopify,Unisex,Irregular,false,Metal,Crystal,20,51,45,145,Brown,Arista Gold,Metal,Adjustable Nosepads,RB3565-001BH53,https://cdn.shopify.com/s/files/1/1056/5215/8545/files/0RB3565__001_BH__P21__noshad__fr.jpg?v=1785301071
rayban-rb3565-001bh53,,,,,,,,,,,,,,,,,,,,,,,,,,,,,,,,https://cdn.shopify.com/s/files/1/1056/5215/8545/files/0RB3565__001_BH__P21__noshad__qt.jpg?v=1785301074
rayban-rb3565-001bh55,"Ray-Ban 3565 (Jack) — Wired Metal, Metal Gold","Frame: Metal Gold. Lens: GrnVintage. Unisex / Irregular shape. Fit: Bridge: 20mm, Lens width: 51mm, Lens height: 45mm, Temple: 145mm. Authentic, sold by an authorized retailer.",Ray-Ban,Sunglasses,"Ray-Ban, 3565 (Jack), Irregular",TRUE,Title,Default Title,,,,,RB3565-001BH55,3240000,4050000,,shopify,Unisex,Irregular,false,Metal,Crystal,20,51,45,145,Brown,Arista Gold,Metal,Adjustable Nosepads,RB3565-001BH55,https://cdn.shopify.com/s/files/1/1056/5215/8545/files/0RB3565__001_BH__P21__noshad__fr.jpg?v=1785301071
rayban-rb3565-001bh55,,,,,,,,,,,,,,,,,,,,,,,,,,,,,,,,https://cdn.shopify.com/s/files/1/1056/5215/8545/files/0RB3565__001_BH__P21__noshad__qt.jpg?v=1785301074
rayban-rb3565-001gd53,"Ray-Ban 3565 (Jack) — Wired Metal, Metal Gold","Frame: Metal Gold. Lens: ClrGradGryBlue. Unisex / Irregular shape. Fit: Bridge: 20mm, Lens width: 51mm, Lens height: 45mm, Temple: 145mm. Authentic, sold by an authorized retailer.",Ray-Ban,Sunglasses,"Ray-Ban, 3565 (Jack), Irregular",TRUE,Title,Default Title,,,,,RB3565-001GD53,3240000,4050000,,shopify,Unisex,Irregular,false,Metal,Crystal,20,51,45,145,Brown,Arista Gold,Metal,Adjustable Nosepads,RB3565-001GD53,https://cdn.shopify.com/s/files/1/1056/5215/8545/files/0RB3565__001_GD__STD__noshad__fr.jpg?v=1785301078
rayban-rb3565-001gd53,,,,,,,,,,,,,,,,,,,,,,,,,,,,,,,,https://cdn.shopify.com/s/files/1/1056/5215/8545/files/0RB3565__001_GD__STD__noshad__qt.jpg?v=1785301081
rayban-rb3565-0024851,"Ray-Ban 3565 (Jack) — Wired Metal, Metal Black","Frame: Metal Black. Lens: GryPol. Unisex / Irregular shape. Fit: Bridge: 20mm, Lens width: 51mm, Lens height: 45mm, Temple: 145mm. Authentic, sold by an authorized retailer.",Ray-Ban,Sunglasses,"Ray-Ban, 3565 (Jack), Irregular",TRUE,Title,Default Title,,,,,RB3565-0024851,3984000,4980000,,shopify,Unisex,Irregular,false,Metal,Crystal,20,51,45,145,Brown,Arista Gold,Metal,Adjustable Nosepads,RB3565-0024851,https://cdn.shopify.com/s/files/1/1056/5215/8545/files/0RB3565__002_48__STD__noshad__fr.jpg?v=1785301084
rayban-rb3565-0024851,,,,,,,,,,,,,,,,,,,,,,,,,,,,,,,,https://cdn.shopify.com/s/files/1/1056/5215/8545/files/0RB3565__002_48__STD__noshad__qt.jpg?v=1785301087
rayban-rb3565-0033f53,"Ray-Ban 3565 (Jack) — Wired Metal, Metal Silver","Frame: Metal Silver. Lens: ClrGrdBlue. Unisex / Irregular shape. Fit: Bridge: 20mm, Lens width: 51mm, Lens height: 45mm, Temple: 145mm. Authentic, sold by an authorized retailer.",Ray-Ban,Sunglasses,"Ray-Ban, 3565 (Jack), Irregular",TRUE,Title,Default Title,,,,,RB3565-0033F53,3240000,4050000,,shopify,Unisex,Irregular,false,Metal,Crystal,20,51,45,145,Brown,Arista Gold,Metal,Adjustable Nosepads,RB3565-0033F53,https://cdn.shopify.com/s/files/1/1056/5215/8545/files/0RB3565__003_3F__STD__noshad__fr.jpg?v=1785301091
rayban-rb3565-0033f53,,,,,,,,,,,,,,,,,,,,,,,,,,,,,,,,https://cdn.shopify.com/s/files/1/1056/5215/8545/files/0RB3565__003_3F__STD__noshad__qt.jpg?v=1785301094
rayban-rb3565-004gf53,"Ray-Ban 3565 (Jack) — Wired Metal, Metal Gun","Frame: Metal Gun. Lens: ClrGrdGry. Unisex / Irregular shape. Fit: Bridge: 20mm, Lens width: 51mm, Lens height: 45mm, Temple: 145mm. Authentic, sold by an authorized retailer.",Ray-Ban,Sunglasses,"Ray-Ban, 3565 (Jack), Irregular",TRUE,Title,Default Title,,,,,RB3565-004GF53,2728000,3410000,,shopify,Unisex,Irregular,false,Metal,Crystal,20,51,45,145,Brown,Arista Gold,Metal,Adjustable Nosepads,RB3565-004GF53,https://cdn.shopify.com/s/files/1/1056/5215/8545/files/0RB3565__004_GF__STD__noshad__fr.jpg?v=1785301097
rayban-rb3565-004gf53,,,,,,,,,,,,,,,,,,,,,,,,,,,,,,,,https://cdn.shopify.com/s/files/1/1056/5215/8545/files/0RB3565__004_GF__STD__noshad__qt.jpg?v=1785301101
rayban-rb3565-91963153,"Ray-Ban 3565 (Jack) — Wired Metal, Metal Gold","Frame: Metal Gold. Lens: Green. Unisex / Irregular shape. Fit: Bridge: 20mm, Lens width: 51mm, Lens height: 45mm, Temple: 145mm. Authentic, sold by an authorized retailer.",Ray-Ban,Sunglasses,"Ray-Ban, 3565 (Jack), Irregular",TRUE,Title,Default Title,,,,,RB3565-91963153,3820000,,,shopify,Unisex,Irregular,false,Metal,Crystal,20,51,45,145,Brown,Arista Gold,Metal,Adjustable Nosepads,RB3565-91963153,https://cdn.shopify.com/s/files/1/1056/5215/8545/files/0RB3565__919631__STD__noshad__fr.jpg?v=1785301104
rayban-rb3565-91963153,,,,,,,,,,,,,,,,,,,,,,,,,,,,,,,,https://cdn.shopify.com/s/files/1/1056/5215/8545/files/0RB3565__919631__STD__noshad__qt.jpg?v=1785301107
rayban-rb3565-91963155,"Ray-Ban 3565 (Jack) — Wired Metal, Metal LegendGld","Frame: Metal LegendGld. Lens: Green. Unisex / Irregular shape. Fit: Bridge: 20mm, Lens width: 51mm, Lens height: 45mm, Temple: 145mm. Authentic, sold by an authorized retailer.",Ray-Ban,Sunglasses,"Ray-Ban, 3565 (Jack), Irregular",TRUE,Title,Default Title,,,,,RB3565-91963155,3056000,3820000,,shopify,Unisex,Irregular,false,Metal,Crystal,20,51,45,145,Brown,Arista Gold,Metal,Adjustable Nosepads,RB3565-91963155 ,https://cdn.shopify.com/s/files/1/1056/5215/8545/files/0RB3565__919631__STD__noshad__fr.jpg?v=1785301104
rayban-rb3565-91963155,,,,,,,,,,,,,,,,,,,,,,,,,,,,,,,,https://cdn.shopify.com/s/files/1/1056/5215/8545/files/0RB3565__919631__STD__noshad__qt.jpg?v=1785301107
rayban-rb3565-91963353,"Ray-Ban 3565 (Jack) — Wired Metal, Metal LegendGld","Frame: Metal LegendGld. Lens: Brown. Unisex / Irregular shape. Fit: Bridge: 20mm, Lens width: 51mm, Lens height: 45mm, Temple: 145mm. Authentic, sold by an authorized retailer.",Ray-Ban,Sunglasses,"Ray-Ban, 3565 (Jack), Irregular",TRUE,Title,Default Title,,,,,RB3565-91963353,2552000,3190000,,shopify,Unisex,Irregular,false,Metal,Crystal,20,51,45,145,Brown,Arista Gold,Metal,Adjustable Nosepads,RB3565-91963353,https://cdn.shopify.com/s/files/1/1056/5215/8545/files/0RB3565__919633__STD__noshad__fr.jpg?v=1785301111
rayban-rb3565-91963353,,,,,,,,,,,,,,,,,,,,,,,,,,,,,,,,https://cdn.shopify.com/s/files/1/1056/5215/8545/files/0RB3565__919633__STD__noshad__qt.jpg?v=1785301114
rayban-rb3565-92023155,"Ray-Ban 3565 (Jack) — Wired Metal, Metal RoseGld","Frame: Metal RoseGld. Lens: Green. Unisex / Irregular shape. Fit: Bridge: 20mm, Lens width: 51mm, Lens height: 45mm, Temple: 145mm. Authentic, sold by an authorized retailer.",Ray-Ban,Sunglasses,"Ray-Ban, 3565 (Jack), Irregular",TRUE,Title,Default Title,,,,,RB3565-92023155,3056000,3820000,,shopify,Unisex,Irregular,false,Metal,Crystal,20,51,45,145,Brown,Arista Gold,Metal,Adjustable Nosepads,RB3565-92023155,https://cdn.shopify.com/s/files/1/1056/5215/8545/files/0RB3565__920231__P21__noshad__fr.jpg?v=1785301117
rayban-rb3565-92023155,,,,,,,,,,,,,,,,,,,,,,,,,,,,,,,,https://cdn.shopify.com/s/files/1/1056/5215/8545/files/0RB3565__920231__P21__noshad__qt.jpg?v=1785301120
rayban-rb3565-92023f51,"Ray-Ban 3565 (Jack) — Wired Metal, Metal RoseGld","Frame: Metal RoseGld. Lens: ClrGrdBlue. Unisex / Irregular shape. Fit: Bridge: 20mm, Lens width: 51mm, Lens height: 45mm, Temple: 145mm. Authentic, sold by an authorized retailer.",Ray-Ban,Sunglasses,"Ray-Ban, 3565 (Jack), Irregular",TRUE,Title,Default Title,,,,,RB3565-92023F51,3240000,4050000,,shopify,Unisex,Irregular,false,Metal,Crystal,20,51,45,145,Brown,Arista Gold,Metal,Adjustable Nosepads,RB3565-92023F51,https://cdn.shopify.com/s/files/1/1056/5215/8545/files/0RB3565__92023F__P21__noshad__fr.jpg?v=1785301124
rayban-rb3565-92023f51,,,,,,,,,,,,,,,,,,,,,,,,,,,,,,,,https://cdn.shopify.com/s/files/1/1056/5215/8545/files/0RB3565__92023F__P21__noshad__qt.jpg?v=1785301127
rayban-rb3565-92023f53,"Ray-Ban 3565 (Jack) — Wired Metal, Metal RoseGld","Frame: Metal RoseGld. Lens: ClrGrdBlue. Unisex / Irregular shape. Fit: Bridge: 20mm, Lens width: 51mm, Lens height: 45mm, Temple: 145mm. Authentic, sold by an authorized retailer.",Ray-Ban,Sunglasses,"Ray-Ban, 3565 (Jack), Irregular",TRUE,Title,Default Title,,,,,RB3565-92023F53,3240000,4050000,,shopify,Unisex,Irregular,false,Metal,Crystal,20,51,45,145,Brown,Arista Gold,Metal,Adjustable Nosepads,RB3565-92023F53,https://cdn.shopify.com/s/files/1/1056/5215/8545/files/0RB3565__92023F__P21__noshad__fr.jpg?v=1785301124
rayban-rb3565-92023f53,,,,,,,,,,,,,,,,,,,,,,,,,,,,,,,,https://cdn.shopify.com/s/files/1/1056/5215/8545/files/0RB3565__92023F__P21__noshad__qt.jpg?v=1785301127
rayban-rb3565-9202g953,"Ray-Ban 3565 (Jack) — Wired Metal, Metal RoseGld","Frame: Metal RoseGld. Lens: MirrRedGrdPolar. Unisex / Irregular shape. Fit: Bridge: 20mm, Lens width: 51mm, Lens height: 45mm, Temple: 145mm. Authentic, sold by an authorized retailer.",Ray-Ban,Sunglasses,"Ray-Ban, 3565 (Jack), Irregular",TRUE,Title,Default Title,,,,,RB3565-9202G953,4552000,5690000,,shopify,Unisex,Irregular,false,Metal,Crystal,20,51,45,145,Brown,Arista Gold,Metal,Adjustable Nosepads,RB3565-9202G953,https://cdn.shopify.com/s/files/1/1056/5215/8545/files/0RB3565__9202G9__P21__noshad__fr.jpg?v=1785301130
rayban-rb3565-9202g953,,,,,,,,,,,,,,,,,,,,,,,,,,,,,,,,https://cdn.shopify.com/s/files/1/1056/5215/8545/files/0RB3565__9202G9__P21__noshad__qt.jpg?v=1785301134
rayban-rb3565-9202r553,"Ray-Ban 3565 (Jack) — Wired Metal, Metal RoseGld","Frame: Metal RoseGld. Lens: Blue. Unisex / Irregular shape. Fit: Bridge: 20mm, Lens width: 51mm, Lens height: 45mm, Temple: 145mm. Authentic, sold by an authorized retailer.",Ray-Ban,Sunglasses,"Ray-Ban, 3565 (Jack), Irregular",TRUE,Title,Default Title,,,,,RB3565-9202R553,2552000,3190000,,shopify,Unisex,Irregular,false,Metal,Crystal,20,51,45,145,Brown,Arista Gold,Metal,Adjustable Nosepads,RB3565-9202R553 ,https://cdn.shopify.com/s/files/1/1056/5215/8545/files/0RB3565__9202R5__P21__noshad__fr.jpg?v=1785301137
rayban-rb3565-9202r553,,,,,,,,,,,,,,,,,,,,,,,,,,,,,,,,https://cdn.shopify.com/s/files/1/1056/5215/8545/files/0RB3565__9202R5__P21__noshad__qt.jpg?v=1785301140
rayban-rb3565d-0025556,Ray-Ban 3565 (Jack) — sp5s-Black,"Frame: sp5s-Black. Lens: BlueMirr, 10. Authentic, sold by an authorized retailer.",Ray-Ban,Sunglasses,"Ray-Ban, 3565 (Jack)",TRUE,Title,Default Title,,,,,RB3565D-0025556,2790000,,,shopify,,,false,,,,,,,,,,,RB3565D-0025556,https://cdn.shopify.com/s/files/1/1056/5215/8545/files/0RB3565D__002_55_000A.jpg?v=1785301052
rayban-rb3565d-0025556,,,,,,,,,,,,,,,,,,,,,,,,,,,,,,,,https://cdn.shopify.com/s/files/1/1056/5215/8545/files/0RB3565D__002_55_030A.jpg?v=1785301055
rayban-rb3565d-902730,Ray-Ban 3565 (Jack) — sp5s-BlkSilv,"Frame: sp5s-BlkSilv. Lens: GryMirr56, 10. Authentic, sold by an authorized retailer.",Ray-Ban,Sunglasses,"Ray-Ban, 3565 (Jack)",TRUE,Title,Default Title,,,,,RB3565D-902730,2790000,,,shopify,,,false,,,,,,,,,,,RB3565D-902730,https://cdn.shopify.com/s/files/1/1056/5215/8545/files/0RB3565D__902730_000A.jpg?v=1785301058
rayban-rb3565d-902730,,,,,,,,,,,,,,,,,,,,,,,,,,,,,,,,https://cdn.shopify.com/s/files/1/1056/5215/8545/files/0RB3565D__902730_030A.jpg?v=1785301061
rayban-rb3569-90048g59,"Ray-Ban 3569 — Metal, NT-Metal BlkOnSilv","Frame: NT-Metal BlkOnSilv. Lens: Light GryGrdD.Grey. Unisex / Square shape. Fit: Bridge: 17mm, Lens width: 59mm, Lens height: 44mm, Temple: 145mm. Authentic, sold by an authorized retailer.",Ray-Ban,Sunglasses,"Ray-Ban, 3569, Square",TRUE,Title,Default Title,,,,,RB3569-90048G59,3424000,4280000,,shopify,Unisex,Square,false,Metal,Polycarbonate,17,59,44,145,Grey Gradient Mirror,Black On Gold,Steel,Adjustable Nosepads,RB3569-90048G59 ,https://cdn.shopify.com/s/files/1/1056/5215/8545/files/0RB3569__90048G_000A.jpg?v=1783966630
rayban-rb3569-90048g59,,,,,,,,,,,,,,,,,,,,,,,,,,,,,,,,https://cdn.shopify.com/s/files/1/1056/5215/8545/files/0RB3569__90048G_030A.jpg?v=1783966633
rayban-rb3569-90049a59,"Ray-Ban 3569 — Metal, NT-Metal BlkOnSilv","Frame: NT-Metal BlkOnSilv. Lens: Green. Unisex / Square shape. Fit: Bridge: 17mm, Lens width: 59mm, Lens height: 44mm, Temple: 145mm. Authentic, sold by an authorized retailer.",Ray-Ban,Sunglasses,"Ray-Ban, 3569, Square",TRUE,Title,Default Title,,,,,RB3569-90049A59,3456000,4320000,,shopify,Unisex,Square,false,Metal,Polycarbonate,17,59,44,145,Grey Gradient Mirror,Black On Gold,Steel,Adjustable Nosepads,RB3569-90049A59 ,https://cdn.shopify.com/s/files/1/1056/5215/8545/files/0RB3569__90049A_000A.jpg?v=1783966637
rayban-rb3569-90049a59,,,,,,,,,,,,,,,,,,,,,,,,,,,,,,,,https://cdn.shopify.com/s/files/1/1056/5215/8545/files/0RB3569__90049A_030A.jpg?v=1783966639
rayban-rb3574n-0033059,Ray-Ban 3574 (Blaze Round) — sp5s-Silver,"Frame: sp5s-Silver. Lens: GrnMirrSilv, 10. Authentic, sold by an authorized retailer.",Ray-Ban,Sunglasses,"Ray-Ban, 3574 (Blaze Round)",TRUE,Title,Default Title,,,,,RB3574N-0033059,3390000,,,shopify,,,false,,,,,,,,,,,RB3574N-0033059,https://cdn.shopify.com/s/files/1/1056/5215/8545/files/0RB3574N__003_30_000A.jpg?v=1785301143
rayban-rb3574n-0033059,,,,,,,,,,,,,,,,,,,,,,,,,,,,,,,,https://cdn.shopify.com/s/files/1/1056/5215/8545/files/0RB3574N__003_30_030A.jpg?v=1785301146
rayban-rb3576n-1537v,Ray-Ban 3576-BlazeClubM — sp4s,"Frame: sp4s. Lens: 5s-MBlk. Authentic, sold by an authorized retailer.",Ray-Ban,Sunglasses,"Ray-Ban, 3576-BlazeClubM",TRUE,Title,Default Title,,,,,RB3576N-1537V,3590000,,,shopify,,,false,,,,,,,,,,,RB3576N-1537V,https://cdn.shopify.com/s/files/1/1056/5215/8545/files/0RB3576N__153_7V__STD__noshad__fr.jpg?v=1785301150
rayban-rb3576n-1537v,,,,,,,,,,,,,,,,,,,,,,,,,,,,,,,,https://cdn.shopify.com/s/files/1/1056/5215/8545/files/0RB3576N__153_7V__STD__noshad__qt.jpg?v=1785301153
rayban-rb3579n-1537v58,Ray-Ban 3579 (Blaze Hexagonal) — sp4s,"Frame: sp4s. Lens: 5s-DmBlk. Authentic, sold by an authorized retailer.",Ray-Ban,Sunglasses,"Ray-Ban, 3579 (Blaze Hexagonal)",TRUE,Title,Default Title,,,,,RB3579N-1537V58,3590000,,,shopify,,,false,,,,,,,,,,,RB3579N-1537V58,https://cdn.shopify.com/s/files/1/1056/5215/8545/files/0RB3579N__153_7V_000A.jpg?v=1785301156
rayban-rb3579n-1537v58,,,,,,,,,,,,,,,,,,,,,,,,,,,,,,,,https://cdn.shopify.com/s/files/1/1056/5215/8545/files/0RB3579N__153_7V_030A.jpg?v=1785301159
rayban-rb3579n-90351u,Ray-Ban 3579 (Blaze Hexagonal) — sp5s-Copper,"Frame: sp5s-Copper. Lens: VioletMirrSilv58, 10. Authentic, sold by an authorized retailer.",Ray-Ban,Sunglasses,"Ray-Ban, 3579 (Blaze Hexagonal)",TRUE,Title,Default Title,,,,,RB3579N-90351U,3390000,,,shopify,,,false,,,,,,,,,,,RB3579N-90351U,https://cdn.shopify.com/s/files/1/1056/5215/8545/files/0RB3579N__90351U_000A.jpg?v=1785301162
rayban-rb3579n-90351u,,,,,,,,,,,,,,,,,,,,,,,,,,,,,,,,https://cdn.shopify.com/s/files/1/1056/5215/8545/files/0RB3579N__90351U_030A.jpg?v=1785301165
rayban-rb3584n-905130,Ray-Ban 3584-BlazeAviator — sp4s,"Frame: sp4s. Lens: 5s-SilvWht. Authentic, sold by an authorized retailer.",Ray-Ban,Sunglasses,"Ray-Ban, 3584-BlazeAviator",TRUE,Title,Default Title,,,,,RB3584N-905130,3590000,,,shopify,,,false,,,,,,,,,,,RB3584N-905130,https://cdn.shopify.com/s/files/1/1056/5215/8545/files/0RB3584N__905130_000A.jpg?v=1785301168
rayban-rb3584n-905130,,,,,,,,,,,,,,,,,,,,,,,,,,,,,,,,https://cdn.shopify.com/s/files/1/1056/5215/8545/files/0RB3584N__905130_030A.jpg?v=1785301171
rayban-rb3593-0029a58,Ray-Ban 3593 — sp3-Black,"Frame: sp3-Black. Lens: Polarized Green. Authentic, sold by an authorized retailer.",Ray-Ban,Sunglasses,"Ray-Ban, 3593",TRUE,Title,Default Title,,,,,RB3593-0029A58,2450000,3290000,,shopify,,,false,,,,,,,,,,,RB3593-0029A58,https://cdn.shopify.com/s/files/1/1056/5215/8545/files/0RB3593__002_9A_000A.jpg?v=1785301174
rayban-rb3593-0029a58,,,,,,,,,,,,,,,,,,,,,,,,,,,,,,,,https://cdn.shopify.com/s/files/1/1056/5215/8545/files/0RB3593__002_9A_030A.jpg?v=1785301178
rayban-rb3612d-0041356,Ray-Ban 3612 — Gun,"Frame: Gun. Lens: GrdBrw(Round). Authentic, sold by an authorized retailer.",Ray-Ban,Sunglasses,"Ray-Ban, 3612",TRUE,Title,Default Title,,,,,RB3612D-0041356,2304000,2880000,,shopify,,,false,,,,,,,,,,,RB3612D-0041356,https://cdn.shopify.com/s/files/1/1056/5215/8545/files/0RB3612D__004_13__STD__noshad__fr.jpg?v=1785301181
rayban-rb3612d-0041356,,,,,,,,,,,,,,,,,,,,,,,,,,,,,,,,https://cdn.shopify.com/s/files/1/1056/5215/8545/files/0RB3612D__004_13__STD__noshad__qt.jpg?v=1785301183
rayban-rb3625-003r558,"Ray-Ban 3625 (New Aviator) — Aviator Family, Metal Silver(ukir)","Frame: Metal Silver(ukir). Lens: BlueGlss. Unisex / Pilot shape. Fit: Bridge: 14mm, Lens width: 57mm, Lens height: 50mm, Temple: 135mm. Authentic, sold by an authorized retailer.",Ray-Ban,Sunglasses,"Ray-Ban, 3625 (New Aviator), Pilot",TRUE,Title,Default Title,,,,,RB3625-003R558,3240000,4050000,,shopify,Unisex,Pilot,false,Metal,Crystal,14,57,50,135,Dark Grey,Black,Metal,Adjustable Nosepads,RB3625-003R558,https://cdn.shopify.com/s/files/1/1056/5215/8545/files/0RB3625__003_R5__STD__noshad__fr.jpg?v=1785301187
rayban-rb3625-003r558,,,,,,,,,,,,,,,,,,,,,,,,,,,,,,,,https://cdn.shopify.com/s/files/1/1056/5215/8545/files/0RB3625__003_R5__STD__noshad__qt.jpg?v=1785301190
rayban-rb3625-9196g662,"Ray-Ban 3625 (New Aviator) — Aviator Family, Metal LegendGld","Frame: Metal LegendGld. Lens: PolarClrGrdD.Brown. Unisex / Pilot shape. Fit: Bridge: 14mm, Lens width: 57mm, Lens height: 50mm, Temple: 135mm. Authentic, sold by an authorized retailer.",Ray-Ban,Sunglasses,"Ray-Ban, 3625 (New Aviator), Pilot",TRUE,Title,Default Title,,,,,RB3625-9196G662,4736000,5920000,,shopify,Unisex,Pilot,false,Metal,Crystal,14,57,50,135,Dark Grey,Black,Metal,Adjustable Nosepads,RB3625-9196G662,https://cdn.shopify.com/s/files/1/1056/5215/8545/files/0RB3625__9196G6__STD__noshad__fr.jpg?v=1785301193
rayban-rb3625-9196g662,,,,,,,,,,,,,,,,,,,,,,,,,,,,,,,,https://cdn.shopify.com/s/files/1/1056/5215/8545/files/0RB3625__9196G6__STD__noshad__qt.jpg?v=1785301196
rayban-rb3625-92023f58,"Ray-Ban 3625 (New Aviator) — Aviator Family, Metal RoseGld(ukir)","Frame: Metal RoseGld(ukir). Lens: ClrGrdBlueGls. Unisex / Pilot shape. Fit: Bridge: 14mm, Lens width: 57mm, Lens height: 50mm, Temple: 135mm. Authentic, sold by an authorized retailer.",Ray-Ban,Sunglasses,"Ray-Ban, 3625 (New Aviator), Pilot",TRUE,Title,Default Title,,,,,RB3625-92023F58,3424000,4280000,,shopify,Unisex,Pilot,false,Metal,Crystal,14,57,50,135,Dark Grey,Black,Metal,Adjustable Nosepads,RB3625-92023F58,https://cdn.shopify.com/s/files/1/1056/5215/8545/files/0RB3625__92023F__STD__noshad__fr.jpg?v=1785301200
rayban-rb3625-92023f58,,,,,,,,,,,,,,,,,,,,,,,,,,,,,,,,https://cdn.shopify.com/s/files/1/1056/5215/8545/files/0RB3625__92023F__STD__noshad__qt.jpg?v=1785301203
rayban-rb3625-92023f62,"Ray-Ban 3625 (New Aviator) — Aviator Family, Metal RoseGld","Frame: Metal RoseGld. Lens: ClrGrdBlue. Unisex / Pilot shape. Fit: Bridge: 14mm, Lens width: 57mm, Lens height: 50mm, Temple: 135mm. Authentic, sold by an authorized retailer.",Ray-Ban,Sunglasses,"Ray-Ban, 3625 (New Aviator), Pilot",TRUE,Title,Default Title,,,,,RB3625-92023F62,3424000,4280000,,shopify,Unisex,Pilot,false,Metal,Crystal,14,57,50,135,Dark Grey,Black,Metal,Adjustable Nosepads,RB3625-92023F62,https://cdn.shopify.com/s/files/1/1056/5215/8545/files/0RB3625__92023F__STD__noshad__fr.jpg?v=1785301200
rayban-rb3625-92023f62,,,,,,,,,,,,,,,,,,,,,,,,,,,,,,,,https://cdn.shopify.com/s/files/1/1056/5215/8545/files/0RB3625__92023F__STD__noshad__qt.jpg?v=1785301203
rayban-rb3636-9196g558,"Ray-Ban 3636 (New Caravan) — Wired Metal, Metal Gold","Frame: Metal Gold. Lens: Polarized GrdBrw(Chrm). Unisex / Square shape. Fit: Bridge: 15mm, Lens width: 58mm, Lens height: 44mm, Temple: 140mm. Authentic, sold by an authorized retailer.",Ray-Ban,Sunglasses,"Ray-Ban, 3636 (New Caravan), Square",TRUE,Title,Default Title,,,,,RB3636-9196G558,4736000,5920000,,shopify,Unisex,Square,false,Metal,Crystal,15,58,44,140,Dark Grey,Black,Metal,Adjustable Nosepads,RB3636-9196G558,https://cdn.shopify.com/s/files/1/1056/5215/8545/files/0RB3636__9196G5__STD__noshad__fr.jpg?v=1785301206
rayban-rb3636-9196g558,,,,,,,,,,,,,,,,,,,,,,,,,,,,,,,,https://cdn.shopify.com/s/files/1/1056/5215/8545/files/0RB3636__9196G5__STD__noshad__qt.jpg?v=1785301209
rayban-rb3636-9196g658,"Ray-Ban 3636 (New Caravan) — Wired Metal, Metal LgnGld","Frame: Metal LgnGld. Lens: Polarized ClrGrdD.Blue. Unisex / Square shape. Fit: Bridge: 15mm, Lens width: 58mm, Lens height: 44mm, Temple: 140mm. Authentic, sold by an authorized retailer.",Ray-Ban,Sunglasses,"Ray-Ban, 3636 (New Caravan), Square",TRUE,Title,Default Title,,,,,RB3636-9196G658,4736000,5920000,,shopify,Unisex,Square,false,Metal,Crystal,15,58,44,140,Dark Grey,Black,Metal,Adjustable Nosepads,RB3636-9196G658,https://cdn.shopify.com/s/files/1/1056/5215/8545/files/0RB3636__9196G6__STD__noshad__fr.jpg?v=1785301212
rayban-rb3636-9196g658,,,,,,,,,,,,,,,,,,,,,,,,,,,,,,,,https://cdn.shopify.com/s/files/1/1056/5215/8545/files/0RB3636__9196G6__STD__noshad__qt.jpg?v=1785301215
rayban-rb3637-0015153,"Ray-Ban 3637  (NewRound)  — Round Family, Metal Gold","Frame: Metal Gold. Lens: ClrGrdBrw. Unisex / Phantos shape. Fit: Bridge: 21mm, Lens width: 50mm, Lens height: 47mm, Temple: 140mm. Authentic, sold by an authorized retailer.",Ray-Ban,Sunglasses,"Ray-Ban, 3637  (NewRound) , Phantos",TRUE,Title,Default Title,,,,,RB3637-0015153,3080000,3850000,,shopify,Unisex,Phantos,false,Metal,Crystal,21,50,47,140,Blue,Arista Gold,Metal,Adjustable Nosepads,RB3637-0015153 ,https://cdn.shopify.com/s/files/1/1056/5215/8545/files/0RB3637__001_51__P21__noshad__fr.jpg?v=1785301219
rayban-rb3637-0015153,,,,,,,,,,,,,,,,,,,,,,,,,,,,,,,,https://cdn.shopify.com/s/files/1/1056/5215/8545/files/0RB3637__001_51__P21__noshad__qt.jpg?v=1785301222
rayban-rb3637-002g150,"Ray-Ban 3637  (NewRound)  — Round Family, Metal Black","Frame: Metal Black. Lens: GrnMirrBlue. Unisex / Phantos shape. Fit: Bridge: 21mm, Lens width: 50mm, Lens height: 47mm, Temple: 140mm. Authentic, sold by an authorized retailer.",Ray-Ban,Sunglasses,"Ray-Ban, 3637  (NewRound) , Phantos",TRUE,Title,Default Title,,,,,RB3637-002G150,3616000,4520000,,shopify,Unisex,Phantos,false,Metal,Crystal,21,50,47,140,Blue,Arista Gold,Metal,Adjustable Nosepads,RB3637-002G150,https://cdn.shopify.com/s/files/1/1056/5215/8545/files/0RB3637__002_G1__STD__noshad__fr.jpg?v=1785301226
rayban-rb3637-002g150,,,,,,,,,,,,,,,,,,,,,,,,,,,,,,,,https://cdn.shopify.com/s/files/1/1056/5215/8545/files/0RB3637__002_G1__STD__noshad__qt.jpg?v=1785301229
rayban-rb3637-002g153,"Ray-Ban 3637  (NewRound)  — Round Family, Metal Black","Frame: Metal Black. Lens: GrnMirrBlue. Unisex / Phantos shape. Fit: Bridge: 21mm, Lens width: 50mm, Lens height: 47mm, Temple: 140mm. Authentic, sold by an authorized retailer.",Ray-Ban,Sunglasses,"Ray-Ban, 3637  (NewRound) , Phantos",TRUE,Title,Default Title,,,,,RB3637-002G153,3616000,4520000,,shopify,Unisex,Phantos,false,Metal,Crystal,21,50,47,140,Blue,Arista Gold,Metal,Adjustable Nosepads,RB3637-002G153,https://cdn.shopify.com/s/files/1/1056/5215/8545/files/0RB3637__002_G1__STD__noshad__fr.jpg?v=1785301226
rayban-rb3637-002g153,,,,,,,,,,,,,,,,,,,,,,,,,,,,,,,,https://cdn.shopify.com/s/files/1/1056/5215/8545/files/0RB3637__002_G1__STD__noshad__qt.jpg?v=1785301229
rayban-rb3637-91963150,"Ray-Ban 3637  (NewRound)  — Round Family, Metal LegendGld","Frame: Metal LegendGld. Lens: Green. Unisex / Phantos shape. Fit: Bridge: 21mm, Lens width: 50mm, Lens height: 47mm, Temple: 140mm. Authentic, sold by an authorized retailer.",Ray-Ban,Sunglasses,"Ray-Ban, 3637  (NewRound) , Phantos",TRUE,Title,Default Title,,,,,RB3637-91963150,3240000,4050000,,shopify,Unisex,Phantos,false,Metal,Crystal,21,50,47,140,Blue,Arista Gold,Metal,Adjustable Nosepads,RB3637-91963150,https://cdn.shopify.com/s/files/1/1056/5215/8545/files/0RB3637__919631__STD__noshad__fr.jpg?v=1785301232
rayban-rb3637-91963150,,,,,,,,,,,,,,,,,,,,,,,,,,,,,,,,https://cdn.shopify.com/s/files/1/1056/5215/8545/files/0RB3637__919631__STD__noshad__qt.jpg?v=1785301235
rayban-rb3637-91963153,"Ray-Ban 3637  (NewRound)  — Round Family, Metal Gold(gagang ukir)","Frame: Metal Gold(gagang ukir). Lens: Green. Unisex / Phantos shape. Fit: Bridge: 21mm, Lens width: 50mm, Lens height: 47mm, Temple: 140mm. Authentic, sold by an authorized retailer.",Ray-Ban,Sunglasses,"Ray-Ban, 3637  (NewRound) , Phantos",TRUE,Title,Default Title,,,,,RB3637-91963153,3240000,4050000,,shopify,Unisex,Phantos,false,Metal,Crystal,21,50,47,140,Blue,Arista Gold,Metal,Adjustable Nosepads,RB3637-91963153,https://cdn.shopify.com/s/files/1/1056/5215/8545/files/0RB3637__919631__STD__noshad__fr.jpg?v=1785301232
rayban-rb3637-91963153,,,,,,,,,,,,,,,,,,,,,,,,,,,,,,,,https://cdn.shopify.com/s/files/1/1056/5215/8545/files/0RB3637__919631__STD__noshad__qt.jpg?v=1785301235
rayban-rb3637-92023350,"Ray-Ban 3637  (NewRound)  — Round Family, Metal RoseGld","Frame: Metal RoseGld. Lens: Brown. Unisex / Phantos shape. Fit: Bridge: 21mm, Lens width: 50mm, Lens height: 47mm, Temple: 140mm. Authentic, sold by an authorized retailer.",Ray-Ban,Sunglasses,"Ray-Ban, 3637  (NewRound) , Phantos",TRUE,Title,Default Title,,,,,RB3637-92023350,3240000,4050000,,shopify,Unisex,Phantos,false,Metal,Crystal,21,50,47,140,Blue,Arista Gold,Metal,Adjustable Nosepads,RB3637-92023350,https://cdn.shopify.com/s/files/1/1056/5215/8545/files/0RB3637__920233__STD__noshad__fr.jpg?v=1785301238
rayban-rb3637-92023350,,,,,,,,,,,,,,,,,,,,,,,,,,,,,,,,https://cdn.shopify.com/s/files/1/1056/5215/8545/files/0RB3637__920233__STD__noshad__qt.jpg?v=1785301241
rayban-rb3647n-9235bh,"Ray-Ban 3647 (RoundDoubleBridge) — Evolution, Metal LegendGld-Green","Frame: Metal LegendGld-Green. Lens: GrnVintage51. Unisex / Round shape. Fit: Bridge: 22mm, Lens width: 51mm, Lens height: 48mm, Temple: 145mm. Authentic, sold by an authorized retailer.",Ray-Ban,Sunglasses,"Ray-Ban, 3647 (RoundDoubleBridge), Round",TRUE,Title,Default Title,,,,,RB3647N-9235BH,2904000,3630000,,shopify,Unisex,Round,false,Metal,Crystal,22,51,48,145,G-15 Green,Arista Gold,Metal,Adjustable Nosepads,RB3647N-9235BH ,https://cdn.shopify.com/s/files/1/1056/5215/8545/files/0RB3647N__9235BH__STD__noshad__fr.jpg?v=1785301244
rayban-rb3647n-9235bh,,,,,,,,,,,,,,,,,,,,,,,,,,,,,,,,https://cdn.shopify.com/s/files/1/1056/5215/8545/files/0RB3647N__9235BH__STD__noshad__qt.jpg?v=1785301248
rayban-rb3663-0013160,"Ray-Ban 3663 — Metal, Metal Gold","Frame: Metal Gold. Lens: Green. Man / Irregular shape. Fit: Bridge: 17mm, Lens width: 60mm, Lens height: 46mm, Temple: 140mm. Authentic, sold by an authorized retailer.",Ray-Ban,Sunglasses,"Ray-Ban, 3663, Irregular",TRUE,Title,Default Title,,,,,RB3663-0013160,2848000,3560000,,shopify,Man,Irregular,true,Metal,Crystal,17,60,46,140,Brown Polarized,Arista Gold,Nylon,Adjustable Nosepads,RB3663-0013160,https://cdn.shopify.com/s/files/1/1056/5215/8545/files/0RB3663__001_31__STD__noshad__fr.jpg?v=1785301252
rayban-rb3663-0013160,,,,,,,,,,,,,,,,,,,,,,,,,,,,,,,,https://cdn.shopify.com/s/files/1/1056/5215/8545/files/0RB3663__001_31__STD__noshad__qt.jpg?v=1785301254
rayban-rb3663-0015760,"Ray-Ban 3663 — Metal, Metal Arista Gold","Frame: Metal Arista Gold. Lens: Brown. Man / Irregular shape. Fit: Bridge: 17mm, Lens width: 60mm, Lens height: 46mm, Temple: 140mm. Authentic, sold by an authorized retailer.",Ray-Ban,Sunglasses,"Ray-Ban, 3663, Irregular",TRUE,Title,Default Title,,,,,RB3663-0015760,3784000,4730000,,shopify,Man,Irregular,true,Metal,Crystal,17,60,46,140,Brown Polarized,Arista Gold,Nylon,Adjustable Nosepads,RB3663-0015760 ,https://cdn.shopify.com/s/files/1/1056/5215/8545/files/0RB3663__001_57__STD__noshad__fr.jpg?v=1785301258
rayban-rb3663-0015760,,,,,,,,,,,,,,,,,,,,,,,,,,,,,,,,https://cdn.shopify.com/s/files/1/1056/5215/8545/files/0RB3663__001_57__STD__noshad__qt.jpg?v=1785301261
rayban-rb3673m-f06171,"Ray-Ban 3673 — Ferrari Lifestyle - Active, Ferrari-Metal PolishBlkonGld","Frame: Ferrari-Metal PolishBlkonGld. Lens: Grn56. Unisex / Square shape. Fit: Bridge: 17mm, Lens width: 56mm, Lens height: 44mm, Temple: 140mm. Authentic, sold by an authorized retailer.",Ray-Ban,Sunglasses,"Ray-Ban, 3673, Square",TRUE,Title,Default Title,,,,,RB3673M-F06171,3392000,4240000,,shopify,Unisex,Square,false,Metal,Polycarbonate,17,56,44,140,Grey Gradient,Black,Metal,Adjustable Nosepads,RB3673M-F06171,https://cdn.shopify.com/s/files/1/1056/5215/8545/files/0RB3673M__F06171__STD__noshad__fr.jpg?v=1785301264
rayban-rb3673m-f06171,,,,,,,,,,,,,,,,,,,,,,,,,,,,,,,,https://cdn.shopify.com/s/files/1/1056/5215/8545/files/0RB3673M__F06171__STD__noshad__qt.jpg?v=1785301267
rayban-rb3675-0013158,Ray-Ban 3675 — Metal Gold(Avia),"Frame: Metal Gold(Avia). Lens: Green. Authentic, sold by an authorized retailer.",Ray-Ban,Sunglasses,"Ray-Ban, 3675",TRUE,Title,Default Title,,,,,RB3675-0013158,2970000,,,shopify,,,false,,,,,,,,,,,RB3675-0013158,https://cdn.shopify.com/s/files/1/1056/5215/8545/files/0RB3675__001_31__STD__noshad__fr.jpg?v=1785301270
rayban-rb3675-0013158,,,,,,,,,,,,,,,,,,,,,,,,,,,,,,,,https://cdn.shopify.com/s/files/1/1056/5215/8545/files/0RB3675__001_31__STD__noshad__qt.jpg?v=1785301273
rayban-rb3675-0025858,Ray-Ban 3675 — Metal Black,"Frame: Metal Black. Lens: Polarized Green. Authentic, sold by an authorized retailer.",Ray-Ban,Sunglasses,"Ray-Ban, 3675",TRUE,Title,Default Title,,,,,RB3675-0025858,3440000,4300000,,shopify,,,false,,,,,,,,,,,RB3675-0025858,https://cdn.shopify.com/s/files/1/1056/5215/8545/files/0RB3675__002_58__STD__noshad__fr.jpg?v=1785301276
rayban-rb3675-0025858,,,,,,,,,,,,,,,,,,,,,,,,,,,,,,,,https://cdn.shopify.com/s/files/1/1056/5215/8545/files/0RB3675__002_58__STD__noshad__qt.jpg?v=1785301280
rayban-rb3679d-0017160,Ray-Ban 3679 — Metal Gold,"Frame: Metal Gold. Lens: Green. Authentic, sold by an authorized retailer.",Ray-Ban,Sunglasses,"Ray-Ban, 3679",TRUE,Title,Default Title,,,,,RB3679D-0017160,2510000,,,shopify,,,false,,,,,,,,,,,RB3679D-0017160,https://cdn.shopify.com/s/files/1/1056/5215/8545/files/0RB3679D__001_71__STD__noshad__fr.jpg?v=1785301283
rayban-rb3679d-0017160,,,,,,,,,,,,,,,,,,,,,,,,,,,,,,,,https://cdn.shopify.com/s/files/1/1056/5215/8545/files/0RB3679D__001_71__STD__noshad__qt.jpg?v=1785301286
rayban-rb3681-0038050,Ray-Ban 3681 — Metal Silver,"Frame: Metal Silver. Lens: Blue. Authentic, sold by an authorized retailer.",Ray-Ban,Sunglasses,"Ray-Ban, 3681",TRUE,Title,Default Title,,,,,RB3681-0038050,1848000,2310000,,shopify,,,false,,,,,,,,,,,RB3681-0038050,https://cdn.shopify.com/s/files/1/1056/5215/8545/files/0RB3681__003_80__STD__noshad__fr.jpg?v=1785301289
rayban-rb3681-0038050,,,,,,,,,,,,,,,,,,,,,,,,,,,,,,,,https://cdn.shopify.com/s/files/1/1056/5215/8545/files/0RB3681__003_80__STD__noshad__qt.jpg?v=1785301292
rayban-rb3683-0013159,"Ray-Ban 3683 — Metal, Metal Gold","Frame: Metal Gold. Lens: Green. Unisex / Square shape. Fit: Bridge: 15mm, Lens width: 56mm, Lens height: 49mm, Temple: 135mm. Authentic, sold by an authorized retailer.",Ray-Ban,Sunglasses,"Ray-Ban, 3683, Square",TRUE,Title,Default Title,,,,,RB3683-0013159,2848000,3560000,,shopify,Unisex,Square,false,Metal,Crystal,15,56,49,135,Brown,Arista Gold,Metal,Adjustable Nosepads,RB3683-0013159,https://cdn.shopify.com/s/files/1/1056/5215/8545/files/0RB3683__001_31__STD__noshad__fr.jpg?v=1785301295
rayban-rb3683-0013159,,,,,,,,,,,,,,,,,,,,,,,,,,,,,,,,https://cdn.shopify.com/s/files/1/1056/5215/8545/files/0RB3683__001_31__STD__noshad__qt.jpg?v=1785301298
rayban-rb3684-0145158,"Ray-Ban 3684 — Liteforce, Metal Brn","Frame: Metal Brn. Lens: Gradient Brn. Unisex / Irregular shape. Fit: Bridge: 18mm, Lens width: 58mm, Lens height: 41mm, Temple: 140mm. Authentic, sold by an authorized retailer.",Ray-Ban,Sunglasses,"Ray-Ban, 3684, Irregular",TRUE,Title,Default Title,,,,,RB3684-0145158,3410000,,,shopify,Unisex,Irregular,true,Steel,Crystal,18,58,41,140,Brown Polarised+,Arista Gold,Metal,Adjustable Nosepads,RB3684-0145158,https://cdn.shopify.com/s/files/1/1056/5215/8545/files/0RB3684__014_51__STD__noshad__fr.jpg?v=1785301301
rayban-rb3684-0145158,,,,,,,,,,,,,,,,,,,,,,,,,,,,,,,,https://cdn.shopify.com/s/files/1/1056/5215/8545/files/0RB3684__014_51__STD__noshad__qt.jpg?v=1785301304
rayban-rb3686-1873257,"Ray-Ban 3686 — Liteforce, Metal BlkOnGld","Frame: Metal BlkOnGld. Lens: ClrGrdGry. Unisex / Square shape. Fit: Bridge: 19mm, Lens width: 57mm, Lens height: 43mm, Temple: 140mm. Authentic, sold by an authorized retailer.",Ray-Ban,Sunglasses,"Ray-Ban, 3686, Square",TRUE,Title,Default Title,,,,,RB3686-1873257,3304000,4130000,,shopify,Unisex,Square,false,Steel,Crystal,19,57,43,140,Green,Black,Metal,Adjustable Nosepads,RB3686-1873257,https://cdn.shopify.com/s/files/1/1056/5215/8545/files/0RB3686__187_32__STD__noshad__fr.jpg?v=1785301307
rayban-rb3686-1873257,,,,,,,,,,,,,,,,,,,,,,,,,,,,,,,,https://cdn.shopify.com/s/files/1/1056/5215/8545/files/0RB3686__187_32__STD__noshad__qt.jpg?v=1785301310
rayban-rb3688-0013155,"Ray-Ban 3688 — Metal, Metal Gold","Frame: Metal Gold. Lens: Green. Unisex / Square shape. Fit: Bridge: 19mm, Lens width: 58mm, Lens height: 50mm, Temple: 145mm. Authentic, sold by an authorized retailer.",Ray-Ban,Sunglasses,"Ray-Ban, 3688, Square",TRUE,Title,Default Title,,,,,RB3688-0013155,2424000,3030000,,shopify,Unisex,Square,false,Metal,Crystal,19,58,50,145,Green,Gunmetal,Acetate,Adjustable Nosepads,RB3688-0013155,https://cdn.shopify.com/s/files/1/1056/5215/8545/files/0RB3688__001_31__STD__noshad__fr.jpg?v=1785301313
rayban-rb3688-0013155,,,,,,,,,,,,,,,,,,,,,,,,,,,,,,,,https://cdn.shopify.com/s/files/1/1056/5215/8545/files/0RB3688__001_31__STD__noshad__qt.jpg?v=1785301316
rayban-rb3688-0013158,"Ray-Ban 3688 — Metal, Metal Arista Gold","Frame: Metal Arista Gold. Lens: Green. Unisex / Square shape. Fit: Bridge: 19mm, Lens width: 58mm, Lens height: 50mm, Temple: 145mm. Authentic, sold by an authorized retailer.",Ray-Ban,Sunglasses,"Ray-Ban, 3688, Square",TRUE,Title,Default Title,,,,,RB3688-0013158,2552000,3190000,,shopify,Unisex,Square,false,Metal,Crystal,19,58,50,145,Green,Gunmetal,Acetate,Adjustable Nosepads,RB3688-0013158 ,https://cdn.shopify.com/s/files/1/1056/5215/8545/files/0RB3688__001_31__STD__noshad__fr.jpg?v=1785301313
rayban-rb3688-0013158,,,,,,,,,,,,,,,,,,,,,,,,,,,,,,,,https://cdn.shopify.com/s/files/1/1056/5215/8545/files/0RB3688__001_31__STD__noshad__qt.jpg?v=1785301316
rayban-rb3688-002b158,"Ray-Ban 3688 — Metal, Metal Black","Frame: Metal Black. Lens: Dark Grey. Unisex / Square shape. Fit: Bridge: 19mm, Lens width: 58mm, Lens height: 50mm, Temple: 145mm. Authentic, sold by an authorized retailer.",Ray-Ban,Sunglasses,"Ray-Ban, 3688, Square",TRUE,Title,Default Title,,,,,RB3688-002B158,2424000,3030000,,shopify,Unisex,Square,false,Metal,Crystal,19,58,50,145,Green,Gunmetal,Acetate,Adjustable Nosepads,RB3688-002B158,https://cdn.shopify.com/s/files/1/1056/5215/8545/files/0RB3688__002_B1__STD__noshad__fr.jpg?v=1785301319
rayban-rb3688-002b158,,,,,,,,,,,,,,,,,,,,,,,,,,,,,,,,https://cdn.shopify.com/s/files/1/1056/5215/8545/files/0RB3688__002_B1__STD__noshad__qt.jpg?v=1785301322
rayban-rb3692d-0017160,Ray-Ban 3692 — Metal Gold,"Frame: Metal Gold. Lens: Green. Authentic, sold by an authorized retailer.",Ray-Ban,Sunglasses,"Ray-Ban, 3692",TRUE,Title,Default Title,,,,,RB3692D-0017160,2008000,2510000,,shopify,,,false,,,,,,,,,,,RB3692D-0017160,https://cdn.shopify.com/s/files/1/1056/5215/8545/files/0RB3692D__001_71__STD__noshad__fr.jpg?v=1785301325
rayban-rb3692d-0017160,,,,,,,,,,,,,,,,,,,,,,,,,,,,,,,,https://cdn.shopify.com/s/files/1/1056/5215/8545/files/0RB3692D__001_71__STD__noshad__qt.jpg?v=1785301328
rayban-rb3692d-0041360,Ray-Ban 3692 — Metal Gun,"Frame: Metal Gun. Lens: GrdBrw. Authentic, sold by an authorized retailer.",Ray-Ban,Sunglasses,"Ray-Ban, 3692",TRUE,Title,Default Title,,,,,RB3692D-0041360,2160000,2700000,,shopify,,,false,,,,,,,,,,,RB3692D-0041360,https://cdn.shopify.com/s/files/1/1056/5215/8545/files/0RB3692D__004_13__STD__noshad__fr.jpg?v=1785301331
rayban-rb3692d-0041360,,,,,,,,,,,,,,,,,,,,,,,,,,,,,,,,https://cdn.shopify.com/s/files/1/1056/5215/8545/files/0RB3692D__004_13__STD__noshad__qt.jpg?v=1785301335
rayban-rb3698m-f07331,Ray-Ban 3698 — Ferrari-Metal Matte BlkonM.GunMtl,"Frame: Ferrari-Metal Matte BlkonM.GunMtl. Lens: Grn53. Authentic, sold by an authorized retailer.",Ray-Ban,Sunglasses,"Ray-Ban, 3698",TRUE,Title,Default Title,,,,,RB3698M-F07331,4200000,5250000,,shopify,,,false,,,,,,,,,,,RB3698M-F07331,https://cdn.shopify.com/s/files/1/1056/5215/8545/files/0RB3698M__F07331__STD__noshad__fr.jpg?v=1785301338
rayban-rb3698m-f07331,,,,,,,,,,,,,,,,,,,,,,,,,,,,,,,,https://cdn.shopify.com/s/files/1/1056/5215/8545/files/0RB3698M__F07331__STD__noshad__qt.jpg?v=1785301341
rayban-rb3703m-f03011,"Ray-Ban 3703 — Ferrari Lifestyle - Icons, Ferrari-Metal GunMtl","Frame: Ferrari-Metal GunMtl. Lens: GryGrd51. Unisex / Irregular shape. Fit: Bridge: 21mm, Lens width: 51mm, Lens height: 46mm, Temple: 145mm. Authentic, sold by an authorized retailer.",Ray-Ban,Sunglasses,"Ray-Ban, 3703, Irregular",TRUE,Title,Default Title,,,,,RB3703M-F03011,4416000,5520000,,shopify,Unisex,Irregular,false,Metal,Polycarbonate,21,51,46,145,Grey Gradient,Gunmetal,Nylon,Adjustable Nosepads,RB3703M-F03011,https://cdn.shopify.com/s/files/1/1056/5215/8545/files/0RB3703M__F03011__P21__noshad__fr.jpg?v=1785301344
rayban-rb3703m-f03011,,,,,,,,,,,,,,,,,,,,,,,,,,,,,,,,https://cdn.shopify.com/s/files/1/1056/5215/8545/files/0RB3703M__F03011__P21__noshad__qt.jpg?v=1785301347
rayban-rb3705-0013157,Ray-Ban 3705 — Metal Gold,"Frame: Metal Gold. Lens: Green. Authentic, sold by an authorized retailer.",Ray-Ban,Sunglasses,"Ray-Ban, 3705",TRUE,Title,Default Title,,,,,RB3705-0013157,2640000,3300000,,shopify,,,false,,,,,,,,,,,RB3705-0013157,https://cdn.shopify.com/s/files/1/1056/5215/8545/files/0RB3705__001_31__P21__noshad__fr.jpg?v=1785301351
rayban-rb3705-0013157,,,,,,,,,,,,,,,,,,,,,,,,,,,,,,,,https://cdn.shopify.com/s/files/1/1056/5215/8545/files/0RB3705__001_31__P21__noshad__qt.jpg?v=1785301354
rayban-rb3705-0013160,Ray-Ban 3705 — Metal Gold,"Frame: Metal Gold. Lens: Green. Authentic, sold by an authorized retailer.",Ray-Ban,Sunglasses,"Ray-Ban, 3705",TRUE,Title,Default Title,,,,,RB3705-0013160,2640000,3300000,,shopify,,,false,,,,,,,,,,,RB3705-0013160,https://cdn.shopify.com/s/files/1/1056/5215/8545/files/0RB3705__001_31__P21__noshad__fr.jpg?v=1785301351
rayban-rb3705-0013160,,,,,,,,,,,,,,,,,,,,,,,,,,,,,,,,https://cdn.shopify.com/s/files/1/1056/5215/8545/files/0RB3705__001_31__P21__noshad__qt.jpg?v=1785301354
rayban-rb3705-90003f57,Ray-Ban 3705 — Demo-Metal BlkOnGld,"Frame: Demo-Metal BlkOnGld. Lens: DemoLens. Authentic, sold by an authorized retailer.",Ray-Ban,Sunglasses,"Ray-Ban, 3705",TRUE,Title,Default Title,,,,,RB3705-90003F57,2800000,3500000,,shopify,,,false,,,,,,,,,,,RB3705-90003F57,https://cdn.shopify.com/s/files/1/1056/5215/8545/files/0RB3705__90003F__P21__noshad__fr.jpg?v=1785301357
rayban-rb3705-90003f57,,,,,,,,,,,,,,,,,,,,,,,,,,,,,,,,https://cdn.shopify.com/s/files/1/1056/5215/8545/files/0RB3705__90003F__P21__noshad__qt.jpg?v=1785301360
rayban-rb3712d-0019a62,"Ray-Ban 3712 — Metal, Metal Gold","Frame: Metal Gold. Lens: Dark GrnPol.. Unisex / Pilot shape. Fit: Bridge: 14mm, Lens width: 62mm, Lens height: 53mm, Temple: 145mm. Authentic, sold by an authorized retailer.",Ray-Ban,Sunglasses,"Ray-Ban, 3712, Pilot",TRUE,Title,Default Title,,,,,RB3712D-0019A62,3096000,3870000,,shopify,Unisex,Pilot,true,Metal,Polycarbonate,14,62,53,145,Dark Green Polarized,Arista Gold,Metal,Low Bridge Fit,RB3712D-0019A62,https://cdn.shopify.com/s/files/1/1056/5215/8545/files/0RB3712D__001_9A__P21__noshad__fr.jpg?v=1785301363
rayban-rb3712d-0019a62,,,,,,,,,,,,,,,,,,,,,,,,,,,,,,,,https://cdn.shopify.com/s/files/1/1056/5215/8545/files/0RB3712D__001_9A__P21__noshad__qt.jpg?v=1785301367
rayban-rb3712d-0034l62,"Ray-Ban 3712 — Metal, Metal Silver","Frame: Metal Silver. Lens: GryGrdD.Blue. Unisex / Pilot shape. Fit: Bridge: 14mm, Lens width: 62mm, Lens height: 53mm, Temple: 145mm. Authentic, sold by an authorized retailer.",Ray-Ban,Sunglasses,"Ray-Ban, 3712, Pilot",TRUE,Title,Default Title,,,,,RB3712D-0034L62,2360000,2950000,,shopify,Unisex,Pilot,true,Metal,Polycarbonate,14,62,53,145,Dark Green Polarized,Arista Gold,Metal,Low Bridge Fit,RB3712D-0034L62,https://cdn.shopify.com/s/files/1/1056/5215/8545/files/0RB3712D__003_4L__P21__noshad__fr.jpg?v=1785301369
rayban-rb3712d-0034l62,,,,,,,,,,,,,,,,,,,,,,,,,,,,,,,,https://cdn.shopify.com/s/files/1/1056/5215/8545/files/0RB3712D__003_4L__P21__noshad__qt.jpg?v=1785301373
rayban-rb3713d-0028757,"Ray-Ban 3713 — Metal, Metal Black","Frame: Metal Black. Lens: Dark Grey. Unisex / Irregular shape. Fit: Bridge: 18mm, Lens width: 57mm, Lens height: 52mm, Temple: 145mm. Authentic, sold by an authorized retailer.",Ray-Ban,Sunglasses,"Ray-Ban, 3713, Irregular",TRUE,Title,Default Title,,,,,RB3713D-0028757,2592000,3240000,,shopify,Unisex,Irregular,true,Metal,Polycarbonate,18,57,52,145,Dark Green Polarized,Arista Gold,Metal,Low Bridge Fit,RB3713D-0028757,https://cdn.shopify.com/s/files/1/1056/5215/8545/files/0RB3713D__002_87__P21__noshad__fr.jpg?v=1785301376
rayban-rb3713d-0028757,,,,,,,,,,,,,,,,,,,,,,,,,,,,,,,,https://cdn.shopify.com/s/files/1/1056/5215/8545/files/0RB3713D__002_87__P21__noshad__qt.jpg?v=1785301379
rayban-rb3713d-0032q57,"Ray-Ban 3713 — Metal, Metal Silver","Frame: Metal Silver. Lens: ClrGrdYlw. Unisex / Irregular shape. Fit: Bridge: 18mm, Lens width: 57mm, Lens height: 52mm, Temple: 145mm. Authentic, sold by an authorized retailer.",Ray-Ban,Sunglasses,"Ray-Ban, 3713, Irregular",TRUE,Title,Default Title,,,,,RB3713D-0032Q57,2760000,3450000,,shopify,Unisex,Irregular,true,Metal,Polycarbonate,18,57,52,145,Dark Green Polarized,Arista Gold,Metal,Low Bridge Fit,RB3713D-0032Q57,https://cdn.shopify.com/s/files/1/1056/5215/8545/files/0RB3713D__003_2Q__P21__noshad__fr.jpg?v=1785301382
rayban-rb3713d-0032q57,,,,,,,,,,,,,,,,,,,,,,,,,,,,,,,,https://cdn.shopify.com/s/files/1/1056/5215/8545/files/0RB3713D__003_2Q__P21__noshad__qt.jpg?v=1785301386
rayban-rb3713d-9202i8,"Ray-Ban 3713 — Metal, Metal RoseGld","Frame: Metal RoseGld. Lens: Light BlueGrdViolet57. Unisex / Irregular shape. Fit: Bridge: 18mm, Lens width: 57mm, Lens height: 52mm, Temple: 145mm. Authentic, sold by an authorized retailer.",Ray-Ban,Sunglasses,"Ray-Ban, 3713, Irregular",TRUE,Title,Default Title,,,,,RB3713D-9202I8,2760000,3450000,,shopify,Unisex,Irregular,false,Metal,Polycarbonate,18,57,52,145,Violet,Rose Gold,Metal,Low Bridge Fit,RB3713D-9202I8,https://cdn.shopify.com/s/files/1/1056/5215/8545/files/0RB3713D__9202I8__P21__noshad__fr.jpg?v=1785301390
rayban-rb3713d-9202i8,,,,,,,,,,,,,,,,,,,,,,,,,,,,,,,,https://cdn.shopify.com/s/files/1/1056/5215/8545/files/0RB3713D__9202I8__P21__noshad__qt.jpg?v=1785301393
rayban-rb3719-002b154,"Ray-Ban 3719 — Wired Metal, Metal Black","Frame: Metal Black. Lens: Dark Grey. Unisex / Oval shape. Fit: Bridge: 20mm, Lens width: 51mm, Lens height: 38mm, Temple: 140mm. Authentic, sold by an authorized retailer.",Ray-Ban,Sunglasses,"Ray-Ban, 3719, Oval",TRUE,Title,Default Title,,,,,RB3719-002B154,2480000,3100000,,shopify,Unisex,Oval,false,Metal,Crystal,20,51,38,140,G-15 Green,Arista Gold,Metal,Adjustable Nosepads,RB3719-002B154 ,https://cdn.shopify.com/s/files/1/1056/5215/8545/files/0RB3719__002_B1__P21__noshad__fr.jpg?v=1785301396
rayban-rb3719-002b154,,,,,,,,,,,,,,,,,,,,,,,,,,,,,,,,https://cdn.shopify.com/s/files/1/1056/5215/8545/files/0RB3719__002_B1__P21__noshad__qt.jpg?v=1785301399
rayban-rb3719-92623f51,"Ray-Ban 3719 — Wired Metal, Metal RoseGld","Frame: Metal RoseGld. Lens: ClrGrdBlue. Unisex / Oval shape. Fit: Bridge: 20mm, Lens width: 51mm, Lens height: 38mm, Temple: 140mm. Authentic, sold by an authorized retailer.",Ray-Ban,Sunglasses,"Ray-Ban, 3719, Oval",TRUE,Title,Default Title,,,,,RB3719-92623F51,2640000,3300000,,shopify,Unisex,Oval,false,Metal,Crystal,20,51,38,140,G-15 Green,Arista Gold,Metal,Adjustable Nosepads,RB3719-92623F51 ,https://cdn.shopify.com/s/files/1/1056/5215/8545/files/0RB3719__92623F__P21__noshad__fr.jpg?v=1785301402
rayban-rb3719-92623f51,,,,,,,,,,,,,,,,,,,,,,,,,,,,,,,,https://cdn.shopify.com/s/files/1/1056/5215/8545/files/0RB3719__92623F__P21__noshad__qt.jpg?v=1785301405
rayban-rb3719-92623f54,"Ray-Ban 3719 — Wired Metal, Metal RoseGld","Frame: Metal RoseGld. Lens: ClrGrdBlue. Unisex / Oval shape. Fit: Bridge: 20mm, Lens width: 51mm, Lens height: 38mm, Temple: 140mm. Authentic, sold by an authorized retailer.",Ray-Ban,Sunglasses,"Ray-Ban, 3719, Oval",TRUE,Title,Default Title,,,,,RB3719-92623F54,2640000,3300000,,shopify,Unisex,Oval,false,Metal,Crystal,20,51,38,140,G-15 Green,Arista Gold,Metal,Adjustable Nosepads,RB3719-92623F54 ,https://cdn.shopify.com/s/files/1/1056/5215/8545/files/0RB3719__92623F__P21__noshad__fr.jpg?v=1785301402
rayban-rb3719-92623f54,,,,,,,,,,,,,,,,,,,,,,,,,,,,,,,,https://cdn.shopify.com/s/files/1/1056/5215/8545/files/0RB3719__92623F__P21__noshad__qt.jpg?v=1785301405
rayban-rb3720-0013155,Ray-Ban 3720 — Metal Gold,"Frame: Metal Gold. Lens: Green. Authentic, sold by an authorized retailer.",Ray-Ban,Sunglasses,"Ray-Ban, 3720",TRUE,Title,Default Title,,,,,RB3720-0013155,2800000,3500000,,shopify,,,false,,,,,,,,,,,RB3720-0013155 ,https://cdn.shopify.com/s/files/1/1056/5215/8545/files/0RB3720__001_31__P21__noshad__fr.jpg?v=1785301409
rayban-rb3720-0013155,,,,,,,,,,,,,,,,,,,,,,,,,,,,,,,,https://cdn.shopify.com/s/files/1/1056/5215/8545/files/0RB3720__001_31__P21__noshad__qt.jpg?v=1785301412
rayban-rb3724d-0017159,"Ray-Ban 3724 — Metal, Metal Arista Gold","Frame: Metal Arista Gold. Lens: Dark Green. Unisex / Irregular shape. Fit: Bridge: 18mm, Lens width: 59mm, Lens height: 53mm, Temple: 145mm. Authentic, sold by an authorized retailer.",Ray-Ban,Sunglasses,"Ray-Ban, 3724, Irregular",TRUE,Title,Default Title,,,,,RB3724D-0017159,2592000,3240000,,shopify,Unisex,Irregular,false,Metal,Polycarbonate,18,59,53,145,Dark Green,Arista Gold,Metal,Low Bridge Fit,RB3724D-0017159 ,https://cdn.shopify.com/s/files/1/1056/5215/8545/files/0RB3724D__001_71__P21__noshad__fr.jpg?v=1785301415
rayban-rb3724d-0017159,,,,,,,,,,,,,,,,,,,,,,,,,,,,,,,,https://cdn.shopify.com/s/files/1/1056/5215/8545/files/0RB3724D__001_71__P21__noshad__qt.jpg?v=1785301418
rayban-rb3724d-0028159,"Ray-Ban 3724 — Metal, Metal Black","Frame: Metal Black. Lens: Dark GryPol.. Unisex / Irregular shape. Fit: Bridge: 18mm, Lens width: 59mm, Lens height: 53mm, Temple: 145mm. Authentic, sold by an authorized retailer.",Ray-Ban,Sunglasses,"Ray-Ban, 3724, Irregular",TRUE,Title,Default Title,,,,,RB3724D-0028159,3096000,3870000,,shopify,Unisex,Irregular,false,Metal,Polycarbonate,18,59,53,145,Dark Green,Arista Gold,Metal,Low Bridge Fit,RB3724D-0028159 ,https://cdn.shopify.com/s/files/1/1056/5215/8545/files/0RB3724D__002_81__P21__noshad__fr.jpg?v=1785301421
rayban-rb3724d-0028159,,,,,,,,,,,,,,,,,,,,,,,,,,,,,,,,https://cdn.shopify.com/s/files/1/1056/5215/8545/files/0RB3724D__002_81__P21__noshad__qt.jpg?v=1785301424
rayban-rb3724d-0038g59,"Ray-Ban 3724 — Metal, Metal Silver","Frame: Metal Silver. Lens: GryGrd. Unisex / Irregular shape. Fit: Bridge: 18mm, Lens width: 59mm, Lens height: 53mm, Temple: 145mm. Authentic, sold by an authorized retailer.",Ray-Ban,Sunglasses,"Ray-Ban, 3724, Irregular",TRUE,Title,Default Title,,,,,RB3724D-0038G59,2760000,3450000,,shopify,Unisex,Irregular,false,Metal,Polycarbonate,18,59,53,145,Dark Green,Arista Gold,Metal,Low Bridge Fit,RB3724D-0038G59 ,https://cdn.shopify.com/s/files/1/1056/5215/8545/files/0RB3724D__003_8G__P21__noshad__fr.jpg?v=1785301428
rayban-rb3724d-0038g59,,,,,,,,,,,,,,,,,,,,,,,,,,,,,,,,https://cdn.shopify.com/s/files/1/1056/5215/8545/files/0RB3724D__003_8G__P21__noshad__qt.jpg?v=1785301431
rayban-rb3724d-0047359,"Ray-Ban 3724 — Metal, Metal GunMtl","Frame: Metal GunMtl. Lens: Dark Brown. Unisex / Irregular shape. Fit: Bridge: 18mm, Lens width: 59mm, Lens height: 53mm, Temple: 145mm. Authentic, sold by an authorized retailer.",Ray-Ban,Sunglasses,"Ray-Ban, 3724, Irregular",TRUE,Title,Default Title,,,,,RB3724D-0047359,2592000,3240000,,shopify,Unisex,Irregular,false,Metal,Polycarbonate,18,59,53,145,Dark Green,Arista Gold,Metal,Low Bridge Fit,RB3724D-0047359,https://cdn.shopify.com/s/files/1/1056/5215/8545/files/0RB3724D__004_73__P21__noshad__fr.jpg?v=1785301434
rayban-rb3724d-0047359,,,,,,,,,,,,,,,,,,,,,,,,,,,,,,,,https://cdn.shopify.com/s/files/1/1056/5215/8545/files/0RB3724D__004_73__P21__noshad__qt.jpg?v=1785301437
rayban-rb3727d-0011357,"Ray-Ban 3727 — Metal, Metal Arista Gold(Gold)","Frame: Metal Arista Gold(Gold). Lens: BrwGrd. Unisex / Phantos shape. Fit: Bridge: 19mm, Lens width: 57mm, Lens height: 51mm, Temple: 145mm. Authentic, sold by an authorized retailer.",Ray-Ban,Sunglasses,"Ray-Ban, 3727, Phantos",TRUE,Title,Default Title,,,,,RB3727D-0011357,2760000,3450000,,shopify,Unisex,Phantos,false,Metal,Polycarbonate,19,57,51,145,Brown Gradient,Arista Gold,Metal,Low Bridge Fit,RB3727D-0011357,https://cdn.shopify.com/s/files/1/1056/5215/8545/files/0RB3727D__001_13__P21__noshad__fr.jpg?v=1785301440
rayban-rb3727d-0011357,,,,,,,,,,,,,,,,,,,,,,,,,,,,,,,,https://cdn.shopify.com/s/files/1/1056/5215/8545/files/0RB3727D__001_13__P21__noshad__qt.jpg?v=1785301444
rayban-rb3727d-0028757,"Ray-Ban 3727 — Metal, Metal Black","Frame: Metal Black. Lens: Dark Grey. Unisex / Phantos shape. Fit: Bridge: 19mm, Lens width: 57mm, Lens height: 51mm, Temple: 145mm. Authentic, sold by an authorized retailer.",Ray-Ban,Sunglasses,"Ray-Ban, 3727, Phantos",TRUE,Title,Default Title,,,,,RB3727D-0028757,2592000,3240000,,shopify,Unisex,Phantos,false,Metal,Polycarbonate,19,57,51,145,Brown Gradient,Arista Gold,Metal,Low Bridge Fit,RB3727D-0028757,https://cdn.shopify.com/s/files/1/1056/5215/8545/files/0RB3727D__002_87__P21__noshad__fr.jpg?v=1785301447
rayban-rb3727d-0028757,,,,,,,,,,,,,,,,,,,,,,,,,,,,,,,,https://cdn.shopify.com/s/files/1/1056/5215/8545/files/0RB3727D__002_87__P21__noshad__qt.jpg?v=1785301450
rayban-rb3727d-0032q57,"Ray-Ban 3727 — Metal, Metal Silver","Frame: Metal Silver. Lens: ClrGrdYlw. Unisex / Phantos shape. Fit: Bridge: 19mm, Lens width: 57mm, Lens height: 51mm, Temple: 145mm. Authentic, sold by an authorized retailer.",Ray-Ban,Sunglasses,"Ray-Ban, 3727, Phantos",TRUE,Title,Default Title,,,,,RB3727D-0032Q57,2432000,3040000,,shopify,Unisex,Phantos,false,Metal,Polycarbonate,19,57,51,145,Brown Gradient,Arista Gold,Metal,Low Bridge Fit,RB3727D-0032Q57,https://cdn.shopify.com/s/files/1/1056/5215/8545/files/0RB3727D__003_2Q__P21__noshad__fr.jpg?v=1785301454
rayban-rb3727d-0032q57,,,,,,,,,,,,,,,,,,,,,,,,,,,,,,,,https://cdn.shopify.com/s/files/1/1056/5215/8545/files/0RB3727D__003_2Q__P21__noshad__qt.jpg?v=1785301457
rayban-rb3727d-0048g57,"Ray-Ban 3727 — Metal, Metal GunMtl","Frame: Metal GunMtl. Lens: GryGrd. Unisex / Phantos shape. Fit: Bridge: 19mm, Lens width: 57mm, Lens height: 51mm, Temple: 145mm. Authentic, sold by an authorized retailer.",Ray-Ban,Sunglasses,"Ray-Ban, 3727, Phantos",TRUE,Title,Default Title,,,,,RB3727D-0048G57,2760000,3450000,,shopify,Unisex,Phantos,false,Metal,Polycarbonate,19,57,51,145,Brown Gradient,Arista Gold,Metal,Low Bridge Fit,RB3727D-0048G57,https://cdn.shopify.com/s/files/1/1056/5215/8545/files/0RB3727D__004_8G__P21__noshad__fr.jpg?v=1785301460
rayban-rb3727d-0048g57,,,,,,,,,,,,,,,,,,,,,,,,,,,,,,,,https://cdn.shopify.com/s/files/1/1056/5215/8545/files/0RB3727D__004_8G__P21__noshad__qt.jpg?v=1785301463
rayban-rb3727d-9202i8,"Ray-Ban 3727 — Metal, Metal RoseGld","Frame: Metal RoseGld. Lens: Light BlueGrdViolet57. Unisex / Phantos shape. Fit: Bridge: 19mm, Lens width: 57mm, Lens height: 51mm, Temple: 145mm. Authentic, sold by an authorized retailer.",Ray-Ban,Sunglasses,"Ray-Ban, 3727, Phantos",TRUE,Title,Default Title,,,,,RB3727D-9202I8,2760000,3450000,,shopify,Unisex,Phantos,false,Metal,Polycarbonate,19,57,51,145,Light Blue & Violet,Rose Gold,Metal,Low Bridge Fit,RB3727D-9202I8,https://cdn.shopify.com/s/files/1/1056/5215/8545/files/0RB3727D__9202I8__P21__noshad__fr.jpg?v=1785301466
rayban-rb3727d-9202i8,,,,,,,,,,,,,,,,,,,,,,,,,,,,,,,,https://cdn.shopify.com/s/files/1/1056/5215/8545/files/0RB3727D__9202I8__P21__noshad__qt.jpg?v=1785301470
rayban-rb3728-0038055,"Ray-Ban 3728-Yevi — Metal, Metal Silver","Frame: Metal Silver. Lens: Blue. Unisex / Irregular shape. Fit: Bridge: 18mm, Lens width: 55mm, Lens height: 31mm, Temple: 145mm. Authentic, sold by an authorized retailer.",Ray-Ban,Sunglasses,"Ray-Ban, 3728-Yevi, Irregular",TRUE,Title,Default Title,,,,,RB3728-0038055,2336000,2920000,,shopify,Unisex,Irregular,false,Metal,Polyamide Bio,18,55,31,145,Pink,Gunmetal,Metal,Adjustable Nosepads,RB3728-0038055,https://cdn.shopify.com/s/files/1/1056/5215/8545/files/0RB3728__003_80__P21__noshad__fr.jpg?v=1785301473
rayban-rb3728-0038055,,,,,,,,,,,,,,,,,,,,,,,,,,,,,,,,https://cdn.shopify.com/s/files/1/1056/5215/8545/files/0RB3728__003_80__P21__noshad__qt.jpg?v=1785301476
rayban-rb3728-0038058,"Ray-Ban 3728-Yevi — Metal, Metal Silver","Frame: Metal Silver. Lens: Blue. Unisex / Irregular shape. Fit: Bridge: 18mm, Lens width: 55mm, Lens height: 31mm, Temple: 145mm. Authentic, sold by an authorized retailer.",Ray-Ban,Sunglasses,"Ray-Ban, 3728-Yevi, Irregular",TRUE,Title,Default Title,,,,,RB3728-0038058,2336000,2920000,,shopify,Unisex,Irregular,false,Metal,Polyamide Bio,18,55,31,145,Pink,Gunmetal,Metal,Adjustable Nosepads,RB3728-0038058,https://cdn.shopify.com/s/files/1/1056/5215/8545/files/0RB3728__003_80__P21__noshad__fr.jpg?v=1785301473
rayban-rb3728-0038058,,,,,,,,,,,,,,,,,,,,,,,,,,,,,,,,https://cdn.shopify.com/s/files/1/1056/5215/8545/files/0RB3728__003_80__P21__noshad__qt.jpg?v=1785301476
rayban-rb3730-0041a64,"Ray-Ban 3730-Xime — Metal, Metal GunMtl","Frame: Metal GunMtl. Lens: Violet. Unisex / Irregular shape. Fit: Bridge: 15mm, Lens width: 64mm, Lens height: 38mm, Temple: 145mm. Authentic, sold by an authorized retailer.",Ray-Ban,Sunglasses,"Ray-Ban, 3730-Xime, Irregular",TRUE,Title,Default Title,,,,,RB3730-0041A64,2088000,2610000,,shopify,Unisex,Irregular,false,Metal,Polyamide Bio,15,64,38,145,Green,Gunmetal,Metal,Adjustable Nosepads,RB3730-0041A64,https://cdn.shopify.com/s/files/1/1056/5215/8545/files/0RB3730__004_1A__P21__noshad__fr.jpg?v=1785301479
rayban-rb3730-0041a64,,,,,,,,,,,,,,,,,,,,,,,,,,,,,,,,https://cdn.shopify.com/s/files/1/1056/5215/8545/files/0RB3730__004_1A__P21__noshad__qt.jpg?v=1785301482
rayban-rb3730-92138764,"Ray-Ban 3730-Xime — Metal, Metal Light Gold","Frame: Metal Light Gold. Lens: Dark Grey. Unisex / Irregular shape. Fit: Bridge: 15mm, Lens width: 64mm, Lens height: 38mm, Temple: 145mm. Authentic, sold by an authorized retailer.",Ray-Ban,Sunglasses,"Ray-Ban, 3730-Xime, Irregular",TRUE,Title,Default Title,,,,,RB3730-92138764,2088000,2610000,,shopify,Unisex,Irregular,false,Metal,Polyamide Bio,15,64,38,145,Green,Gunmetal,Metal,Adjustable Nosepads,RB3730-92138764,https://cdn.shopify.com/s/files/1/1056/5215/8545/files/0RB3730__921387__P21__noshad__fr.jpg?v=1785301485
rayban-rb3730-92138764,,,,,,,,,,,,,,,,,,,,,,,,,,,,,,,,https://cdn.shopify.com/s/files/1/1056/5215/8545/files/0RB3730__921387__P21__noshad__qt.jpg?v=1785301488
rayban-rb3731-0041a66,"Ray-Ban 3731-Anh — Metal, Metal GunMtl","Frame: Metal GunMtl. Lens: Violet. Unisex / Irregular shape. Fit: Bridge: 15mm, Lens width: 63mm, Lens height: 32mm, Temple: 145mm. Authentic, sold by an authorized retailer.",Ray-Ban,Sunglasses,"Ray-Ban, 3731-Anh, Irregular",TRUE,Title,Default Title,,,,,RB3731-0041A66,2088000,2610000,,shopify,Unisex,Irregular,false,Metal,Polyamide Bio,15,63,32,145,Pink,Gunmetal,Metal,Adjustable Nosepads,RB3731-0041A66,https://cdn.shopify.com/s/files/1/1056/5215/8545/files/0RB3731__004_1A__P21__noshad__fr.jpg?v=1785301491
rayban-rb3731-0041a66,,,,,,,,,,,,,,,,,,,,,,,,,,,,,,,,https://cdn.shopify.com/s/files/1/1056/5215/8545/files/0RB3731__004_1A__P21__noshad__qt.jpg?v=1785301495
rayban-rb3732-0013159,Ray-Ban 3732 — Metal Gold,"Frame: Metal Gold. Lens: Green. Authentic, sold by an authorized retailer.",Ray-Ban,Sunglasses,"Ray-Ban, 3732",TRUE,Title,Default Title,,,,,RB3732-0013159,2592000,3240000,,shopify,,,false,,,,,,,,,,,RB3732-0013159,https://cdn.shopify.com/s/files/1/1056/5215/8545/files/0RB3732__001_31__P21__noshad__fr.jpg?v=1785301497
rayban-rb3732-0013159,,,,,,,,,,,,,,,,,,,,,,,,,,,,,,,,https://cdn.shopify.com/s/files/1/1056/5215/8545/files/0RB3732__001_31__P21__noshad__qt.jpg?v=1785301500
rayban-rb3732-002b159,Ray-Ban 3732 — Metal Black,"Frame: Metal Black. Lens: Dark Grey. Authentic, sold by an authorized retailer.",Ray-Ban,Sunglasses,"Ray-Ban, 3732",TRUE,Title,Default Title,,,,,RB3732-002B159,2592000,3240000,,shopify,,,false,,,,,,,,,,,RB3732-002B159,https://cdn.shopify.com/s/files/1/1056/5215/8545/files/0RB3732__002_B1__P21__noshad__fr.jpg?v=1785301503
rayban-rb3732-002b159,,,,,,,,,,,,,,,,,,,,,,,,,,,,,,,,https://cdn.shopify.com/s/files/1/1056/5215/8545/files/0RB3732__002_B1__P21__noshad__qt.jpg?v=1785301506
rayban-rb3733-0013156,"Ray-Ban 3733 — Metal, Metal Gold","Frame: Metal Gold. Lens: Green. Unisex / Pilot shape. Fit: Bridge: 17mm, Lens width: 56mm, Lens height: 43mm, Temple: 145mm. Authentic, sold by an authorized retailer.",Ray-Ban,Sunglasses,"Ray-Ban, 3733, Pilot",TRUE,Title,Default Title,,,,,RB3733-0013156,2592000,3240000,,shopify,Unisex,Pilot,true,Metal,Crystal,17,56,43,145,Blue Polarized,Arista Gold,Metal,Adjustable Nosepads,RB3733-0013156,https://cdn.shopify.com/s/files/1/1056/5215/8545/files/0RB3733__001_31__P21__noshad__fr.jpg?v=1785301509
rayban-rb3733-0013156,,,,,,,,,,,,,,,,,,,,,,,,,,,,,,,,https://cdn.shopify.com/s/files/1/1056/5215/8545/files/0RB3733__001_31__P21__noshad__qt.jpg?v=1785301512
rayban-rb3733-0013159,"Ray-Ban 3733 — Metal, Metal Gold","Frame: Metal Gold. Lens: Green. Unisex / Pilot shape. Fit: Bridge: 17mm, Lens width: 56mm, Lens height: 43mm, Temple: 145mm. Authentic, sold by an authorized retailer.",Ray-Ban,Sunglasses,"Ray-Ban, 3733, Pilot",TRUE,Title,Default Title,,,,,RB3733-0013159,2208000,2760000,,shopify,Unisex,Pilot,true,Metal,Crystal,17,56,43,145,Blue Polarized,Arista Gold,Metal,Adjustable Nosepads,RB3733-0013159,https://cdn.shopify.com/s/files/1/1056/5215/8545/files/0RB3733__001_31__P21__noshad__fr.jpg?v=1785301509
rayban-rb3733-0013159,,,,,,,,,,,,,,,,,,,,,,,,,,,,,,,,https://cdn.shopify.com/s/files/1/1056/5215/8545/files/0RB3733__001_31__P21__noshad__qt.jpg?v=1785301512
rayban-rb3733-0017856,"Ray-Ban 3733 — Metal, Metal Gold","Frame: Metal Gold. Lens: BlueGrdPol.. Unisex / Pilot shape. Fit: Bridge: 17mm, Lens width: 56mm, Lens height: 43mm, Temple: 145mm. Authentic, sold by an authorized retailer.",Ray-Ban,Sunglasses,"Ray-Ban, 3733, Pilot",TRUE,Title,Default Title,,,,,RB3733-0017856,3608000,4510000,,shopify,Unisex,Pilot,true,Metal,Crystal,17,56,43,145,Blue Polarized,Arista Gold,Metal,Adjustable Nosepads,RB3733-0017856,https://cdn.shopify.com/s/files/1/1056/5215/8545/files/0RB3733__001_78__P21__noshad__fr.jpg?v=1785301515
rayban-rb3733-0017856,,,,,,,,,,,,,,,,,,,,,,,,,,,,,,,,https://cdn.shopify.com/s/files/1/1056/5215/8545/files/0RB3733__001_78__P21__noshad__qt.jpg?v=1785301518
rayban-rb3733-0017859,"Ray-Ban 3733 — Metal, Metal Gold","Frame: Metal Gold. Lens: BlueGrdPol.. Unisex / Pilot shape. Fit: Bridge: 17mm, Lens width: 56mm, Lens height: 43mm, Temple: 145mm. Authentic, sold by an authorized retailer.",Ray-Ban,Sunglasses,"Ray-Ban, 3733, Pilot",TRUE,Title,Default Title,,,,,RB3733-0017859,3608000,4510000,,shopify,Unisex,Pilot,true,Metal,Crystal,17,56,43,145,Blue Polarized,Arista Gold,Metal,Adjustable Nosepads,RB3733-0017859,https://cdn.shopify.com/s/files/1/1056/5215/8545/files/0RB3733__001_78__P21__noshad__fr.jpg?v=1785301515
rayban-rb3733-0017859,,,,,,,,,,,,,,,,,,,,,,,,,,,,,,,,https://cdn.shopify.com/s/files/1/1056/5215/8545/files/0RB3733__001_78__P21__noshad__qt.jpg?v=1785301518
rayban-rb3733-0027156,"Ray-Ban 3733 — Metal, Metal Black","Frame: Metal Black. Lens: GryGrd. Unisex / Pilot shape. Fit: Bridge: 17mm, Lens width: 56mm, Lens height: 43mm, Temple: 145mm. Authentic, sold by an authorized retailer.",Ray-Ban,Sunglasses,"Ray-Ban, 3733, Pilot",TRUE,Title,Default Title,,,,,RB3733-0027156,2760000,3450000,,shopify,Unisex,Pilot,true,Metal,Crystal,17,56,43,145,Blue Polarized,Arista Gold,Metal,Adjustable Nosepads,RB3733-0027156,https://cdn.shopify.com/s/files/1/1056/5215/8545/files/0RB3733__002_71__P21__noshad__fr.jpg?v=1785301521
rayban-rb3733-0027156,,,,,,,,,,,,,,,,,,,,,,,,,,,,,,,,https://cdn.shopify.com/s/files/1/1056/5215/8545/files/0RB3733__002_71__P21__noshad__qt.jpg?v=1785301524
rayban-rb3733-0027159,"Ray-Ban 3733 — Metal, Metal Black","Frame: Metal Black. Lens: GryGrd. Unisex / Pilot shape. Fit: Bridge: 17mm, Lens width: 56mm, Lens height: 43mm, Temple: 145mm. Authentic, sold by an authorized retailer.",Ray-Ban,Sunglasses,"Ray-Ban, 3733, Pilot",TRUE,Title,Default Title,,,,,RB3733-0027159,2760000,3450000,,shopify,Unisex,Pilot,true,Metal,Crystal,17,56,43,145,Blue Polarized,Arista Gold,Metal,Adjustable Nosepads,RB3733-0027159,https://cdn.shopify.com/s/files/1/1056/5215/8545/files/0RB3733__002_71__P21__noshad__fr.jpg?v=1785301521
rayban-rb3733-0027159,,,,,,,,,,,,,,,,,,,,,,,,,,,,,,,,https://cdn.shopify.com/s/files/1/1056/5215/8545/files/0RB3733__002_71__P21__noshad__qt.jpg?v=1785301524
rayban-rb3733-0034059,"Ray-Ban 3733 — Metal, Metal Silver","Frame: Metal Silver. Lens: GrnMirrSilv. Unisex / Pilot shape. Fit: Bridge: 17mm, Lens width: 56mm, Lens height: 43mm, Temple: 145mm. Authentic, sold by an authorized retailer.",Ray-Ban,Sunglasses,"Ray-Ban, 3733, Pilot",TRUE,Title,Default Title,,,,,RB3733-0034059,2512000,3140000,,shopify,Unisex,Pilot,true,Metal,Crystal,17,56,43,145,Blue Polarized,Arista Gold,Metal,Adjustable Nosepads,RB3733-0034059,https://cdn.shopify.com/s/files/1/1056/5215/8545/files/0RB3733__003_40__P21__noshad__fr.jpg?v=1785301527
rayban-rb3733-0034059,,,,,,,,,,,,,,,,,,,,,,,,,,,,,,,,https://cdn.shopify.com/s/files/1/1056/5215/8545/files/0RB3733__003_40__P21__noshad__qt.jpg?v=1785301530
rayban-rb3733-92023f56,"Ray-Ban 3733 — Metal, Metal RoseGld","Frame: Metal RoseGld. Lens: ClrGrdBlue. Unisex / Pilot shape. Fit: Bridge: 17mm, Lens width: 56mm, Lens height: 43mm, Temple: 145mm. Authentic, sold by an authorized retailer.",Ray-Ban,Sunglasses,"Ray-Ban, 3733, Pilot",TRUE,Title,Default Title,,,,,RB3733-92023F56,2360000,2950000,,shopify,Unisex,Pilot,true,Metal,Crystal,17,56,43,145,Blue Polarized,Arista Gold,Metal,Adjustable Nosepads,RB3733-92023F56,https://cdn.shopify.com/s/files/1/1056/5215/8545/files/0RB3733__92023F__P21__noshad__fr.jpg?v=1785301533
rayban-rb3733-92023f56,,,,,,,,,,,,,,,,,,,,,,,,,,,,,,,,https://cdn.shopify.com/s/files/1/1056/5215/8545/files/0RB3733__92023F__P21__noshad__qt.jpg?v=1785301536
rayban-rb3733-92023f59,"Ray-Ban 3733 — Metal, Metal RoseGld","Frame: Metal RoseGld. Lens: ClrGrdBlue. Unisex / Pilot shape. Fit: Bridge: 17mm, Lens width: 56mm, Lens height: 43mm, Temple: 145mm. Authentic, sold by an authorized retailer.",Ray-Ban,Sunglasses,"Ray-Ban, 3733, Pilot",TRUE,Title,Default Title,,,,,RB3733-92023F59,2360000,2950000,,shopify,Unisex,Pilot,true,Metal,Crystal,17,56,43,145,Blue Polarized,Arista Gold,Metal,Adjustable Nosepads,RB3733-92023F59,https://cdn.shopify.com/s/files/1/1056/5215/8545/files/0RB3733__92023F__P21__noshad__fr.jpg?v=1785301533
rayban-rb3733-92023f59,,,,,,,,,,,,,,,,,,,,,,,,,,,,,,,,https://cdn.shopify.com/s/files/1/1056/5215/8545/files/0RB3733__92023F__P21__noshad__qt.jpg?v=1785301536
rayban-rb3735-0013160,"Ray-Ban 3735-Bain Bridge — Aviator Family, Metal Gold","Frame: Metal Gold. Lens: Green. Unisex / Pilot shape. Fit: Bridge: 17mm, Lens width: 57mm, Lens height: 45mm, Temple: 140mm. Authentic, sold by an authorized retailer.",Ray-Ban,Sunglasses,"Ray-Ban, 3735-Bain Bridge, Pilot",TRUE,Title,Default Title,,,,,RB3735-0013160,3056000,3820000,,shopify,Unisex,Pilot,false,Metal,Crystal,17,57,45,140,Green,Arista Gold,Metal,Adjustable Nosepads,RB3735-0013160,https://cdn.shopify.com/s/files/1/1056/5215/8545/files/0RB3735__001_31__P21__noshad__fr.jpg?v=1785301539
rayban-rb3735-0013160,,,,,,,,,,,,,,,,,,,,,,,,,,,,,,,,https://cdn.shopify.com/s/files/1/1056/5215/8545/files/0RB3735__001_31__P21__noshad__qt.jpg?v=1785301543
rayban-rb3735-0015160,"Ray-Ban 3735-Bain Bridge — Aviator Family, Metal Gold","Frame: Metal Gold. Lens: ClrGrdBrw. Unisex / Pilot shape. Fit: Bridge: 17mm, Lens width: 57mm, Lens height: 45mm, Temple: 140mm. Authentic, sold by an authorized retailer.",Ray-Ban,Sunglasses,"Ray-Ban, 3735-Bain Bridge, Pilot",TRUE,Title,Default Title,,,,,RB3735-0015160,3240000,4050000,,shopify,Unisex,Pilot,false,Metal,Crystal,17,57,45,140,Green,Arista Gold,Metal,Adjustable Nosepads,RB3735-0015160,https://cdn.shopify.com/s/files/1/1056/5215/8545/files/0RB3735__001_51__P21__noshad__fr.jpg?v=1785301545
rayban-rb3735-0015160,,,,,,,,,,,,,,,,,,,,,,,,,,,,,,,,https://cdn.shopify.com/s/files/1/1056/5215/8545/files/0RB3735__001_51__P21__noshad__qt.jpg?v=1785301549
rayban-rb3735-0015857,"Ray-Ban 3735-Bain Bridge — Aviator Family, Metal Gold","Frame: Metal Gold. Lens: Polarized Green. Unisex / Pilot shape. Fit: Bridge: 17mm, Lens width: 57mm, Lens height: 45mm, Temple: 140mm. Authentic, sold by an authorized retailer.",Ray-Ban,Sunglasses,"Ray-Ban, 3735-Bain Bridge, Pilot",TRUE,Title,Default Title,,,,,RB3735-0015857,3984000,4980000,,shopify,Unisex,Pilot,false,Metal,Crystal,17,57,45,140,Green,Arista Gold,Metal,Adjustable Nosepads,RB3735-0015857,https://cdn.shopify.com/s/files/1/1056/5215/8545/files/0RB3735__001_58__P21__noshad__fr.jpg?v=1785301552
rayban-rb3735-0015857,,,,,,,,,,,,,,,,,,,,,,,,,,,,,,,,https://cdn.shopify.com/s/files/1/1056/5215/8545/files/0RB3735__001_58__P21__noshad__qt.jpg?v=1785301555
rayban-rb3736-0027156,"Ray-Ban 3736 — Liteforce, Metal Black","Frame: Metal Black. Lens: Dark Green. Unisex / Irregular shape. Fit: Bridge: 19mm, Lens width: 56mm, Lens height: 47mm, Temple: 145mm. Authentic, sold by an authorized retailer.",Ray-Ban,Sunglasses,"Ray-Ban, 3736, Irregular",TRUE,Title,Default Title,,,,,RB3736-0027156,2664000,3330000,,shopify,Unisex,Irregular,true,Metal,Polycarbonate,19,56,47,145,Orange Mirror Pink Polarised+,Arista Gold,Metal,Adjustable Nosepads,RB3736-0027156,https://cdn.shopify.com/s/files/1/1056/5215/8545/files/0RB3736__002_71__P21__noshad__fr.jpg?v=1785301558
rayban-rb3736-0027156,,,,,,,,,,,,,,,,,,,,,,,,,,,,,,,,https://cdn.shopify.com/s/files/1/1056/5215/8545/files/0RB3736__002_71__P21__noshad__qt.jpg?v=1785301561
rayban-rb3736-0036g56,"Ray-Ban 3736 — Liteforce, Metal Silver","Frame: Metal Silver. Lens: GryMirrSilv. Unisex / Irregular shape. Fit: Bridge: 19mm, Lens width: 56mm, Lens height: 47mm, Temple: 145mm. Authentic, sold by an authorized retailer.",Ray-Ban,Sunglasses,"Ray-Ban, 3736, Irregular",TRUE,Title,Default Title,,,,,RB3736-0036G56,2968000,3710000,,shopify,Unisex,Irregular,true,Metal,Polycarbonate,19,56,47,145,Orange Mirror Pink Polarised+,Arista Gold,Metal,Adjustable Nosepads,RB3736-0036G56,https://cdn.shopify.com/s/files/1/1056/5215/8545/files/0RB3736__003_6G__P21__noshad__fr.jpg?v=1785301564
rayban-rb3736-0036g56,,,,,,,,,,,,,,,,,,,,,,,,,,,,,,,,https://cdn.shopify.com/s/files/1/1056/5215/8545/files/0RB3736__003_6G__P21__noshad__qt.jpg?v=1785301567
rayban-rb3736-92691156,"Ray-Ban 3736 — Liteforce, Metal GunMtl","Frame: Metal GunMtl. Lens: GryGrd. Unisex / Irregular shape. Fit: Bridge: 19mm, Lens width: 56mm, Lens height: 47mm, Temple: 145mm. Authentic, sold by an authorized retailer.",Ray-Ban,Sunglasses,"Ray-Ban, 3736, Irregular",TRUE,Title,Default Title,,,,,RB3736-92691156,2816000,3520000,,shopify,Unisex,Irregular,true,Metal,Polycarbonate,19,56,47,145,Orange Mirror Pink Polarised+,Arista Gold,Metal,Adjustable Nosepads,RB3736-92691156,https://cdn.shopify.com/s/files/1/1056/5215/8545/files/0RB3736__926911__P21__noshad__fr.jpg?v=1785301570
rayban-rb3736-92691156,,,,,,,,,,,,,,,,,,,,,,,,,,,,,,,,https://cdn.shopify.com/s/files/1/1056/5215/8545/files/0RB3736__926911__P21__noshad__qt.jpg?v=1785301573
rayban-rb3741-0038059,"Ray-Ban 3741-Emy — Metal, Metal Silver","Frame: Metal Silver. Lens: Blue. Unisex / Rectangle shape. Fit: Bridge: 17mm, Lens width: 56mm, Lens height: 29mm, Temple: 145mm. Authentic, sold by an authorized retailer.",Ray-Ban,Sunglasses,"Ray-Ban, 3741-Emy, Rectangle",TRUE,Title,Default Title,,,,,RB3741-0038059,2336000,2920000,,shopify,Unisex,Rectangle,false,Metal,Polyamide Bio,17,56,29,145,Blue,Silver,Metal,Adjustable Nosepads,RB3741-0038059,https://cdn.shopify.com/s/files/1/1056/5215/8545/files/0RB3741__003_80__P21__noshad__fr.jpg?v=1785301576
rayban-rb3741-0038059,,,,,,,,,,,,,,,,,,,,,,,,,,,,,,,,https://cdn.shopify.com/s/files/1/1056/5215/8545/files/0RB3741__003_80__P21__noshad__qt.jpg?v=1785301579
rayban-rb3741-0041a59,"Ray-Ban 3741-Emy — Metal, Metal GunMtl","Frame: Metal GunMtl. Lens: Violet. Unisex / Rectangle shape. Fit: Bridge: 17mm, Lens width: 56mm, Lens height: 29mm, Temple: 145mm. Authentic, sold by an authorized retailer.",Ray-Ban,Sunglasses,"Ray-Ban, 3741-Emy, Rectangle",TRUE,Title,Default Title,,,,,RB3741-0041A59,1976000,2470000,,shopify,Unisex,Rectangle,false,Metal,Polyamide Bio,17,56,29,145,Blue,Silver,Metal,Adjustable Nosepads,RB3741-0041A59,https://cdn.shopify.com/s/files/1/1056/5215/8545/files/0RB3741__004_1A__P21__noshad__fr.jpg?v=1785301582
rayban-rb3741-0041a59,,,,,,,,,,,,,,,,,,,,,,,,,,,,,,,,https://cdn.shopify.com/s/files/1/1056/5215/8545/files/0RB3741__004_1A__P21__noshad__qt.jpg?v=1785301585
rayban-rb3741-0048459,"Ray-Ban 3741-Emy — Metal, Metal GunMtl","Frame: Metal GunMtl. Lens: Pink. Unisex / Rectangle shape. Fit: Bridge: 17mm, Lens width: 56mm, Lens height: 29mm, Temple: 145mm. Authentic, sold by an authorized retailer.",Ray-Ban,Sunglasses,"Ray-Ban, 3741-Emy, Rectangle",TRUE,Title,Default Title,,,,,RB3741-0048459,2088000,2610000,,shopify,Unisex,Rectangle,false,Metal,Polyamide Bio,17,56,29,145,Blue,Silver,Metal,Adjustable Nosepads,RB3741-0048459,https://cdn.shopify.com/s/files/1/1056/5215/8545/files/0RB3741__004_84__P21__noshad__fr.jpg?v=1785301588
rayban-rb3741-0048459,,,,,,,,,,,,,,,,,,,,,,,,,,,,,,,,https://cdn.shopify.com/s/files/1/1056/5215/8545/files/0RB3741__004_84__P21__noshad__qt.jpg?v=1785301591
rayban-rb3743m-f09971,"Ray-Ban 3743 — Ferrari Lifestyle - Active, Ferrari-Metal Matte GunMtlonGnMtl","Frame: Ferrari-Metal Matte GunMtlonGnMtl. Lens: Dark Grn58, (*N.). Unisex / Square shape. Fit: Bridge: 19mm, Lens width: 58mm, Lens height: 43mm, Temple: 145mm. Authentic, sold by an authorized retailer.",Ray-Ban,Sunglasses,"Ray-Ban, 3743, Square",TRUE,Title,Default Title,,,,,RB3743M-F09971,4624000,5780000,,shopify,Unisex,Square,false,Steel,Polycarbonate,19,58,43,145,Dark Green,Gunmetal On Gunmetal,Metal,Adjustable Nosepads,RB3743M-F09971,https://cdn.shopify.com/s/files/1/1056/5215/8545/files/0RB3743M__F09971__P21__noshad__fr.jpg?v=1785301594
rayban-rb3743m-f09971,,,,,,,,,,,,,,,,,,,,,,,,,,,,,,,,https://cdn.shopify.com/s/files/1/1056/5215/8545/files/0RB3743M__F09971__P21__noshad__qt.jpg?v=1785301597
rayban-rb3747-001-50,Ray-Ban 3747 (Round) — sps-Gold,"Frame: sps-Gold. Lens: Green, 10. Authentic, sold by an authorized retailer.",Ray-Ban,Sunglasses,"Ray-Ban, 3747 (Round)",TRUE,Title,Default Title,,,,,RB3747-001-50,3190000,,,shopify,,,false,,,,,,,,,,,RB3747-001-50,https://cdn.shopify.com/s/files/1/1056/5215/8545/files/0RB3747__001_000A.jpg?v=1785301601
rayban-rb3747-001-50,,,,,,,,,,,,,,,,,,,,,,,,,,,,,,,,https://cdn.shopify.com/s/files/1/1056/5215/8545/files/0RB3747__001_030A.jpg?v=1785301603
rayban-rb3765-0014o53,"Ray-Ban 3765 — Wired Metal, Metal Gold-White","Frame: Metal Gold-White. Lens: BrwGrdBrwMirrBlue. Unisex / Irregular shape. Fit: Bridge: 22mm, Lens width: 53mm, Lens height: 48mm, Temple: 145mm. Authentic, sold by an authorized retailer.",Ray-Ban,Sunglasses,"Ray-Ban, 3765, Irregular",TRUE,Title,Default Title,,,,,RB3765-0014O53,3288000,4110000,,shopify,Unisex,Irregular,false,Metal,Crystal,22,53,48,145,Light Brown,Arista Gold,Metal,Adjustable Nosepads,RB3765-0014O53 ,https://cdn.shopify.com/s/files/1/1056/5215/8545/files/0RB3765__001_4O__P21__noshad__fr.jpg?v=1785301607
rayban-rb3765-0014o53,,,,,,,,,,,,,,,,,,,,,,,,,,,,,,,,https://cdn.shopify.com/s/files/1/1056/5215/8545/files/0RB3765__001_4O__P21__noshad__qt.jpg?v=1785301610
rayban-rb3765-0037o53,"Ray-Ban 3765 — Wired Metal, Metal Silver-Brown","Frame: Metal Silver-Brown. Lens: BrwGrdBrwMirrPink. Unisex / Irregular shape. Fit: Bridge: 22mm, Lens width: 53mm, Lens height: 48mm, Temple: 145mm. Authentic, sold by an authorized retailer.",Ray-Ban,Sunglasses,"Ray-Ban, 3765, Irregular",TRUE,Title,Default Title,,,,,RB3765-0037O53,2888000,3610000,,shopify,Unisex,Irregular,false,Metal,Crystal,22,53,48,145,Light Brown,Arista Gold,Metal,Adjustable Nosepads,RB3765-0037O53 ,https://cdn.shopify.com/s/files/1/1056/5215/8545/files/0RB3765__003_7O__P21__noshad__fr.jpg?v=1785301613
rayban-rb3765-0037o53,,,,,,,,,,,,,,,,,,,,,,,,,,,,,,,,https://cdn.shopify.com/s/files/1/1056/5215/8545/files/0RB3765__003_7O__P21__noshad__qt.jpg?v=1785301616
rayban-rb3765-9069a553,"Ray-Ban 3765 — Wired Metal, Metal Copper","Frame: Metal Copper. Lens: PinkGrdBrw. Unisex / Irregular shape. Fit: Bridge: 22mm, Lens width: 53mm, Lens height: 48mm, Temple: 145mm. Authentic, sold by an authorized retailer.",Ray-Ban,Sunglasses,"Ray-Ban, 3765, Irregular",TRUE,Title,Default Title,,,,,RB3765-9069A553,3112000,3890000,,shopify,Unisex,Irregular,false,Metal,Crystal,22,53,48,145,Light Brown,Arista Gold,Metal,Adjustable Nosepads,RB3765-9069A553 ,https://cdn.shopify.com/s/files/1/1056/5215/8545/files/0RB3765__9069A5__P21__noshad__fr.jpg?v=1785301619
rayban-rb3765-9069a553,,,,,,,,,,,,,,,,,,,,,,,,,,,,,,,,https://cdn.shopify.com/s/files/1/1056/5215/8545/files/0RB3765__9069A5__P21__noshad__qt.jpg?v=1785301622
rayban-rb3765-91963153,"Ray-Ban 3765 — Wired Metal, Metal LegendGld","Frame: Metal LegendGld. Lens: Green. Unisex / Irregular shape. Fit: Bridge: 22mm, Lens width: 53mm, Lens height: 48mm, Temple: 145mm. Authentic, sold by an authorized retailer.",Ray-Ban,Sunglasses,"Ray-Ban, 3765, Irregular",TRUE,Title,Default Title,,,,,RB3765-91963153,2944000,3680000,,shopify,Unisex,Irregular,false,Metal,Crystal,22,53,48,145,Light Brown,Arista Gold,Metal,Adjustable Nosepads,RB3765-91963153 ,https://cdn.shopify.com/s/files/1/1056/5215/8545/files/0RB3765__919631__P21__noshad__fr.jpg?v=1785301626
rayban-rb3765-91963153,,,,,,,,,,,,,,,,,,,,,,,,,,,,,,,,https://cdn.shopify.com/s/files/1/1056/5215/8545/files/0RB3765__919631__P21__noshad__qt.jpg?v=1785301629
rayban-rb3766ch-9259an,"Ray-Ban 3766 — Metal, Chrman-Metal Copper","Frame: Chrman-Metal Copper. Lens: Polarized Brw56. Unisex / Square shape. Fit: Bridge: 20mm, Lens width: 56mm, Lens height: 47mm, Temple: 145mm. Authentic, sold by an authorized retailer.",Ray-Ban,Sunglasses,"Ray-Ban, 3766, Square",TRUE,Title,Default Title,,,,,RB3766CH-9259AN,3224000,4030000,,shopify,Unisex,Square,true,Metal,Crystal,20,56,47,145,Polarised+ Brown,Copper,Propionate,Adjustable Nosepads,RB3766CH-9259AN,https://cdn.shopify.com/s/files/1/1056/5215/8545/files/0RB3766CH__9259AN__P21__noshad__fr.jpg?v=1785301632
rayban-rb3766ch-9259an,,,,,,,,,,,,,,,,,,,,,,,,,,,,,,,,https://cdn.shopify.com/s/files/1/1056/5215/8545/files/0RB3766CH__9259AN__P21__noshad__qt.jpg?v=1785301635
rayban-rb3794m-f03171,"Ray-Ban 3794 — Ferrari Lifestyle - Icons, Ferrari-Metal Silver.","Frame: Ferrari-Metal Silver.. Lens: Dark Grn54, (*N.)- (4,9). Unisex / Irregular shape. Fit: Bridge: 20mm, Lens width: 54mm, Lens height: 45mm, Temple: 145mm. Authentic, sold by an authorized retailer.",Ray-Ban,Sunglasses,"Ray-Ban, 3794, Irregular",TRUE,Title,Default Title,,,,,RB3794M-F03171,4624000,5780000,,shopify,Unisex,Irregular,true,Metal,Polycarbonate,20,54,45,145,Purple & Silver Polarized,Gunmetal,Metal,Adjustable Nosepads,RB3794M-F03171,https://cdn.shopify.com/s/files/1/1056/5215/8545/files/0RB3794M__F03171__P21__noshad__fr.jpg?v=1785301638
rayban-rb3794m-f03171,,,,,,,,,,,,,,,,,,,,,,,,,,,,,,,,https://cdn.shopify.com/s/files/1/1056/5215/8545/files/0RB3794M__F03171__P21__noshad__qt.jpg?v=1785301642
rayban-rb3794m-f09487,"Ray-Ban 3794 — Ferrari Lifestyle - Icons, Ferrari-Metal Black-Yellow","Frame: Ferrari-Metal Black-Yellow. Lens: Dark Gry54. Unisex / Irregular shape. Fit: Bridge: 20mm, Lens width: 54mm, Lens height: 45mm, Temple: 145mm. Authentic, sold by an authorized retailer.",Ray-Ban,Sunglasses,"Ray-Ban, 3794, Irregular",TRUE,Title,Default Title,,,,,RB3794M-F09487,4624000,5780000,,shopify,Unisex,Irregular,true,Metal,Polycarbonate,20,54,45,145,Purple & Silver Polarized,Gunmetal,Metal,Adjustable Nosepads,RB3794M-F09487,https://cdn.shopify.com/s/files/1/1056/5215/8545/files/0RB3794M__F09487__P21__noshad__fr.jpg?v=1785301645
rayban-rb3794m-f09487,,,,,,,,,,,,,,,,,,,,,,,,,,,,,,,,https://cdn.shopify.com/s/files/1/1056/5215/8545/files/0RB3794M__F09487__P21__noshad__qt.jpg?v=1785301648
rayban-rb3809-0013153,Ray-Ban 3809 — Metal Arista Gold,"Frame: Metal Arista Gold. Lens: Green. Authentic, sold by an authorized retailer.",Ray-Ban,Sunglasses,"Ray-Ban, 3809",TRUE,Title,Default Title,,,,,RB3809-0013153,2776000,3470000,,shopify,,,false,,,,,,,,,,,RB3809-0013153 ,https://cdn.shopify.com/s/files/1/1056/5215/8545/files/0RB3809__001_31__P21__noshad__fr.jpg?v=1785301651
rayban-rb3809-0013153,,,,,,,,,,,,,,,,,,,,,,,,,,,,,,,,https://cdn.shopify.com/s/files/1/1056/5215/8545/files/0RB3809__001_31__P21__noshad__qt.jpg?v=1785301654
rayban-rb3809-92623f53,Ray-Ban 3809 — Metal RoseGld,"Frame: Metal RoseGld. Lens: ClrGrdBlue. Authentic, sold by an authorized retailer.",Ray-Ban,Sunglasses,"Ray-Ban, 3809",TRUE,Title,Default Title,,,,,RB3809-92623F53,2640000,3300000,,shopify,,,false,,,,,,,,,,,RB3809-92623F53 ,https://cdn.shopify.com/s/files/1/1056/5215/8545/files/0RB3809__92623F__P21__noshad__fr.jpg?v=1785301657
rayban-rb3809-92623f53,,,,,,,,,,,,,,,,,,,,,,,,,,,,,,,,https://cdn.shopify.com/s/files/1/1056/5215/8545/files/0RB3809__92623F__P21__noshad__qt.jpg?v=1785301660
rayban-rb3809-92623f55,Ray-Ban 3809 — Metal RoseGld,"Frame: Metal RoseGld. Lens: ClrGrdBlue. Authentic, sold by an authorized retailer.",Ray-Ban,Sunglasses,"Ray-Ban, 3809",TRUE,Title,Default Title,,,,,RB3809-92623F55,2640000,3300000,,shopify,,,false,,,,,,,,,,,RB3809-92623F55 ,https://cdn.shopify.com/s/files/1/1056/5215/8545/files/0RB3809__92623F__P21__noshad__fr.jpg?v=1785301657
rayban-rb3809-92623f55,,,,,,,,,,,,,,,,,,,,,,,,,,,,,,,,https://cdn.shopify.com/s/files/1/1056/5215/8545/files/0RB3809__92623F__P21__noshad__qt.jpg?v=1785301660
rayban-rb3832-0033f52,"Ray-Ban 3832 — Wired Metal, Metal Silver","Frame: Metal Silver. Lens: ClrGrdBlue. Unisex / Irregular shape. Fit: Bridge: 21mm, Lens width: 52mm, Lens height: 35mm, Temple: 145mm. Authentic, sold by an authorized retailer.",Ray-Ban,Sunglasses,"Ray-Ban, 3832, Irregular",TRUE,Title,Default Title,,,,,RB3832-0033F52,2944000,3680000,,shopify,Unisex,Irregular,false,Metal,Crystal,21,52,35,145,Green,Arista Gold,Metal,Adjustable Nosepads,RB3832-0033F52,https://cdn.shopify.com/s/files/1/1056/5215/8545/files/0RB3832__003_3F__P21__noshad__fr.jpg?v=1785301663
rayban-rb3832-0033f52,,,,,,,,,,,,,,,,,,,,,,,,,,,,,,,,https://cdn.shopify.com/s/files/1/1056/5215/8545/files/0RB3832__003_3F__P21__noshad__qt.jpg?v=1785301667
rayban-rb3832-0033f55,"Ray-Ban 3832 — Wired Metal, Metal Silver","Frame: Metal Silver. Lens: ClrGrdBlue. Unisex / Irregular shape. Fit: Bridge: 21mm, Lens width: 52mm, Lens height: 35mm, Temple: 145mm. Authentic, sold by an authorized retailer.",Ray-Ban,Sunglasses,"Ray-Ban, 3832, Irregular",TRUE,Title,Default Title,,,,,RB3832-0033F55,2944000,3680000,,shopify,Unisex,Irregular,false,Metal,Crystal,21,52,35,145,Green,Arista Gold,Metal,Adjustable Nosepads,RB3832-0033F55,https://cdn.shopify.com/s/files/1/1056/5215/8545/files/0RB3832__003_3F__P21__noshad__fr.jpg?v=1785301663
rayban-rb3832-0033f55,,,,,,,,,,,,,,,,,,,,,,,,,,,,,,,,https://cdn.shopify.com/s/files/1/1056/5215/8545/files/0RB3832__003_3F__P21__noshad__qt.jpg?v=1785301667
rayban-rb3857-91963151,"Ray-Ban 3857 (Frank) — Wired Metal, Metal PolishGld","Frame: Metal PolishGld. Lens: Green. Unisex / Square shape. Fit: Bridge: 20mm, Lens width: 51mm, Lens height: 44mm, Temple: 145mm. Authentic, sold by an authorized retailer.",Ray-Ban,Sunglasses,"Ray-Ban, 3857 (Frank), Square",TRUE,Title,Default Title,,,,,RB3857-91963151,3056000,3820000,,shopify,Unisex,Square,false,Metal,Crystal,20,51,44,145,G-15 Green,Gold,Metal,Adjustable Nosepads,RB3857-91963151,https://cdn.shopify.com/s/files/1/1056/5215/8545/files/0RB3857__919631__STD__noshad__fr.jpg?v=1785301670
rayban-rb3857-91963151,,,,,,,,,,,,,,,,,,,,,,,,,,,,,,,,https://cdn.shopify.com/s/files/1/1056/5215/8545/files/0RB3857__919631__STD__noshad__qt.jpg?v=1785301673
rayban-rb3857-91963154,"Ray-Ban 3857 (Frank) — Wired Metal, Metal LegendGld","Frame: Metal LegendGld. Lens: G15Grn. Unisex / Square shape. Fit: Bridge: 20mm, Lens width: 51mm, Lens height: 44mm, Temple: 145mm. Authentic, sold by an authorized retailer.",Ray-Ban,Sunglasses,"Ray-Ban, 3857 (Frank), Square",TRUE,Title,Default Title,,,,,RB3857-91963154,3056000,3820000,,shopify,Unisex,Square,false,Metal,Crystal,20,51,44,145,G-15 Green,Gold,Metal,Adjustable Nosepads,RB3857-91963154 ,https://cdn.shopify.com/s/files/1/1056/5215/8545/files/0RB3857__919631__STD__noshad__fr.jpg?v=1785301670
rayban-rb3857-91963154,,,,,,,,,,,,,,,,,,,,,,,,,,,,,,,,https://cdn.shopify.com/s/files/1/1056/5215/8545/files/0RB3857__919631__STD__noshad__qt.jpg?v=1785301673
rayban-rb3857-91963351,"Ray-Ban 3857 (Frank) — Wired Metal, Metal PolishGld(Sq)","Frame: Metal PolishGld(Sq). Lens: Brown. Unisex / Square shape. Fit: Bridge: 20mm, Lens width: 51mm, Lens height: 44mm, Temple: 145mm. Authentic, sold by an authorized retailer.",Ray-Ban,Sunglasses,"Ray-Ban, 3857 (Frank), Square",TRUE,Title,Default Title,,,,,RB3857-91963351,2552000,3190000,,shopify,Unisex,Square,false,Metal,Crystal,20,51,44,145,G-15 Green,Gold,Metal,Adjustable Nosepads,RB3857-91963351,https://cdn.shopify.com/s/files/1/1056/5215/8545/files/0RB3857__919633__STD__noshad__fr.jpg?v=1785301676
rayban-rb3857-91963351,,,,,,,,,,,,,,,,,,,,,,,,,,,,,,,,https://cdn.shopify.com/s/files/1/1056/5215/8545/files/0RB3857__919633__STD__noshad__qt.jpg?v=1785301679
rayban-rb3857-9196bl51,"Ray-Ban 3857 (Frank) — Wired Metal, Metal LegendGld","Frame: Metal LegendGld. Lens: PhotoGryBlueLightFilter. Unisex / Square shape. Fit: Bridge: 20mm, Lens width: 51mm, Lens height: 44mm, Temple: 145mm. Authentic, sold by an authorized retailer.",Ray-Ban,Sunglasses,"Ray-Ban, 3857 (Frank), Square",TRUE,Title,Default Title,,,,,RB3857-9196BL51,3080000,3850000,,shopify,Unisex,Square,false,Metal,Crystal,20,51,44,145,G-15 Green,Gold,Metal,Adjustable Nosepads,RB3857-9196BL51 ,https://cdn.shopify.com/s/files/1/1056/5215/8545/files/0RB3857__9196BL__STD__noshad__fr.jpg?v=1785301682
rayban-rb3857-9196bl51,,,,,,,,,,,,,,,,,,,,,,,,,,,,,,,,https://cdn.shopify.com/s/files/1/1056/5215/8545/files/0RB3857__9196BL__STD__noshad__qt.jpg?v=1785301685
rayban-rb3857-9196r551,"Ray-Ban 3857 (Frank) — Wired Metal, Metal Gold","Frame: Metal Gold. Lens: GryGls. Unisex / Square shape. Fit: Bridge: 20mm, Lens width: 51mm, Lens height: 44mm, Temple: 145mm. Authentic, sold by an authorized retailer.",Ray-Ban,Sunglasses,"Ray-Ban, 3857 (Frank), Square",TRUE,Title,Default Title,,,,,RB3857-9196R551,3056000,3820000,,shopify,Unisex,Square,false,Metal,Crystal,20,51,44,145,G-15 Green,Gold,Metal,Adjustable Nosepads,RB3857-9196R551,https://cdn.shopify.com/s/files/1/1056/5215/8545/files/0RB3857__9196R5__STD__noshad__fr.jpg?v=1785301688
rayban-rb3857-9196r551,,,,,,,,,,,,,,,,,,,,,,,,,,,,,,,,https://cdn.shopify.com/s/files/1/1056/5215/8545/files/0RB3857__9196R5__STD__noshad__qt.jpg?v=1785301691
rayban-rb3857-9196r554,"Ray-Ban 3857 (Frank) — Wired Metal, Metal LegendGld","Frame: Metal LegendGld. Lens: Blue. Unisex / Square shape. Fit: Bridge: 20mm, Lens width: 51mm, Lens height: 44mm, Temple: 145mm. Authentic, sold by an authorized retailer.",Ray-Ban,Sunglasses,"Ray-Ban, 3857 (Frank), Square",TRUE,Title,Default Title,,,,,RB3857-9196R554,3056000,3820000,,shopify,Unisex,Square,false,Metal,Crystal,20,51,44,145,G-15 Green,Gold,Metal,Adjustable Nosepads,RB3857-9196R554,https://cdn.shopify.com/s/files/1/1056/5215/8545/files/0RB3857__9196R5__STD__noshad__fr.jpg?v=1785301688
rayban-rb3857-9196r554,,,,,,,,,,,,,,,,,,,,,,,,,,,,,,,,https://cdn.shopify.com/s/files/1/1056/5215/8545/files/0RB3857__9196R5__STD__noshad__qt.jpg?v=1785301691
rayban-rb3857-91993151,"Ray-Ban 3857 (Frank) — Wired Metal, Metal Black","Frame: Metal Black. Lens: Green. Unisex / Square shape. Fit: Bridge: 20mm, Lens width: 51mm, Lens height: 44mm, Temple: 145mm. Authentic, sold by an authorized retailer.",Ray-Ban,Sunglasses,"Ray-Ban, 3857 (Frank), Square",TRUE,Title,Default Title,,,,,RB3857-91993151,3056000,3820000,,shopify,Unisex,Square,false,Metal,Crystal,20,51,44,145,G-15 Green,Gold,Metal,Adjustable Nosepads,RB3857-91993151,https://cdn.shopify.com/s/files/1/1056/5215/8545/files/0RB3857__919931__STD__noshad__fr.jpg?v=1785301694
rayban-rb3857-91993151,,,,,,,,,,,,,,,,,,,,,,,,,,,,,,,,https://cdn.shopify.com/s/files/1/1056/5215/8545/files/0RB3857__919931__STD__noshad__qt.jpg?v=1785301697
rayban-rb3957-91963152,"Ray-Ban 3957 (Julie) — Wired Metal, Metal LegendGld","Frame: Metal LegendGld. Lens: Green. Unisex / Rectangle shape. Fit: Bridge: 20mm, Lens width: 52mm, Lens height: 36mm, Temple: 145mm. Authentic, sold by an authorized retailer.",Ray-Ban,Sunglasses,"Ray-Ban, 3957 (Julie), Rectangle",TRUE,Title,Default Title,,,,,RB3957-91963152,3056000,3820000,,shopify,Unisex,Rectangle,false,Metal,Crystal,20,52,36,145,G-15 Green,Gold,Metal,Adjustable Nosepads,RB3957-91963152,https://cdn.shopify.com/s/files/1/1056/5215/8545/files/0RB3957__919631__STD__noshad__fr.jpg?v=1785301700
rayban-rb3957-91963152,,,,,,,,,,,,,,,,,,,,,,,,,,,,,,,,https://cdn.shopify.com/s/files/1/1056/5215/8545/files/0RB3957__919631__STD__noshad__qt.jpg?v=1785301703
rayban-rb4089-8941362,"Ray-Ban 4089 (BALORAMA) — Acetate, Plastic Matte Havana","Frame: Plastic Matte Havana. Lens: Org. Man / Rectangle shape. Fit: Bridge: 19mm, Lens width: 61mm, Lens height: 39mm, Temple: 135mm. Authentic, sold by an authorized retailer.",Ray-Ban,Sunglasses,"Ray-Ban, 4089 (BALORAMA), Rectangle",TRUE,Title,Default Title,,,,,RB4089-8941362,2424000,3030000,,shopify,Man,Rectangle,false,Injected,Crystal,19,61,39,135,G-15 Green,Black,Nylon,High Bridge Fit,RB4089-8941362,https://cdn.shopify.com/s/files/1/1056/5215/8545/files/0RB4089__894_13__P21__noshad__fr.jpg?v=1785301706
rayban-rb4089-8941362,,,,,,,,,,,,,,,,,,,,,,,,,,,,,,,,https://cdn.shopify.com/s/files/1/1056/5215/8545/files/0RB4089__894_13__P21__noshad__qt.jpg?v=1785301709
rayban-rb4089-8945662,"Ray-Ban 4089 (BALORAMA) — Acetate, Plastic Matte Havana","Frame: Plastic Matte Havana. Lens: Blue. Man / Rectangle shape. Fit: Bridge: 19mm, Lens width: 61mm, Lens height: 39mm, Temple: 135mm. Authentic, sold by an authorized retailer.",Ray-Ban,Sunglasses,"Ray-Ban, 4089 (BALORAMA), Rectangle",TRUE,Title,Default Title,,,,,RB4089-8945662,2424000,3030000,,shopify,Man,Rectangle,false,Injected,Crystal,19,61,39,135,G-15 Green,Black,Nylon,High Bridge Fit,RB4089-8945662,https://cdn.shopify.com/s/files/1/1056/5215/8545/files/0RB4089__894_56__P21__noshad__fr.jpg?v=1785301713
rayban-rb4089-8945662,,,,,,,,,,,,,,,,,,,,,,,,,,,,,,,,https://cdn.shopify.com/s/files/1/1056/5215/8545/files/0RB4089__894_56__P21__noshad__qt.jpg?v=1785301716
rayban-rb4125f-901s-93,Ray-Ban 4125 — MBlk,"Frame: MBlk. Lens: GldBrwMirr59, 20. Authentic, sold by an authorized retailer.",Ray-Ban,Sunglasses,"Ray-Ban, 4125",TRUE,Title,Default Title,,,,,RB4125F-901S_93,2640000,,,shopify,,,false,,,,,,,,,,,RB4125F-901S/93,https://cdn.shopify.com/s/files/1/1056/5215/8545/files/0RB4125F__901S93_000A.jpg?v=1785301719
rayban-rb4125f-901s-93,,,,,,,,,,,,,,,,,,,,,,,,,,,,,,,,https://cdn.shopify.com/s/files/1/1056/5215/8545/files/0RB4125F__901S93_030A.jpg?v=1785301722
rayban-rb4125f-901s-z2,Ray-Ban 4125 — Mblk,"Frame: Mblk. Lens: pink mirr59, 20. Authentic, sold by an authorized retailer.",Ray-Ban,Sunglasses,"Ray-Ban, 4125",TRUE,Title,Default Title,,,,,RB4125F-901S_Z2,2890000,,,shopify,,,false,,,,,,,,,,,RB4125F-901S/Z2,https://cdn.shopify.com/s/files/1/1056/5215/8545/files/0RB4125F__901SZ2_000A.jpg?v=1785301725
rayban-rb4125f-901s-z2,,,,,,,,,,,,,,,,,,,,,,,,,,,,,,,,https://cdn.shopify.com/s/files/1/1056/5215/8545/files/0RB4125F__901SZ2_030A.jpg?v=1785301728
rayban-rb4125m-f6093k,Ray-Ban 4125 — Ferrari-Plastic Havana,"Frame: Ferrari-Plastic Havana. Lens: brwMirrgrdGry57. Authentic, sold by an authorized retailer.",Ray-Ban,Sunglasses,"Ray-Ban, 4125",TRUE,Title,Default Title,,,,,RB4125M-F6093K,3256000,4070000,,shopify,,,false,,,,,,,,,,,RB4125M-F6093K,https://cdn.shopify.com/s/files/1/1056/5215/8545/files/0RB4125M__F6093K_000A.jpg?v=1785301731
rayban-rb4125m-f6093k,,,,,,,,,,,,,,,,,,,,,,,,,,,,,,,,https://cdn.shopify.com/s/files/1/1056/5215/8545/files/0RB4125M__F6093K_030A.jpg?v=1785301734
rayban-rb4147-6018760,"Ray-Ban 4147 (BoyFriend) — Essentials, Black","Frame: Black. Lens: Dark Grey. Man / Square shape. Fit: Bridge: 15mm, Lens width: 60mm, Lens height: 49mm, Temple: 145mm. Authentic, sold by an authorized retailer.",Ray-Ban,Sunglasses,"Ray-Ban, 4147 (BoyFriend), Square",TRUE,Title,Default Title,,,,,RB4147-6018760,2848000,3560000,,shopify,Man,Square,false,Nylon,Polycarbonate,15,60,49,145,Grey,Black,Nylon,High Bridge Fit,RB4147-6018760,https://cdn.shopify.com/s/files/1/1056/5215/8545/files/0RB4147__601_87__STD__noshad__fr.jpg?v=1785301737
rayban-rb4147-6018760,,,,,,,,,,,,,,,,,,,,,,,,,,,,,,,,https://cdn.shopify.com/s/files/1/1056/5215/8545/files/0RB4147__601_87__STD__noshad__qt.jpg?v=1785301740
rayban-rb4147-60397160,"Ray-Ban 4147 (BoyFriend) — Essentials, Plastic BlkOnTransp.","Frame: Plastic BlkOnTransp.. Lens: Light GryGrdD.Grey. Man / Square shape. Fit: Bridge: 15mm, Lens width: 60mm, Lens height: 49mm, Temple: 145mm. Authentic, sold by an authorized retailer.",Ray-Ban,Sunglasses,"Ray-Ban, 4147 (BoyFriend), Square",TRUE,Title,Default Title,,,,,RB4147-60397160,3032000,3790000,,shopify,Man,Square,false,Nylon,Polycarbonate,15,60,49,145,Grey,Black,Nylon,High Bridge Fit,RB4147-60397160 ,https://cdn.shopify.com/s/files/1/1056/5215/8545/files/0RB4147__603971__STD__noshad__fr.jpg?v=1785301744
rayban-rb4147-60397160,,,,,,,,,,,,,,,,,,,,,,,,,,,,,,,,https://cdn.shopify.com/s/files/1/1056/5215/8545/files/0RB4147__603971__STD__noshad__qt.jpg?v=1785301747
rayban-rb4147-60958560,"Ray-Ban 4147 (BoyFriend) — Essentials, Plastic BlkOnBrw","Frame: Plastic BlkOnBrw. Lens: GradBrw. Man / Square shape. Fit: Bridge: 15mm, Lens width: 60mm, Lens height: 49mm, Temple: 145mm. Authentic, sold by an authorized retailer.",Ray-Ban,Sunglasses,"Ray-Ban, 4147 (BoyFriend), Square",TRUE,Title,Default Title,,,,,RB4147-60958560,2760000,3450000,,shopify,Man,Square,false,Nylon,Polycarbonate,15,60,49,145,Grey,Black,Nylon,High Bridge Fit,RB4147-60958560,https://cdn.shopify.com/s/files/1/1056/5215/8545/files/0RB4147__609585__STD__noshad__fr.jpg?v=1785301750
rayban-rb4147-60958560,,,,,,,,,,,,,,,,,,,,,,,,,,,,,,,,https://cdn.shopify.com/s/files/1/1056/5215/8545/files/0RB4147__609585__STD__noshad__qt.jpg?v=1785301753
rayban-rb4147-67178060,"Ray-Ban 4147 (BoyFriend) — Essentials, Plastic Dark Blue","Frame: Plastic Dark Blue. Lens: Dark Blue. Man / Square shape. Fit: Bridge: 15mm, Lens width: 60mm, Lens height: 49mm, Temple: 145mm. Authentic, sold by an authorized retailer.",Ray-Ban,Sunglasses,"Ray-Ban, 4147 (BoyFriend), Square",TRUE,Title,Default Title,,,,,RB4147-67178060,2320000,2900000,,shopify,Man,Square,false,Nylon,Polycarbonate,15,60,49,145,Grey,Black,Nylon,High Bridge Fit,RB4147-67178060 ,https://cdn.shopify.com/s/files/1/1056/5215/8545/files/0RB4147__671780__P21__noshad__fr.jpg?v=1785301756
rayban-rb4147-67178060,,,,,,,,,,,,,,,,,,,,,,,,,,,,,,,,https://cdn.shopify.com/s/files/1/1056/5215/8545/files/0RB4147__671780__P21__noshad__qt.jpg?v=1785301760
rayban-rb4165-6596t351,"Ray-Ban 4165-Justin — Essentials, Plastic Transparent.Blue","Frame: Plastic Transparent.Blue. Lens: GryGrdPol.. Man / Square shape. Fit: Bridge: 16mm, Lens width: 51mm, Lens height: 42mm, Temple: 145mm. Authentic, sold by an authorized retailer.",Ray-Ban,Sunglasses,"Ray-Ban, 4165-Justin, Square",TRUE,Title,Default Title,,,,,RB4165-6596T351,3312000,4140000,,shopify,Man,Square,true,Nylon,Polycarbonate,16,51,42,145,Grey Polarized,Transparent Blue,Nylon,High Bridge Fit,RB4165-6596T351 ,https://cdn.shopify.com/s/files/1/1056/5215/8545/files/0RB4165__6596T3__STD__noshad__fr.jpg?v=1785301775
rayban-rb4165-6596t351,,,,,,,,,,,,,,,,,,,,,,,,,,,,,,,,https://cdn.shopify.com/s/files/1/1056/5215/8545/files/0RB4165__6596T3__STD__noshad__qt.jpg?v=1785301778
rayban-rb4165-6596t355,"Ray-Ban 4165-Justin — Essentials, Plastic Transparent.Blue","Frame: Plastic Transparent.Blue. Lens: GryGrdPol.. Man / Square shape. Fit: Bridge: 16mm, Lens width: 51mm, Lens height: 42mm, Temple: 145mm. Authentic, sold by an authorized retailer.",Ray-Ban,Sunglasses,"Ray-Ban, 4165-Justin, Square",TRUE,Title,Default Title,,,,,RB4165-6596T355,3312000,4140000,,shopify,Man,Square,true,Nylon,Polycarbonate,16,51,42,145,Grey Polarized,Transparent Blue,Nylon,High Bridge Fit,RB4165-6596T355 ,https://cdn.shopify.com/s/files/1/1056/5215/8545/files/0RB4165__6596T3__STD__noshad__fr.jpg?v=1785301775
rayban-rb4165-6596t355,,,,,,,,,,,,,,,,,,,,,,,,,,,,,,,,https://cdn.shopify.com/s/files/1/1056/5215/8545/files/0RB4165__6596T3__STD__noshad__qt.jpg?v=1785301778
rayban-rb4165-6597t555,"Ray-Ban 4165-Justin — Essentials, Plastic TransD.Brown","Frame: Plastic TransD.Brown. Lens: GrdBrwPol. Man / Square shape. Fit: Bridge: 16mm, Lens width: 51mm, Lens height: 42mm, Temple: 145mm. Authentic, sold by an authorized retailer.",Ray-Ban,Sunglasses,"Ray-Ban, 4165-Justin, Square",TRUE,Title,Default Title,,,,,RB4165-6597T555,3312000,4140000,,shopify,Man,Square,true,Nylon,Polycarbonate,16,51,42,145,Grey Polarized,Transparent Blue,Nylon,High Bridge Fit,RB4165-6597T555,https://cdn.shopify.com/s/files/1/1056/5215/8545/files/0RB4165__6597T5__STD__noshad__fr.jpg?v=1785301781
rayban-rb4165-6597t555,,,,,,,,,,,,,,,,,,,,,,,,,,,,,,,,https://cdn.shopify.com/s/files/1/1056/5215/8545/files/0RB4165__6597T5__STD__noshad__qt.jpg?v=1785301785
rayban-rb4165-854-7z,"Ray-Ban 4165-Justin — Essentials, Rub.Brown","Frame: Rub.Brown. Lens: Brown, 10. Man / Square shape. Fit: Bridge: 16mm, Lens width: 51mm, Lens height: 42mm, Temple: 145mm. Authentic, sold by an authorized retailer.",Ray-Ban,Sunglasses,"Ray-Ban, 4165-Justin, Square",TRUE,Title,Default Title,,,,,RB4165-854_7Z,1700000,2490000,,shopify,Man,Square,true,Nylon,Polycarbonate,16,51,42,145,Grey Polarized,Transparent Blue,Nylon,High Bridge Fit,RB4165-854/7Z,https://cdn.shopify.com/s/files/1/1056/5215/8545/files/0RB4165__854_7Z__STD__noshad__fr.jpg?v=1785301789
rayban-rb4165-854-7z,,,,,,,,,,,,,,,,,,,,,,,,,,,,,,,,https://cdn.shopify.com/s/files/1/1056/5215/8545/files/0RB4165__854_7Z__STD__noshad__qt.jpg?v=1785301793
rayban-rb4165f-710-8g,"Ray-Ban 4165-Justin — Injected, Tortoise","Frame: Tortoise. Lens: Pu-54, 10. Man / Square shape. Fit: Bridge: 17mm, Lens width: 55mm, Lens height: 45mm, Temple: 140mm. Authentic, sold by an authorized retailer.",Ray-Ban,Sunglasses,"Ray-Ban, 4165-Justin, Square",TRUE,Title,Default Title,,,,,RB4165F-710_8G,1950000,2490000,,shopify,Man,Square,false,Nylon,Polycarbonate,17,55,45,140,G-15 Green,Black,Nylon,Low Bridge Fit,RB4165F-710/8G,https://cdn.shopify.com/s/files/1/1056/5215/8545/files/0RB4165F__710_8G_000A.jpg?v=1785301762
rayban-rb4165f-710-8g,,,,,,,,,,,,,,,,,,,,,,,,,,,,,,,,https://cdn.shopify.com/s/files/1/1056/5215/8545/files/0RB4165F__710_8G_030A.jpg?v=1785301765
rayban-rb4165f-855-8g,"Ray-Ban 4165-Justin — Injected, RubM.Brown","Frame: RubM.Brown. Lens: Grey, 10. Man / Square shape. Fit: Bridge: 17mm, Lens width: 55mm, Lens height: 45mm, Temple: 140mm. Authentic, sold by an authorized retailer.",Ray-Ban,Sunglasses,"Ray-Ban, 4165-Justin, Square",TRUE,Title,Default Title,,,,,RB4165F-855_8G,1700000,2490000,,shopify,Man,Square,false,Nylon,Polycarbonate,17,55,45,140,G-15 Green,Black,Nylon,Low Bridge Fit,RB4165F-855/8G,https://cdn.shopify.com/s/files/1/1056/5215/8545/files/0RB4165F__855_8G_000A.jpg?v=1785301769
rayban-rb4165f-855-8g,,,,,,,,,,,,,,,,,,,,,,,,,,,,,,,,https://cdn.shopify.com/s/files/1/1056/5215/8545/files/0RB4165F__855_8G_030A.jpg?v=1785301772
rayban-rb4171-6593t554,"Ray-Ban 4171-Erika — Essentials, Plastic TranspD.Brown","Frame: Plastic TranspD.Brown. Lens: BrwGrdPol.. Woman / Phantos shape. Fit: Bridge: 18mm, Lens width: 54mm, Lens height: 46mm, Temple: 145mm. Authentic, sold by an authorized retailer.",Ray-Ban,Sunglasses,"Ray-Ban, 4171-Erika, Phantos",TRUE,Title,Default Title,,,,,RB4171-6593T554,2848000,3560000,,shopify,Woman,Phantos,false,Nylon,Polycarbonate,18,54,46,145,Gradient Brown,Transparent Light Brown,Metal,High Bridge Fit,RB4171-6593T554,https://cdn.shopify.com/s/files/1/1056/5215/8545/files/0RB4171__6593T5__STD__noshad__fr.jpg?v=1785301802
rayban-rb4171-6593t554,,,,,,,,,,,,,,,,,,,,,,,,,,,,,,,,https://cdn.shopify.com/s/files/1/1056/5215/8545/files/0RB4171__6593T5__STD__noshad__qt.jpg?v=1785301805
rayban-rb4171f-601-5a,"Ray-Ban 4171-Erika — Essentials, PBlk","Frame: PBlk. Lens: Grymirr, 10. Woman / Phantos shape. Fit: Bridge: 18mm, Lens width: 54mm, Lens height: 46mm, Temple: 145mm. Authentic, sold by an authorized retailer.",Ray-Ban,Sunglasses,"Ray-Ban, 4171-Erika, Phantos",TRUE,Title,Default Title,,,,,RB4171F-601_5A,1950000,2690000,,shopify,Woman,Phantos,true,Nylon,Polycarbonate,18,54,46,145,G-15 Green Polarised,Black,Metal,Low Bridge Fit,RB4171F-601/5A,https://cdn.shopify.com/s/files/1/1056/5215/8545/files/0RB4171F__601_5A__STD__noshad__fr.jpg?v=1785301795
rayban-rb4171f-601-5a,,,,,,,,,,,,,,,,,,,,,,,,,,,,,,,,https://cdn.shopify.com/s/files/1/1056/5215/8545/files/0RB4171F__601_5A__STD__noshad__qt.jpg?v=1785301799
rayban-rb4175-6092-17,"Ray-Ban 4175 — Evolution, Tortoise Gold","Frame: Tortoise Gold. Lens: Blue. Man / Square shape. Fit: Bridge: 16mm, Lens width: 57mm, Lens height: 47mm, Temple: 145mm. Authentic, sold by an authorized retailer.",Ray-Ban,Sunglasses,"Ray-Ban, 4175, Square",TRUE,Title,Default Title,,,,,RB4175-6092_17,2790000,,,shopify,Man,Square,false,Injected,Crystal,16,57,47,145,G-15 Green,Black On Gold,Nylon,High Bridge Fit,RB4175-6092/17,https://cdn.shopify.com/s/files/1/1056/5215/8545/files/0RB4175__609217_000A.jpg?v=1785301808
rayban-rb4175-6092-17,,,,,,,,,,,,,,,,,,,,,,,,,,,,,,,,https://cdn.shopify.com/s/files/1/1056/5215/8545/files/0RB4175__609217_030A.jpg?v=1785301811
rayban-rb4175-877-4t,"Ray-Ban 4175 — Evolution, Metal Matte Black-Gold","Frame: Metal Matte Black-Gold. Lens: VioletMirr-Sz57. Man / Square shape. Fit: Bridge: 16mm, Lens width: 57mm, Lens height: 47mm, Temple: 145mm. Authentic, sold by an authorized retailer.",Ray-Ban,Sunglasses,"Ray-Ban, 4175, Square",TRUE,Title,Default Title,,,,,RB4175-877_4T,3150000,,,shopify,Man,Square,false,Injected,Crystal,16,57,47,145,G-15 Green,Black On Gold,Nylon,High Bridge Fit,RB4175-877/4T,https://cdn.shopify.com/s/files/1/1056/5215/8545/files/0RB4175__877_4T_000A.jpg?v=1785301814
rayban-rb4175-877-4t,,,,,,,,,,,,,,,,,,,,,,,,,,,,,,,,https://cdn.shopify.com/s/files/1/1056/5215/8545/files/0RB4175__877_4T_030A.jpg?v=1785301817
rayban-rb4201f-622-3r,Ray-Ban 4201 — Plastic Matte Black,"Frame: Plastic Matte Black. Lens: GrnMirr Sz-59. Authentic, sold by an authorized retailer.",Ray-Ban,Sunglasses,"Ray-Ban, 4201",TRUE,Title,Default Title,,,,,RB4201F-622_3R,2210000,,,shopify,,,false,,,,,,,,,,,RB4201F-622/3R,https://cdn.shopify.com/s/files/1/1056/5215/8545/files/0RB4201F__622_3R_000A.jpg?v=1785301820
rayban-rb4201f-622-3r,,,,,,,,,,,,,,,,,,,,,,,,,,,,,,,,https://cdn.shopify.com/s/files/1/1056/5215/8545/files/0RB4201F__622_3R_030A.jpg?v=1785301823
rayban-rb4201f-622-6g,Ray-Ban 4201 — Plastic Matte Black,"Frame: Plastic Matte Black. Lens: GryMirr(sz-59). Authentic, sold by an authorized retailer.",Ray-Ban,Sunglasses,"Ray-Ban, 4201",TRUE,Title,Default Title,,,,,RB4201F-622_6G,2210000,,,shopify,,,false,,,,,,,,,,,RB4201F-622/6G,https://cdn.shopify.com/s/files/1/1056/5215/8545/files/0RB4201F__622_6G_000A.jpg?v=1785301826
rayban-rb4201f-622-6g,,,,,,,,,,,,,,,,,,,,,,,,,,,,,,,,https://cdn.shopify.com/s/files/1/1056/5215/8545/files/0RB4201F__622_6G_030A.jpg?v=1785301829
rayban-rb4202f-710y457,Ray-Ban 4202-Andy — sp3-Tortoise,"Frame: sp3-Tortoise. Lens: Polarized SilvFlash. Authentic, sold by an authorized retailer.",Ray-Ban,Sunglasses,"Ray-Ban, 4202-Andy",TRUE,Title,Default Title,,,,,RB4202F-710Y457,2450000,3290000,,shopify,,,false,,,,,,,,,,,RB4202F-710Y457,https://cdn.shopify.com/s/files/1/1056/5215/8545/files/0RB4202F__710_Y4_000A.jpg?v=1785301833
rayban-rb4202f-710y457,,,,,,,,,,,,,,,,,,,,,,,,,,,,,,,,https://cdn.shopify.com/s/files/1/1056/5215/8545/files/0RB4202F__710_Y4_030A.jpg?v=1785301836
rayban-rb4210-894-13,Ray-Ban 4210 — sp5s-Dark Tortoise,"Frame: sp5s-Dark Tortoise. Lens: Brw50. Authentic, sold by an authorized retailer.",Ray-Ban,Sunglasses,"Ray-Ban, 4210, Last Piece",TRUE,Title,Default Title,,,,,RB4210-894_13,1950000,3710000,,shopify,,,false,,,,,,,,,,,RB4210-894/13 | RBL4210-894/13,https://cdn.shopify.com/s/files/1/1056/5215/8545/files/0RB4210__894_13_000A.jpg?v=1785301839
rayban-rb4210-894-13,,,,,,,,,,,,,,,,,,,,,,,,,,,,,,,,https://cdn.shopify.com/s/files/1/1056/5215/8545/files/0RB4210__894_13_030A.jpg?v=1785301842
rayban-rb4221f-6167-6q,Ray-Ban 4221 — TrasnRed,"Frame: TrasnRed. Lens: RedMirr52. Authentic, sold by an authorized retailer.",Ray-Ban,Sunglasses,"Ray-Ban, 4221",TRUE,Title,Default Title,,,,,RB4221F-6167_6Q,1950000,2690000,,shopify,,,false,,,,,,,,,,,RB4221F-6167/6Q,https://cdn.shopify.com/s/files/1/1056/5215/8545/files/0RB4221F__61676Q_000A.jpg?v=1785301845
rayban-rb4221f-6167-6q,,,,,,,,,,,,,,,,,,,,,,,,,,,,,,,,https://cdn.shopify.com/s/files/1/1056/5215/8545/files/0RB4221F__61676Q_030A.jpg?v=1785301848
rayban-rb4221f-6168-4v,Ray-Ban 4221 — TransPur,"Frame: TransPur. Lens: Purple52. Authentic, sold by an authorized retailer.",Ray-Ban,Sunglasses,"Ray-Ban, 4221",TRUE,Title,Default Title,,,,,RB4221F-6168_4V,1950000,2210000,,shopify,,,false,,,,,,,,,,,RB4221F-6168/4V,https://cdn.shopify.com/s/files/1/1056/5215/8545/files/0RB4221F__61684V_000A.jpg?v=1785301851
rayban-rb4221f-6168-4v,,,,,,,,,,,,,,,,,,,,,,,,,,,,,,,,https://cdn.shopify.com/s/files/1/1056/5215/8545/files/0RB4221F__61684V_030A.jpg?v=1785301854
rayban-rb4221f-6169-3r,Ray-Ban 4221 — TrasnGrn,"Frame: TrasnGrn. Lens: GrMirr52. Authentic, sold by an authorized retailer.",Ray-Ban,Sunglasses,"Ray-Ban, 4221",TRUE,Title,Default Title,,,,,RB4221F-6169_3R,1950000,2690000,,shopify,,,false,,,,,,,,,,,RB4221F-6169/3R,https://cdn.shopify.com/s/files/1/1056/5215/8545/files/0RB4221F__61693R_000A.jpg?v=1785301857
rayban-rb4221f-6169-3r,,,,,,,,,,,,,,,,,,,,,,,,,,,,,,,,https://cdn.shopify.com/s/files/1/1056/5215/8545/files/0RB4221F__61693R_030A.jpg?v=1785301861
rayban-rb4222-6168-4v,Ray-Ban 4222-RoundPl. — TransPu,"Frame: TransPu. Lens: PuMirr,Sz50. Authentic, sold by an authorized retailer.",Ray-Ban,Sunglasses,"Ray-Ban, 4222-RoundPl.",TRUE,Title,Default Title,,,,,RB4222-6168_4V,2270000,,,shopify,,,false,,,,,,,,,,,RB4222-6168/4V,https://cdn.shopify.com/s/files/1/1056/5215/8545/files/0RB4222__61684V_000A.jpg?v=1785301864
rayban-rb4222-6168-4v,,,,,,,,,,,,,,,,,,,,,,,,,,,,,,,,https://cdn.shopify.com/s/files/1/1056/5215/8545/files/0RB4222__61684V_030A.jpg?v=1785301867
rayban-rb4222-6169-3r,Ray-Ban 4222-RoundPl. — Pl Mtl Trans Green,"Frame: Pl Mtl Trans Green. Lens: Green Mirror Sz-50. Authentic, sold by an authorized retailer.",Ray-Ban,Sunglasses,"Ray-Ban, 4222-RoundPl.",TRUE,Title,Default Title,,,,,RB4222-6169_3R,2210000,,,shopify,,,false,,,,,,,,,,,RB4222-6169/3R,https://cdn.shopify.com/s/files/1/1056/5215/8545/files/0RB4222__61693R_000A.jpg?v=1785301870
rayban-rb4222-6169-3r,,,,,,,,,,,,,,,,,,,,,,,,,,,,,,,,https://cdn.shopify.com/s/files/1/1056/5215/8545/files/0RB4222__61693R_030A.jpg?v=1785301873
rayban-rb4222-6170-55,Ray-Ban 4222-RoundPl. — Plastic TransBlue,"Frame: Plastic TransBlue. Lens: BlueMirr,Sz50. Authentic, sold by an authorized retailer.",Ray-Ban,Sunglasses,"Ray-Ban, 4222-RoundPl.",TRUE,Title,Default Title,,,,,RB4222-6170_55,2270000,,,shopify,,,false,,,,,,,,,,,RB4222-6170/55,https://cdn.shopify.com/s/files/1/1056/5215/8545/files/0RB4222__617055_000A.jpg?v=1785301876
rayban-rb4222-6170-55,,,,,,,,,,,,,,,,,,,,,,,,,,,,,,,,https://cdn.shopify.com/s/files/1/1056/5215/8545/files/0RB4222__617055_030A.jpg?v=1785301880
rayban-rb4223-601s3055,Ray-Ban 4223-Folding — Fold-Plastic Matte Black,"Frame: Fold-Plastic Matte Black. Lens: GryMirr. Authentic, sold by an authorized retailer.",Ray-Ban,Sunglasses,"Ray-Ban, 4223-Folding",TRUE,Title,Default Title,,,,,RB4223-601S3055,3770000,,,shopify,,,false,,,,,,,,,,,RB4223-601S3055,https://cdn.shopify.com/s/files/1/1056/5215/8545/files/0RB4223__601S30_000A.jpg?v=1785301882
rayban-rb4223-601s3055,,,,,,,,,,,,,,,,,,,,,,,,,,,,,,,,https://cdn.shopify.com/s/files/1/1056/5215/8545/files/0RB4223__601S30_030A.jpg?v=1785301886
rayban-rb4224-646-55,Ray-Ban 4224-Round-LR — LR-White,"Frame: LR-White. Lens: BluMirr49, 20. Authentic, sold by an authorized retailer.",Ray-Ban,Sunglasses,"Ray-Ban, 4224-Round-LR",TRUE,Title,Default Title,,,,,RB4224-646_55,3960000,,,shopify,,,false,,,,,,,,,,,RB4224-646/55,https://cdn.shopify.com/s/files/1/1056/5215/8545/files/0RB4224__646_55_000A.jpg?v=1785301889
rayban-rb4224-646-55,,,,,,,,,,,,,,,,,,,,,,,,,,,,,,,,https://cdn.shopify.com/s/files/1/1056/5215/8545/files/0RB4224__646_55_030A.jpg?v=1785301892
rayban-rb4224-650-6q,Ray-Ban 4224-Round-LR — LR-Pearl,"Frame: LR-Pearl. Lens: Red49, 20. Authentic, sold by an authorized retailer.",Ray-Ban,Sunglasses,"Ray-Ban, 4224-Round-LR, Last Piece",TRUE,Title,Default Title,,,,,RB4224-650_6Q,3960000,,,shopify,,,false,,,,,,,,,,,RB4224-650/6Q | RBL4224-650/6Q,https://cdn.shopify.com/s/files/1/1056/5215/8545/files/0RB4224__650_6Q_000A.jpg?v=1785301895
rayban-rb4224-650-6q,,,,,,,,,,,,,,,,,,,,,,,,,,,,,,,,https://cdn.shopify.com/s/files/1/1056/5215/8545/files/0RB4224__650_6Q_030A.jpg?v=1785301898
rayban-rb4226f-7107359,Ray-Ban 4226 — Plastic Dark Tortoise,"Frame: Plastic Dark Tortoise. Lens: Brown. Authentic, sold by an authorized retailer.",Ray-Ban,Sunglasses,"Ray-Ban, 4226",TRUE,Title,Default Title,,,,,RB4226F-7107359,2460000,,,shopify,,,false,,,,,,,,,,,RB4226F-7107359,https://cdn.shopify.com/s/files/1/1056/5215/8545/files/0RB4226F__710_73_000A.jpg?v=1785301902
rayban-rb4226f-7107359,,,,,,,,,,,,,,,,,,,,,,,,,,,,,,,,https://cdn.shopify.com/s/files/1/1056/5215/8545/files/0RB4226F__710_73_030A.jpg?v=1785301906
rayban-rb4228f-901s-71,Ray-Ban 4228 — Plastic Matte Black,"Frame: Plastic Matte Black. Lens: Grey-Sz58. Authentic, sold by an authorized retailer.",Ray-Ban,Sunglasses,"Ray-Ban, 4228",TRUE,Title,Default Title,,,,,RB4228F-901S_71,2650000,,,shopify,,,false,,,,,,,,,,,RB4228F-901S/71,https://cdn.shopify.com/s/files/1/1056/5215/8545/files/0RB4228F__901S71_000A.jpg?v=1785301910
rayban-rb4228f-901s-71,,,,,,,,,,,,,,,,,,,,,,,,,,,,,,,,https://cdn.shopify.com/s/files/1/1056/5215/8545/files/0RB4228F__901S71_030A.jpg?v=1785301914
rayban-rb4228f-902-73,Ray-Ban 4228 — Plastic Dark Tortoise,"Frame: Plastic Dark Tortoise. Lens: Brown-Sz58. Authentic, sold by an authorized retailer.",Ray-Ban,Sunglasses,"Ray-Ban, 4228",TRUE,Title,Default Title,,,,,RB4228F-902_73,2650000,,,shopify,,,false,,,,,,,,,,,RB4228F-902/73,https://cdn.shopify.com/s/files/1/1056/5215/8545/files/0RB4228F__902_73_000A.jpg?v=1785301917
rayban-rb4228f-902-73,,,,,,,,,,,,,,,,,,,,,,,,,,,,,,,,https://cdn.shopify.com/s/files/1/1056/5215/8545/files/0RB4228F__902_73_030A.jpg?v=1785301920
rayban-rb4232f-6017157,Ray-Ban 4232 — Plastic Black,"Frame: Plastic Black. Lens: Green,Sz57. Authentic, sold by an authorized retailer.",Ray-Ban,Sunglasses,"Ray-Ban, 4232",TRUE,Title,Default Title,,,,,RB4232F-6017157,2270000,,,shopify,,,false,,,,,,,,,,,RB4232F-6017157,https://cdn.shopify.com/s/files/1/1056/5215/8545/files/0RB4232F__601_71_000A.jpg?v=1785301923
rayban-rb4232f-6017157,,,,,,,,,,,,,,,,,,,,,,,,,,,,,,,,https://cdn.shopify.com/s/files/1/1056/5215/8545/files/0RB4232F__601_71_030A.jpg?v=1785301926
rayban-rb4234f-6017158,Ray-Ban 4234 — Plastic Black,"Frame: Plastic Black. Lens: Green,Sz58. Authentic, sold by an authorized retailer.",Ray-Ban,Sunglasses,"Ray-Ban, 4234",TRUE,Title,Default Title,,,,,RB4234F-6017158,2650000,,,shopify,,,false,,,,,,,,,,,RB4234F-6017158,https://cdn.shopify.com/s/files/1/1056/5215/8545/files/0RB4234F__601_71_000A.jpg?v=1785301929
rayban-rb4234f-6017158,,,,,,,,,,,,,,,,,,,,,,,,,,,,,,,,https://cdn.shopify.com/s/files/1/1056/5215/8545/files/0RB4234F__601_71_030A.jpg?v=1785301933
rayban-rb4234f-6205-13,Ray-Ban 4234 — Plastic Dark Tirt,"Frame: Plastic Dark Tirt. Lens: GradBrw,Sz58. Authentic, sold by an authorized retailer.",Ray-Ban,Sunglasses,"Ray-Ban, 4234",TRUE,Title,Default Title,,,,,RB4234F-6205_13,2830000,,,shopify,,,false,,,,,,,,,,,RB4234F-6205/13,https://cdn.shopify.com/s/files/1/1056/5215/8545/files/0RB4234F__620513_000A.jpg?v=1785301936
rayban-rb4234f-6205-13,,,,,,,,,,,,,,,,,,,,,,,,,,,,,,,,https://cdn.shopify.com/s/files/1/1056/5215/8545/files/0RB4234F__620513_030A.jpg?v=1785301939
rayban-rb4237f-6013050,Ray-Ban 4237-LiteForce — LF-Plastic Black,"Frame: LF-Plastic Black. Lens: GryMirr. Authentic, sold by an authorized retailer.",Ray-Ban,Sunglasses,"Ray-Ban, 4237-LiteForce",TRUE,Title,Default Title,,,,,RB4237F-6013050,3210000,,,shopify,,,false,,,,,,,,,,,RB4237F-6013050,https://cdn.shopify.com/s/files/1/1056/5215/8545/files/0RB4237F__601_30_000A.jpg?v=1785301942
rayban-rb4237f-6013050,,,,,,,,,,,,,,,,,,,,,,,,,,,,,,,,https://cdn.shopify.com/s/files/1/1056/5215/8545/files/0RB4237F__601_30_030A.jpg?v=1785301945
rayban-rb4246-1197z251,Ray-Ban 4246 (ClubRnd) — sp5s-BlkSilv,"Frame: sp5s-BlkSilv. Lens: RevoRose53. Authentic, sold by an authorized retailer.",Ray-Ban,Sunglasses,"Ray-Ban, 4246 (ClubRnd)",TRUE,Title,Default Title,,,,,RB4246-1197Z251,2250000,3390000,,shopify,,,false,,,,,,,,,,,RB4246-1197Z251,https://cdn.shopify.com/s/files/1/1056/5215/8545/files/0RB4246__1197Z2_000A.jpg?v=1785301956
rayban-rb4246-1197z251,,,,,,,,,,,,,,,,,,,,,,,,,,,,,,,,https://cdn.shopify.com/s/files/1/1056/5215/8545/files/0RB4246__1197Z2_030A.jpg?v=1785301959
rayban-rb4246-12207o51,Ray-Ban 4246 (ClubRnd) — sp5s-BrwGld,"Frame: sp5s-BrwGld. Lens: GrdPink. Authentic, sold by an authorized retailer.",Ray-Ban,Sunglasses,"Ray-Ban, 4246 (ClubRnd)",TRUE,Title,Default Title,,,,,RB4246-12207O51,2250000,3390000,,shopify,,,false,,,,,,,,,,,RB4246-12207O51,https://cdn.shopify.com/s/files/1/1056/5215/8545/files/0RB4246__12207O_000A.jpg?v=1785301962
rayban-rb4246-12207o51,,,,,,,,,,,,,,,,,,,,,,,,,,,,,,,,https://cdn.shopify.com/s/files/1/1056/5215/8545/files/0RB4246__12207O_030A.jpg?v=1785301965
rayban-rb4246f-1197z2,Ray-Ban 4246 (ClubRnd) — sp5s-BlkSilv,"Frame: sp5s-BlkSilv. Lens: PinkMirr53. Authentic, sold by an authorized retailer.",Ray-Ban,Sunglasses,"Ray-Ban, 4246 (ClubRnd)",TRUE,Title,Default Title,,,,,RB4246F-1197Z2,2250000,3390000,,shopify,,,false,,,,,,,,,,,RB4246F-1197Z2,https://cdn.shopify.com/s/files/1/1056/5215/8545/files/0RB4246F__1197Z2_000A.jpg?v=1785301949
rayban-rb4246f-1197z2,,,,,,,,,,,,,,,,,,,,,,,,,,,,,,,,https://cdn.shopify.com/s/files/1/1056/5215/8545/files/0RB4246F__1197Z2_030A.jpg?v=1785301953
rayban-rb4250-60171-52,Ray-Ban 4250 — Plastic Black,"Frame: Plastic Black. Lens: Grey. Authentic, sold by an authorized retailer.",Ray-Ban,Sunglasses,"Ray-Ban, 4250",TRUE,Title,Default Title,,,,,RB4250-60171-52,2250000,3200000,,shopify,,,false,,,,,,,,,,,RB4250-60171-52,https://cdn.shopify.com/s/files/1/1056/5215/8545/files/0RB4250__601_71_000A.jpg?v=1785301968
rayban-rb4250-60171-52,,,,,,,,,,,,,,,,,,,,,,,,,,,,,,,,https://cdn.shopify.com/s/files/1/1056/5215/8545/files/0RB4250__601_71_030A.jpg?v=1785301971
rayban-rb4252i-6234-19,Ray-Ban 4252 — Plastic Black-Blue,"Frame: Plastic Black-Blue. Lens: GradGry,Sz51. Authentic, sold by an authorized retailer.",Ray-Ban,Sunglasses,"Ray-Ban, 4252",TRUE,Title,Default Title,,,,,RB4252I-6234_19,1690000,,,shopify,,,false,,,,,,,,,,,RB4252I-6234/19,https://cdn.shopify.com/s/files/1/1056/5215/8545/files/0RB4252I__623419_000A.jpg?v=1785301974
rayban-rb4252i-6234-19,,,,,,,,,,,,,,,,,,,,,,,,,,,,,,,,https://cdn.shopify.com/s/files/1/1056/5215/8545/files/0RB4252I__623419_030A.jpg?v=1785301978
rayban-rb4256-60925a46,Ray-Ban 4256 (GATSBY 1) — Tortoise-Gold,"Frame: Tortoise-Gold. Lens: GryMirr,10, 20. Authentic, sold by an authorized retailer.",Ray-Ban,Sunglasses,"Ray-Ban, 4256 (GATSBY 1)",TRUE,Title,Default Title,,,,,RB4256-60925A46,2990000,,,shopify,,,false,,,,,,,,,,,RB4256-60925A46,https://cdn.shopify.com/s/files/1/1056/5215/8545/files/0RB4256F__60925A_000A.jpg?v=1785301981
rayban-rb4256-60925a46,,,,,,,,,,,,,,,,,,,,,,,,,,,,,,,,https://cdn.shopify.com/s/files/1/1056/5215/8545/files/0RB4256F__60925A_030A.jpg?v=1785301984
rayban-rb4256f-60925a,Ray-Ban 4256 (GATSBY 1) — Matte Havana-Gold,"Frame: Matte Havana-Gold. Lens: BrwGldMirr52, 10. Authentic, sold by an authorized retailer.",Ray-Ban,Sunglasses,"Ray-Ban, 4256 (GATSBY 1)",TRUE,Title,Default Title,,,,,RB4256F-60925A,2990000,,,shopify,,,false,,,,,,,,,,,RB4256F-60925A,https://cdn.shopify.com/s/files/1/1056/5215/8545/files/0RB4256F__60925A_000A.jpg?v=1785301981
rayban-rb4256f-60925a,,,,,,,,,,,,,,,,,,,,,,,,,,,,,,,,https://cdn.shopify.com/s/files/1/1056/5215/8545/files/0RB4256F__60925A_030A.jpg?v=1785301984
rayban-rb4256f-6252b7,Ray-Ban 4256 (GATSBY 1) — Matte Black-Brown,"Frame: Matte Black-Brown. Lens: BlueMirr52, 10. Authentic, sold by an authorized retailer.",Ray-Ban,Sunglasses,"Ray-Ban, 4256 (GATSBY 1)",TRUE,Title,Default Title,,,,,RB4256F-6252B7,2990000,,,shopify,,,false,,,,,,,,,,,RB4256F-6252B7,https://cdn.shopify.com/s/files/1/1056/5215/8545/files/0RB4256F__6252B7_000A.jpg?v=1785301987
rayban-rb4256f-6252b7,,,,,,,,,,,,,,,,,,,,,,,,,,,,,,,,https://cdn.shopify.com/s/files/1/1056/5215/8545/files/0RB4256F__6252B7_030A.jpg?v=1785301990
rayban-rb4256f-6253b8,"Ray-Ban 4256 (GATSBY 1) — Black-M,Black","Frame: Black-M,Black. Lens: GryMirr52, 10. Authentic, sold by an authorized retailer.",Ray-Ban,Sunglasses,"Ray-Ban, 4256 (GATSBY 1)",TRUE,Title,Default Title,,,,,RB4256F-6253B8,2990000,,,shopify,,,false,,,,,,,,,,,RB4256F-6253B8,https://cdn.shopify.com/s/files/1/1056/5215/8545/files/0RB4256F__6253B8_000A.jpg?v=1785301993
rayban-rb4256f-6253b8,,,,,,,,,,,,,,,,,,,,,,,,,,,,,,,,https://cdn.shopify.com/s/files/1/1056/5215/8545/files/0RB4256F__6253B8_030A.jpg?v=1785301996
rayban-rb4256f-6266b0,Ray-Ban 4256 (GATSBY 1) — Matte Havana-Blue,"Frame: Matte Havana-Blue. Lens: PuMirr52, 10. Authentic, sold by an authorized retailer.",Ray-Ban,Sunglasses,"Ray-Ban, 4256 (GATSBY 1)",TRUE,Title,Default Title,,,,,RB4256F-6266B0,2990000,,,shopify,,,false,,,,,,,,,,,RB4256F-6266B0,https://cdn.shopify.com/s/files/1/1056/5215/8545/files/0RB4256F__6266B0_000A.jpg?v=1785301999
rayban-rb4256f-6266b0,,,,,,,,,,,,,,,,,,,,,,,,,,,,,,,,https://cdn.shopify.com/s/files/1/1056/5215/8545/files/0RB4256F__6266B0_030A.jpg?v=1785302002
rayban-rb4257f-6252b7,Ray-Ban 4257 (GATSBY) — Matte Black-Brown,"Frame: Matte Black-Brown. Lens: BlueMirr55, 10. Authentic, sold by an authorized retailer.",Ray-Ban,Sunglasses,"Ray-Ban, 4257 (GATSBY)",TRUE,Title,Default Title,,,,,RB4257F-6252B7,2990000,,,shopify,,,false,,,,,,,,,,,RB4257F-6252B7,https://cdn.shopify.com/s/files/1/1056/5215/8545/files/0RB4257F__6252B7_000A.jpg?v=1785302005
rayban-rb4257f-6252b7,,,,,,,,,,,,,,,,,,,,,,,,,,,,,,,,https://cdn.shopify.com/s/files/1/1056/5215/8545/files/0RB4257F__6252B7_030A.jpg?v=1785302008
rayban-rb4257f-6266b0,Ray-Ban 4257 (GATSBY) — Matte Havana-Blue,"Frame: Matte Havana-Blue. Lens: PuMirr55, 10. Authentic, sold by an authorized retailer.",Ray-Ban,Sunglasses,"Ray-Ban, 4257 (GATSBY)",TRUE,Title,Default Title,,,,,RB4257F-6266B0,2990000,,,shopify,,,false,,,,,,,,,,,RB4257F-6266B0,https://cdn.shopify.com/s/files/1/1056/5215/8545/files/0RB4257F__6266B0_000A.jpg?v=1785302017
rayban-rb4257f-6266b0,,,,,,,,,,,,,,,,,,,,,,,,,,,,,,,,https://cdn.shopify.com/s/files/1/1056/5215/8545/files/0RB4257F__6266B0_030A.jpg?v=1785302020
rayban-rb4257f-6253-b8,Ray-Ban 4257-GATSBY II — MBlk,"Frame: MBlk. Lens: SilvGrdFlash55, 10. Authentic, sold by an authorized retailer.",Ray-Ban,Sunglasses,"Ray-Ban, 4257-GATSBY II",TRUE,Title,Default Title,,,,,RB4257F-6253_B8,2990000,,,shopify,,,false,,,,,,,,,,,RB4257F-6253/B8,https://cdn.shopify.com/s/files/1/1056/5215/8545/files/0RB4257F__6253B8_000A.jpg?v=1785302011
rayban-rb4257f-6253-b8,,,,,,,,,,,,,,,,,,,,,,,,,,,,,,,,https://cdn.shopify.com/s/files/1/1056/5215/8545/files/0RB4257F__6253B8_030A.jpg?v=1785302014
rayban-rb4258f-6017152,"Ray-Ban 4258 — Acetate, Plastic Black","Frame: Plastic Black. Lens: Green. Unisex / Square shape. Fit: Bridge: 20mm, Lens width: 52mm, Lens height: 46mm, Temple: 150mm. Authentic, sold by an authorized retailer.",Ray-Ban,Sunglasses,"Ray-Ban, 4258, Square",TRUE,Title,Default Title,,,,,RB4258F-6017152,2592000,3240000,,shopify,Unisex,Square,false,Propionate,Polyamide,20,52,46,150,Light Blue Gradient,Black,Propionate,Low Bridge Fit,RB4258F-6017152,https://cdn.shopify.com/s/files/1/1056/5215/8545/files/0RB4258F__601_71__STD__noshad__fr.jpg?v=1785302023
rayban-rb4258f-6017152,,,,,,,,,,,,,,,,,,,,,,,,,,,,,,,,https://cdn.shopify.com/s/files/1/1056/5215/8545/files/0RB4258F__601_71__STD__noshad__qt.jpg?v=1785302026
rayban-rb4258f-616613,"Ray-Ban 4258 — Acetate, Plastic OpalBeige","Frame: Plastic OpalBeige. Lens: BrwGrdD.Brw52. Unisex / Square shape. Fit: Bridge: 20mm, Lens width: 52mm, Lens height: 46mm, Temple: 150mm. Authentic, sold by an authorized retailer.",Ray-Ban,Sunglasses,"Ray-Ban, 4258, Square",TRUE,Title,Default Title,,,,,RB4258F-616613,2760000,3450000,,shopify,Unisex,Square,false,Propionate,Polycarbonate,20,52,46,150,Brown Gradient,Beige,Propionate,Low Bridge Fit,RB4258F-616613,https://cdn.shopify.com/s/files/1/1056/5215/8545/files/0RB4258F__616613__STD__noshad__fr.jpg?v=1785302030
rayban-rb4258f-616613,,,,,,,,,,,,,,,,,,,,,,,,,,,,,,,,https://cdn.shopify.com/s/files/1/1056/5215/8545/files/0RB4258F__616613__STD__noshad__qt.jpg?v=1785302033
rayban-rb4259f-6017153,"Ray-Ban 4259 — Acetate, Plastic Black","Frame: Plastic Black. Lens: Dark Green. Unisex / Phantos shape. Fit: Bridge: 20mm, Lens width: 50mm, Lens height: 44mm, Temple: 145mm. Authentic, sold by an authorized retailer.",Ray-Ban,Sunglasses,"Ray-Ban, 4259, Phantos",TRUE,Title,Default Title,,,,,RB4259F-6017153,2592000,3240000,,shopify,Unisex,Phantos,false,Propionate,Polyamide,20,50,44,145,Light Blue,Black,Propionate,Low Bridge Fit,RB4259F-6017153,https://cdn.shopify.com/s/files/1/1056/5215/8545/files/0RB4259F__601_71__STD__noshad__fr.jpg?v=1785302036
rayban-rb4259f-6017153,,,,,,,,,,,,,,,,,,,,,,,,,,,,,,,,https://cdn.shopify.com/s/files/1/1056/5215/8545/files/0RB4259F__601_71__STD__noshad__qt.jpg?v=1785302039
rayban-rb4260d-6017157,"Ray-Ban 4260 — Core, Plastic Black","Frame: Plastic Black. Lens: Dark Green. Unisex / Square shape. Fit: Bridge: 19mm, Lens width: 57mm, Lens height: 47mm, Temple: 145mm. Authentic, sold by an authorized retailer.",Ray-Ban,Sunglasses,"Ray-Ban, 4260, Square",TRUE,Title,Default Title,,,,,RB4260D-6017157,2336000,2920000,,shopify,Unisex,Square,false,Injected,Polycarbonate,19,57,47,145,Dark Grey Classic,Black,Injected,Low Bridge Fit,RB4260D-6017157,https://cdn.shopify.com/s/files/1/1056/5215/8545/files/0RB4260D__601_71__STD__noshad__fr.jpg?v=1785302042
rayban-rb4260d-6017157,,,,,,,,,,,,,,,,,,,,,,,,,,,,,,,,https://cdn.shopify.com/s/files/1/1056/5215/8545/files/0RB4260D__601_71__STD__noshad__qt.jpg?v=1785302045
rayban-rb4260d-6019a57,"Ray-Ban 4260 — Core, Plastic Black","Frame: Plastic Black. Lens: Green. Unisex / Square shape. Fit: Bridge: 19mm, Lens width: 57mm, Lens height: 47mm, Temple: 145mm. Authentic, sold by an authorized retailer.",Ray-Ban,Sunglasses,"Ray-Ban, 4260, Square",TRUE,Title,Default Title,,,,,RB4260D-6019A57,2840000,3550000,,shopify,Unisex,Square,false,Injected,Polycarbonate,19,57,47,145,Dark Grey Classic,Black,Injected,Low Bridge Fit,RB4260D-6019A57 ,https://cdn.shopify.com/s/files/1/1056/5215/8545/files/0RB4260D__601_9A__STD__noshad__fr.jpg?v=1785302048
rayban-rb4260d-6019a57,,,,,,,,,,,,,,,,,,,,,,,,,,,,,,,,https://cdn.shopify.com/s/files/1/1056/5215/8545/files/0RB4260D__601_9A__STD__noshad__qt.jpg?v=1785302051
rayban-rb4261d-6013055,Ray-Ban 4261 — sp5s-Black,"Frame: sp5s-Black. Lens: GrySilvFlash. 10. Authentic, sold by an authorized retailer.",Ray-Ban,Sunglasses,"Ray-Ban, 4261",TRUE,Title,Default Title,,,,,RB4261D-6013055,2790000,,,shopify,,,false,,,,,,,,,,,RB4261D-6013055,https://cdn.shopify.com/s/files/1/1056/5215/8545/files/0RB4261D__601_30_000A.jpg?v=1785302055
rayban-rb4261d-6013055,,,,,,,,,,,,,,,,,,,,,,,,,,,,,,,,https://cdn.shopify.com/s/files/1/1056/5215/8545/files/0RB4261D__601_30_030A.jpg?v=1785302058
rayban-rb4262d-6013057,Ray-Ban 4262 — Plastic Black,"Frame: Plastic Black. Lens: GryMirr. Authentic, sold by an authorized retailer.",Ray-Ban,Sunglasses,"Ray-Ban, 4262",TRUE,Title,Default Title,,,,,RB4262D-6013057,2690000,,,shopify,,,false,,,,,,,,,,,RB4262D-6013057,https://cdn.shopify.com/s/files/1/1056/5215/8545/files/0RB4262D__601_30__STD__noshad__fr.jpg?v=1785302061
rayban-rb4262d-6013057,,,,,,,,,,,,,,,,,,,,,,,,,,,,,,,,https://cdn.shopify.com/s/files/1/1056/5215/8545/files/0RB4262D__601_30__STD__noshad__qt.jpg?v=1785302064
rayban-rb4266-601s3r49,Ray-Ban 4266 — Plastic Matte Black-Matte Gun,"Frame: Plastic Matte Black-Matte Gun. Lens: GrnMirr. Authentic, sold by an authorized retailer.",Ray-Ban,Sunglasses,"Ray-Ban, 4266",TRUE,Title,Default Title,,,,,RB4266-601S3R49,3580000,,,shopify,,,false,,,,,,,,,,,RB4266-601S3R49,https://cdn.shopify.com/s/files/1/1056/5215/8545/files/0RB4266__601S3R_000A.jpg?v=1785302067
rayban-rb4266-601s3r49,,,,,,,,,,,,,,,,,,,,,,,,,,,,,,,,https://cdn.shopify.com/s/files/1/1056/5215/8545/files/0RB4266__601S3R_030A.jpg?v=1785302070
rayban-rb4267f-9027359,Ray-Ban 4267,"Frame: . Authentic, sold by an authorized retailer.",Ray-Ban,Sunglasses,"Ray-Ban, 4267",TRUE,Title,Default Title,,,,,RB4267F-9027359,2690000,,,shopify,,,false,,,,,,,,,,,RB4267F-9027359,https://cdn.shopify.com/s/files/1/1056/5215/8545/files/0RB4267F__902_73_000A.jpg?v=1785302073
rayban-rb4267f-9027359,,,,,,,,,,,,,,,,,,,,,,,,,,,,,,,,https://cdn.shopify.com/s/files/1/1056/5215/8545/files/0RB4267F__902_73_030A.jpg?v=1785302076
rayban-rb4285-6018g-55,Ray-Ban 4285 — Black-Silver,"Frame: Black-Silver. Lens: GradGry. Authentic, sold by an authorized retailer.",Ray-Ban,Sunglasses,"Ray-Ban, 4285",TRUE,Title,Default Title,,,,,RB4285-6018G-55,3090000,,,shopify,,,false,,,,,,,,,,,RB4285-6018G-55,https://cdn.shopify.com/s/files/1/1056/5215/8545/files/0RB4285__601_8G__STD__noshad__fr.jpg?v=1785302079
rayban-rb4285-6018g-55,,,,,,,,,,,,,,,,,,,,,,,,,,,,,,,,https://cdn.shopify.com/s/files/1/1056/5215/8545/files/0RB4285__601_8G__STD__noshad__qt.jpg?v=1785302083
rayban-rb4286-6257b755,Ray-Ban 4286 — sp3-LR-GnTrt,"Frame: sp3-LR-GnTrt. Lens: Blue Mirror, 20. Authentic, sold by an authorized retailer.",Ray-Ban,Sunglasses,"Ray-Ban, 4286",TRUE,Title,Default Title,,,,,RB4286-6257B755,2700000,4190000,,shopify,,,false,,,,,,,,,,,RB4286-6257B755,https://cdn.shopify.com/s/files/1/1056/5215/8545/files/0RB4286__6257B7_000A.jpg?v=1785302085
rayban-rb4286-6257b755,,,,,,,,,,,,,,,,,,,,,,,,,,,,,,,,https://cdn.shopify.com/s/files/1/1056/5215/8545/files/0RB4286__6257B7_030A.jpg?v=1785302089
rayban-rb4287-6018g-55,Ray-Ban 4287 (Lightray) — Black-MGun,"Frame: Black-MGun. Lens: GradGry. Authentic, sold by an authorized retailer.",Ray-Ban,Sunglasses,"Ray-Ban, 4287 (Lightray)",TRUE,Title,Default Title,,,,,RB4287-6018G-55,3990000,,,shopify,,,false,,,,,,,,,,,RB4287-6018G-55,https://cdn.shopify.com/s/files/1/1056/5215/8545/files/0RB4287__601_8G_000A.jpg?v=1785302092
rayban-rb4287-6018g-55,,,,,,,,,,,,,,,,,,,,,,,,,,,,,,,,https://cdn.shopify.com/s/files/1/1056/5215/8545/files/0RB4287__601_8G_030A.jpg?v=1785302095
rayban-rb4287-872b955,Ray-Ban 4287 (Lightray) — sp3-BlueGld,"Frame: sp3-BlueGld. Lens: PinkGrdMirr, 20. Authentic, sold by an authorized retailer.",Ray-Ban,Sunglasses,"Ray-Ban, 4287 (Lightray), Last Piece",TRUE,Title,Default Title,,,,,RB4287-872B955,4190000,,,shopify,,,false,,,,,,,,,,,RB4287-872B955 | RBL4287-872B955,https://cdn.shopify.com/s/files/1/1056/5215/8545/files/0RB4287__872_B9_000A.jpg?v=1785302097
rayban-rb4287-872b955,,,,,,,,,,,,,,,,,,,,,,,,,,,,,,,,https://cdn.shopify.com/s/files/1/1056/5215/8545/files/0RB4287__872_B9_030A.jpg?v=1785302101
rayban-rb4298-6019a57,Ray-Ban 4298 — sp5s-Metal Silver-Black,"Frame: sp5s-Metal Silver-Black. Lens: Polarized Green, 10. Authentic, sold by an authorized retailer.",Ray-Ban,Sunglasses,"Ray-Ban, 4298",TRUE,Title,Default Title,,,,,RB4298-6019A57,3590000,,,shopify,,,false,,,,,,,,,,,RB4298-6019A57,https://cdn.shopify.com/s/files/1/1056/5215/8545/files/0RB4298__601_9A__STD__noshad__fr.jpg?v=1785302103
rayban-rb4298-6019a57,,,,,,,,,,,,,,,,,,,,,,,,,,,,,,,,https://cdn.shopify.com/s/files/1/1056/5215/8545/files/0RB4298__601_9A__STD__noshad__qt.jpg?v=1785302106
rayban-rb4315-7107351,"Ray-Ban 4315 — Core, Plastic Light Havana","Frame: Plastic Light Havana. Lens: Dark Brown. Unisex / Oval shape. Fit: Bridge: 21mm, Lens width: 51mm, Lens height: 40mm, Temple: 145mm. Authentic, sold by an authorized retailer.",Ray-Ban,Sunglasses,"Ray-Ban, 4315, Oval",TRUE,Title,Default Title,,,,,RB4315-7107351,2848000,3560000,,shopify,Unisex,Oval,false,Nylon,Crystal,21,51,40,145,Bronze,Black,Propionate,High Bridge Fit,RB4315-7107351 ,https://cdn.shopify.com/s/files/1/1056/5215/8545/files/0RB4315__710_73_000A.jpg?v=1783968071
rayban-rb4315-7107351,,,,,,,,,,,,,,,,,,,,,,,,,,,,,,,,https://cdn.shopify.com/s/files/1/1056/5215/8545/files/0RB4315__710_73_030A.jpg?v=1783968074
rayban-rb4324f-6013150,Ray-Ban 4324 — Plastic Black(Sq),"Frame: Plastic Black(Sq). Lens: Green. Authentic, sold by an authorized retailer.",Ray-Ban,Sunglasses,"Ray-Ban, 4324",TRUE,Title,Default Title,,,,,RB4324F-6013150,2376000,2970000,,shopify,,,false,,,,,,,,,,,RB4324F-6013150,https://cdn.shopify.com/s/files/1/1056/5215/8545/files/0RB4324F__601_31__STD__noshad__fr.jpg?v=1785302110
rayban-rb4324f-6013150,,,,,,,,,,,,,,,,,,,,,,,,,,,,,,,,https://cdn.shopify.com/s/files/1/1056/5215/8545/files/0RB4324F__601_31__STD__noshad__qt.jpg?v=1785302112
rayban-rb4333d-6018g55,"Ray-Ban 4333 — Injected, Plastic Black","Frame: Plastic Black. Lens: GryGrd. Unisex / Square shape. Fit: Bridge: 17mm, Lens width: 55mm, Lens height: 48mm, Temple: 145mm. Authentic, sold by an authorized retailer.",Ray-Ban,Sunglasses,"Ray-Ban, 4333, Square",TRUE,Title,Default Title,,,,,RB4333D-6018G55,2504000,3130000,,shopify,Unisex,Square,false,Injected,Polyamide,17,55,48,145,Green,Black,Metal,Low Bridge Fit,RB4333D-6018G55,https://cdn.shopify.com/s/files/1/1056/5215/8545/files/0RB4333D__601_8G__P21__noshad__fr.jpg?v=1785302115
rayban-rb4333d-6018g55,,,,,,,,,,,,,,,,,,,,,,,,,,,,,,,,https://cdn.shopify.com/s/files/1/1056/5215/8545/files/0RB4333D__601_8G__P21__noshad__qt.jpg?v=1785302119
rayban-rb4333d-6019a55,"Ray-Ban 4333 — Injected, Plastic Black","Frame: Plastic Black. Lens: Green. Unisex / Square shape. Fit: Bridge: 17mm, Lens width: 55mm, Lens height: 48mm, Temple: 145mm. Authentic, sold by an authorized retailer.",Ray-Ban,Sunglasses,"Ray-Ban, 4333, Square",TRUE,Title,Default Title,,,,,RB4333D-6019A55,2840000,3550000,,shopify,Unisex,Square,false,Injected,Polyamide,17,55,48,145,Green,Black,Metal,Low Bridge Fit,RB4333D-6019A55,https://cdn.shopify.com/s/files/1/1056/5215/8545/files/0RB4333D__601_9A__STD__noshad__fr.jpg?v=1785302122
rayban-rb4333d-6019a55,,,,,,,,,,,,,,,,,,,,,,,,,,,,,,,,https://cdn.shopify.com/s/files/1/1056/5215/8545/files/0RB4333D__601_9A__STD__noshad__qt.jpg?v=1785302125
rayban-rb4333d-629271,"Ray-Ban 4333 — Injected, Plastic Black-Silver","Frame: Plastic Black-Silver. Lens: Gry55. Unisex / Square shape. Fit: Bridge: 17mm, Lens width: 55mm, Lens height: 48mm, Temple: 145mm. Authentic, sold by an authorized retailer.",Ray-Ban,Sunglasses,"Ray-Ban, 4333, Square",TRUE,Title,Default Title,,,,,RB4333D-629271,2336000,2920000,,shopify,Unisex,Square,false,Injected,Polycarbonate,17,55,48,145,G-15 Green,Black,Metal,Low Bridge Fit,RB4333D-629271,https://cdn.shopify.com/s/files/1/1056/5215/8545/files/0RB4333D__629271__STD__noshad__fr.jpg?v=1785302128
rayban-rb4333d-629271,,,,,,,,,,,,,,,,,,,,,,,,,,,,,,,,https://cdn.shopify.com/s/files/1/1056/5215/8545/files/0RB4333D__629271__STD__noshad__qt.jpg?v=1785302131
rayban-rb4333d-674680,"Ray-Ban 4333 — Injected, Plastic Black","Frame: Plastic Black. Lens: Blue55. Unisex / Square shape. Fit: Bridge: 17mm, Lens width: 55mm, Lens height: 48mm, Temple: 145mm. Authentic, sold by an authorized retailer.",Ray-Ban,Sunglasses,"Ray-Ban, 4333, Square",TRUE,Title,Default Title,,,,,RB4333D-674680,2336000,2920000,,shopify,Unisex,Square,false,Injected,Polycarbonate,17,55,48,145,Blue,Black,Metal,Low Bridge Fit,RB4333D-674680 ,https://cdn.shopify.com/s/files/1/1056/5215/8545/files/0RB4333D__674680__P21__noshad__fr.jpg?v=1785302133
rayban-rb4333d-674680,,,,,,,,,,,,,,,,,,,,,,,,,,,,,,,,https://cdn.shopify.com/s/files/1/1056/5215/8545/files/0RB4333D__674680__P21__noshad__qt.jpg?v=1785302136
rayban-rb4333d-7101355,"Ray-Ban 4333 — Injected, Plastic Tortoise","Frame: Plastic Tortoise. Lens: Brown. Unisex / Square shape. Fit: Bridge: 17mm, Lens width: 55mm, Lens height: 48mm, Temple: 145mm. Authentic, sold by an authorized retailer.",Ray-Ban,Sunglasses,"Ray-Ban, 4333, Square",TRUE,Title,Default Title,,,,,RB4333D-7101355,2504000,3130000,,shopify,Unisex,Square,false,Injected,Polyamide,17,55,48,145,Green,Black,Metal,Low Bridge Fit,RB4333D-7101355,https://cdn.shopify.com/s/files/1/1056/5215/8545/files/0RB4333D__710_13__STD__noshad__fr.jpg?v=1785302139
rayban-rb4333d-7101355,,,,,,,,,,,,,,,,,,,,,,,,,,,,,,,,https://cdn.shopify.com/s/files/1/1056/5215/8545/files/0RB4333D__710_13__STD__noshad__qt.jpg?v=1785302143
rayban-rb4334d-6018055,"Ray-Ban 4334 — Injected, Plastic Black","Frame: Plastic Black. Lens: Blue. Unisex / Square shape. Fit: Bridge: 19mm, Lens width: 55mm, Lens height: 50mm, Temple: 145mm. Authentic, sold by an authorized retailer.",Ray-Ban,Sunglasses,"Ray-Ban, 4334, Square",TRUE,Title,Default Title,,,,,RB4334D-6018055,2336000,2920000,,shopify,Unisex,Square,false,Injected,Polycarbonate,19,55,50,145,Clear Gradient Light Blue,Black,Metal,Low Bridge Fit,RB4334D-6018055,https://cdn.shopify.com/s/files/1/1056/5215/8545/files/0RB4334D__601_80__STD__noshad__fr.jpg?v=1785302146
rayban-rb4334d-6018055,,,,,,,,,,,,,,,,,,,,,,,,,,,,,,,,https://cdn.shopify.com/s/files/1/1056/5215/8545/files/0RB4334D__601_80__STD__noshad__qt.jpg?v=1785302149
rayban-rb4334d-629271,"Ray-Ban 4334 — Injected, Plastic Black","Frame: Plastic Black. Lens: Gry55. Unisex / Square shape. Fit: Bridge: 19mm, Lens width: 55mm, Lens height: 50mm, Temple: 145mm. Authentic, sold by an authorized retailer.",Ray-Ban,Sunglasses,"Ray-Ban, 4334, Square",TRUE,Title,Default Title,,,,,RB4334D-629271,2336000,2920000,,shopify,Unisex,Square,false,Injected,Polycarbonate,19,55,50,145,G-15 Green,Black,Metal,Low Bridge Fit,RB4334D-629271,https://cdn.shopify.com/s/files/1/1056/5215/8545/files/0RB4334D__629271__STD__noshad__fr.jpg?v=1785302152
rayban-rb4334d-629271,,,,,,,,,,,,,,,,,,,,,,,,,,,,,,,,https://cdn.shopify.com/s/files/1/1056/5215/8545/files/0RB4334D__629271__STD__noshad__qt.jpg?v=1785302154
rayban-rb4335-6017158,Ray-Ban 4335 — Plastic Black,"Frame: Plastic Black. Lens: Dark Green. Authentic, sold by an authorized retailer.",Ray-Ban,Sunglasses,"Ray-Ban, 4335",TRUE,Title,Default Title,,,,,RB4335-6017158,2568000,3210000,,shopify,,,false,,,,,,,,,,,RB4335-6017158,https://cdn.shopify.com/s/files/1/1056/5215/8545/files/0RB4335__601_71__STD__noshad__fr.jpg?v=1785302157
rayban-rb4335-6017158,,,,,,,,,,,,,,,,,,,,,,,,,,,,,,,,https://cdn.shopify.com/s/files/1/1056/5215/8545/files/0RB4335__601_71__STD__noshad__qt.jpg?v=1785302160
rayban-rb4341ch-6331ba,Ray-Ban 4341 — Chr-Plastic SandingD.Blue,"Frame: Chr-Plastic SandingD.Blue. Lens: BluePol.51. Authentic, sold by an authorized retailer.",Ray-Ban,Sunglasses,"Ray-Ban, 4341",TRUE,Title,Default Title,,,,,RB4341CH-6331BA,3256000,4070000,,shopify,,,false,,,,,,,,,,,RB4341CH-6331BA,https://cdn.shopify.com/s/files/1/1056/5215/8545/files/0RB4341CH__6331BA__STD__noshad__fr.jpg?v=1785302163
rayban-rb4341ch-6331ba,,,,,,,,,,,,,,,,,,,,,,,,,,,,,,,,https://cdn.shopify.com/s/files/1/1056/5215/8545/files/0RB4341CH__6331BA__STD__noshad__qt.jpg?v=1785302166
rayban-rb4344-6013156,Ray-Ban 4344 — Plastic Black,"Frame: Plastic Black. Lens: Green. Authentic, sold by an authorized retailer.",Ray-Ban,Sunglasses,"Ray-Ban, 4344",TRUE,Title,Default Title,,,,,RB4344-6013156,2970000,,,shopify,,,false,,,,,,,,,,,RB4344-6013156,https://cdn.shopify.com/s/files/1/1056/5215/8545/files/0RB4344__601_31__STD__noshad__fr.jpg?v=1785302169
rayban-rb4344-6013156,,,,,,,,,,,,,,,,,,,,,,,,,,,,,,,,https://cdn.shopify.com/s/files/1/1056/5215/8545/files/0RB4344__601_31__STD__noshad__qt.jpg?v=1785302173
rayban-rb4344-7103356,Ray-Ban 4344 — Plastic DTort,"Frame: Plastic DTort. Lens: Brown. Authentic, sold by an authorized retailer.",Ray-Ban,Sunglasses,"Ray-Ban, 4344",TRUE,Title,Default Title,,,,,RB4344-7103356,2970000,,,shopify,,,false,,,,,,,,,,,RB4344-7103356,https://cdn.shopify.com/s/files/1/1056/5215/8545/files/0RB4344__710_33__STD__noshad__fr.jpg?v=1785302176
rayban-rb4344-7103356,,,,,,,,,,,,,,,,,,,,,,,,,,,,,,,,https://cdn.shopify.com/s/files/1/1056/5215/8545/files/0RB4344__710_33__STD__noshad__qt.jpg?v=1785302178
rayban-rb4345-7101358,"Ray-Ban 4345 — Injected, Plastic Havana","Frame: Plastic Havana. Lens: BrwGrdD.Brown. Unisex / Round shape. Fit: Bridge: 20mm, Lens width: 58mm, Lens height: 60mm, Temple: 125mm. Authentic, sold by an authorized retailer.",Ray-Ban,Sunglasses,"Ray-Ban, 4345, Round",TRUE,Title,Default Title,,,,,RB4345-7101358,2376000,2970000,,shopify,Unisex,Round,false,Nylon,Polycarbonate,20,58,60,125,Brown Gradient,Havana,Nylon,High Bridge Fit,RB4345-7101358,https://cdn.shopify.com/s/files/1/1056/5215/8545/files/0RB4345__710_13__STD__noshad__fr.jpg?v=1785302181
rayban-rb4345-7101358,,,,,,,,,,,,,,,,,,,,,,,,,,,,,,,,https://cdn.shopify.com/s/files/1/1056/5215/8545/files/0RB4345__710_13__STD__noshad__qt.jpg?v=1785302184
rayban-rb4346-9903351,Ray-Ban 4346 (Club M Round) — sp3 Tortoise-gld,"Frame: sp3 Tortoise-gld. Lens: Brn. Authentic, sold by an authorized retailer.",Ray-Ban,Sunglasses,"Ray-Ban, 4346 (Club M Round)",TRUE,Title,Default Title,,,,,RB4346-9903351,2890000,,,shopify,,,false,,,,,,,,,,,RB4346-9903351,https://cdn.shopify.com/s/files/1/1056/5215/8545/files/0RB4346__990_33_000A.jpg?v=1785302188
rayban-rb4346-9903351,,,,,,,,,,,,,,,,,,,,,,,,,,,,,,,,https://cdn.shopify.com/s/files/1/1056/5215/8545/files/0RB4346__990_33_030A.jpg?v=1785302191
rayban-rb4348d-6018g57,Ray-Ban 4348 — Plastic Black,"Frame: Plastic Black. Lens: GrdGry. Authentic, sold by an authorized retailer.",Ray-Ban,Sunglasses,"Ray-Ban, 4348",TRUE,Title,Default Title,,,,,RB4348D-6018G57,2376000,2970000,,shopify,,,false,,,,,,,,,,,RB4348D-6018G57,https://cdn.shopify.com/s/files/1/1056/5215/8545/files/0RB4348D__601_8G__STD__noshad__fr.jpg?v=1785302193
rayban-rb4348d-6018g57,,,,,,,,,,,,,,,,,,,,,,,,,,,,,,,,https://cdn.shopify.com/s/files/1/1056/5215/8545/files/0RB4348D__601_8G__STD__noshad__qt.jpg?v=1785302196
rayban-rb4355-601b158,Ray-Ban 4355 (Vagabond) — Plastic Black,"Frame: Plastic Black. Lens: Dark Grey. Authentic, sold by an authorized retailer.",Ray-Ban,Sunglasses,"Ray-Ban, 4355 (Vagabond)",TRUE,Title,Default Title,,,,,RB4355-601B158,2552000,3190000,,shopify,,,false,,,,,,,,,,,RB4355-601B158,https://cdn.shopify.com/s/files/1/1056/5215/8545/files/0RB4355__601_B1__STD__noshad__fr.jpg?v=1785302199
rayban-rb4355-601b158,,,,,,,,,,,,,,,,,,,,,,,,,,,,,,,,https://cdn.shopify.com/s/files/1/1056/5215/8545/files/0RB4355__601_B1__STD__noshad__qt.jpg?v=1785302202
rayban-rb4355-6546w358,Ray-Ban 4355 (Vagabond) — Plastic BlueLBrw,"Frame: Plastic BlueLBrw. Lens: EvolvePhotoGryMirr. Authentic, sold by an authorized retailer.",Ray-Ban,Sunglasses,"Ray-Ban, 4355 (Vagabond)",TRUE,Title,Default Title,,,,,RB4355-6546W358,3080000,3850000,,shopify,,,false,,,,,,,,,,,RB4355-6546W358,https://cdn.shopify.com/s/files/1/1056/5215/8545/files/0RB4355__6546W3__STD__noshad__fr.jpg?v=1785302206
rayban-rb4355-6546w358,,,,,,,,,,,,,,,,,,,,,,,,,,,,,,,,https://cdn.shopify.com/s/files/1/1056/5215/8545/files/0RB4355__6546W3__STD__noshad__qt.jpg?v=1785302208
rayban-rb4364m-f65071,Ray-Ban 4364 — Ferrari-Plastic Black.Dark Grn61,"Frame: Ferrari-Plastic Black.Dark Grn61. Authentic, sold by an authorized retailer.",Ray-Ban,Sunglasses,"Ray-Ban, 4364",TRUE,Title,Default Title,,,,,RB4364M-F65071,3432000,4290000,,shopify,,,false,,,,,,,,,,,RB4364M-F65071 ,https://cdn.shopify.com/s/files/1/1056/5215/8545/files/0RB4364M__F65071__STD__noshad__fr.jpg?v=1785302212
rayban-rb4364m-f65071,,,,,,,,,,,,,,,,,,,,,,,,,,,,,,,,https://cdn.shopify.com/s/files/1/1056/5215/8545/files/0RB4364M__F65071__STD__noshad__qt.jpg?v=1785302215
rayban-rb4366m-f67555,Ray-Ban 4366 — Ferrari-Plastic BlkOnGry,"Frame: Ferrari-Plastic BlkOnGry. Lens: Light GrnMirrirBlue61. Authentic, sold by an authorized retailer.",Ray-Ban,Sunglasses,"Ray-Ban, 4366",TRUE,Title,Default Title,,,,,RB4366M-F67555,3256000,4070000,,shopify,,,false,,,,,,,,,,,RB4366M-F67555 ,https://cdn.shopify.com/s/files/1/1056/5215/8545/files/0RB4366M__F67555__STD__noshad__fr.jpg?v=1785302218
rayban-rb4366m-f67555,,,,,,,,,,,,,,,,,,,,,,,,,,,,,,,,https://cdn.shopify.com/s/files/1/1056/5215/8545/files/0RB4366M__F67555__STD__noshad__qt.jpg?v=1785302221
rayban-rb4369m-f60131,Ray-Ban 4369 — Ferrari-Metal Black,"Frame: Ferrari-Metal Black. Lens: Grn53. Authentic, sold by an authorized retailer.",Ray-Ban,Sunglasses,"Ray-Ban, 4369",TRUE,Title,Default Title,,,,,RB4369M-F60131,3256000,4070000,,shopify,,,false,,,,,,,,,,,RB4369M-F60131,https://cdn.shopify.com/s/files/1/1056/5215/8545/files/0RB4369M__F60131__STD__noshad__fr.jpg?v=1785302224
rayban-rb4369m-f60131,,,,,,,,,,,,,,,,,,,,,,,,,,,,,,,,https://cdn.shopify.com/s/files/1/1056/5215/8545/files/0RB4369M__F60131__STD__noshad__qt.jpg?v=1785302227
rayban-rb4376-6018g57,"Ray-Ban 4376 — Injected, Plastic Black","Frame: Plastic Black. Lens: GryGrd. Unisex / Pilot shape. Fit: Bridge: 16mm, Lens width: 57mm, Lens height: 52mm, Temple: 145mm. Authentic, sold by an authorized retailer.",Ray-Ban,Sunglasses,"Ray-Ban, 4376, Pilot",TRUE,Title,Default Title,,,,,RB4376-6018G57,2752000,3440000,,shopify,Unisex,Pilot,false,Injected,Polycarbonate,16,57,52,145,Grey Gradient,Black,Injected,High Bridge Fit,RB4376-6018G57,https://cdn.shopify.com/s/files/1/1056/5215/8545/files/0RB4376__601_8G__STD__noshad__fr.jpg?v=1785302236
rayban-rb4376-6018g57,,,,,,,,,,,,,,,,,,,,,,,,,,,,,,,,https://cdn.shopify.com/s/files/1/1056/5215/8545/files/0RB4376__601_8G__STD__noshad__qt.jpg?v=1785302239
rayban-rb4376-7101357,"Ray-Ban 4376 — Injected, Plastic Havana","Frame: Plastic Havana. Lens: BrwGrd. Unisex / Pilot shape. Fit: Bridge: 16mm, Lens width: 57mm, Lens height: 52mm, Temple: 145mm. Authentic, sold by an authorized retailer.",Ray-Ban,Sunglasses,"Ray-Ban, 4376, Pilot",TRUE,Title,Default Title,,,,,RB4376-7101357,2752000,3440000,,shopify,Unisex,Pilot,false,Injected,Polycarbonate,16,57,52,145,Grey Gradient,Black,Injected,High Bridge Fit,RB4376-7101357,https://cdn.shopify.com/s/files/1/1056/5215/8545/files/0RB4376__710_13__STD__noshad__fr.jpg?v=1785302242
rayban-rb4376-7101357,,,,,,,,,,,,,,,,,,,,,,,,,,,,,,,,https://cdn.shopify.com/s/files/1/1056/5215/8545/files/0RB4376__710_13__STD__noshad__qt.jpg?v=1785302245
rayban-rb4376f-669487,Ray-Ban 4376 — Plastic OpalD.Blu,"Frame: Plastic OpalD.Blu. Lens: Dark Gry57. Authentic, sold by an authorized retailer.",Ray-Ban,Sunglasses,"Ray-Ban, 4376",TRUE,Title,Default Title,,,,,RB4376F-669487,2000000,2500000,,shopify,,,false,,,,,,,,,,,RB4376F-669487,https://cdn.shopify.com/s/files/1/1056/5215/8545/files/0RB4376F__669487__P21__noshad__fr.jpg?v=1785302230
rayban-rb4376f-669487,,,,,,,,,,,,,,,,,,,,,,,,,,,,,,,,https://cdn.shopify.com/s/files/1/1056/5215/8545/files/0RB4376F__669487__P21__noshad__qt.jpg?v=1785302233
rayban-rb4378f-6017154,"Ray-Ban 4378 — Injected, Plastic Black","Frame: Plastic Black. Lens: Dark Green. Woman / Square shape. Fit: Bridge: 16mm, Lens width: 54mm, Lens height: 47mm, Temple: 145mm. Authentic, sold by an authorized retailer.",Ray-Ban,Sunglasses,"Ray-Ban, 4378, Square",TRUE,Title,Default Title,,,,,RB4378F-6017154,2336000,2920000,,shopify,Woman,Square,false,Injected,Polycarbonate,16,54,47,145,Dark Green,Black,Injected,Low Bridge Fit,RB4378F-6017154,https://cdn.shopify.com/s/files/1/1056/5215/8545/files/0RB4378F__601_71__P21__noshad__fr.jpg?v=1785302248
rayban-rb4378f-6017154,,,,,,,,,,,,,,,,,,,,,,,,,,,,,,,,https://cdn.shopify.com/s/files/1/1056/5215/8545/files/0RB4378F__601_71__P21__noshad__qt.jpg?v=1785302251
rayban-rb4378f-647711,"Ray-Ban 4378 — Injected, Plastic Clear","Frame: Plastic Clear. Lens: Grey54.. Woman / Square shape. Fit: Bridge: 16mm, Lens width: 54mm, Lens height: 47mm, Temple: 145mm. Authentic, sold by an authorized retailer.",Ray-Ban,Sunglasses,"Ray-Ban, 4378, Square",TRUE,Title,Default Title,,,,,RB4378F-647711,2160000,2700000,,shopify,Woman,Square,false,Injected,Polycarbonate,16,54,47,145,Dark Green,Black,Injected,Low Bridge Fit,RB4378F-647711,https://cdn.shopify.com/s/files/1/1056/5215/8545/files/0RB4378F__647711__STD__noshad__fr.jpg?v=1785302254
rayban-rb4378f-647711,,,,,,,,,,,,,,,,,,,,,,,,,,,,,,,,https://cdn.shopify.com/s/files/1/1056/5215/8545/files/0RB4378F__647711__STD__noshad__qt.jpg?v=1785302257
rayban-rb4378f-669487,"Ray-Ban 4378 — Injected, Plastic OpalBlu","Frame: Plastic OpalBlu. Lens: Dark Gry54. Woman / Square shape. Fit: Bridge: 16mm, Lens width: 54mm, Lens height: 47mm, Temple: 145mm. Authentic, sold by an authorized retailer.",Ray-Ban,Sunglasses,"Ray-Ban, 4378, Square",TRUE,Title,Default Title,,,,,RB4378F-669487,2000000,2500000,,shopify,Woman,Square,false,Injected,Polycarbonate,16,54,47,145,Dark Green,Black,Injected,Low Bridge Fit,RB4378F-669487,https://cdn.shopify.com/s/files/1/1056/5215/8545/files/0RB4378F__669487__P21__noshad__fr.jpg?v=1785302260
rayban-rb4378f-669487,,,,,,,,,,,,,,,,,,,,,,,,,,,,,,,,https://cdn.shopify.com/s/files/1/1056/5215/8545/files/0RB4378F__669487__P21__noshad__qt.jpg?v=1785302263
rayban-rb4379d-6017155,"Ray-Ban 4379 — Injected, Plastic Black","Frame: Plastic Black. Lens: Green. Unisex / Square shape. Fit: Bridge: 19mm, Lens width: 55mm, Lens height: 50mm, Temple: 150mm. Authentic, sold by an authorized retailer.",Ray-Ban,Sunglasses,"Ray-Ban, 4379, Square",TRUE,Title,Default Title,,,,,RB4379D-6017155,2336000,2920000,,shopify,Unisex,Square,false,Injected,Polycarbonate,19,55,50,150,Dark Green,Black,Injected,Low Bridge Fit,RB4379D-6017155,https://cdn.shopify.com/s/files/1/1056/5215/8545/files/0RB4379D__601_71__STD__noshad__fr.jpg?v=1785302267
rayban-rb4379d-6017155,,,,,,,,,,,,,,,,,,,,,,,,,,,,,,,,https://cdn.shopify.com/s/files/1/1056/5215/8545/files/0RB4379D__601_71__STD__noshad__qt.jpg?v=1785302270
rayban-rb4379d-659811,"Ray-Ban 4379 — Injected, Plastic Clear","Frame: Plastic Clear. Lens: Gry55. Unisex / Square shape. Fit: Bridge: 19mm, Lens width: 55mm, Lens height: 50mm, Temple: 150mm. Authentic, sold by an authorized retailer.",Ray-Ban,Sunglasses,"Ray-Ban, 4379, Square",TRUE,Title,Default Title,,,,,RB4379D-659811,2336000,2920000,,shopify,Unisex,Square,false,Injected,Polycarbonate,19,55,50,150,Dark Green,Black,Injected,Low Bridge Fit,RB4379D-659811,https://cdn.shopify.com/s/files/1/1056/5215/8545/files/0RB4379D__659811__STD__noshad__fr.jpg?v=1785302273
rayban-rb4379d-659811,,,,,,,,,,,,,,,,,,,,,,,,,,,,,,,,https://cdn.shopify.com/s/files/1/1056/5215/8545/files/0RB4379D__659811__STD__noshad__qt.jpg?v=1785302276
rayban-rb4379d-7101355,"Ray-Ban 4379 — Injected, Plastic Tortoise","Frame: Plastic Tortoise. Lens: GrdBrw. Unisex / Square shape. Fit: Bridge: 19mm, Lens width: 55mm, Lens height: 50mm, Temple: 150mm. Authentic, sold by an authorized retailer.",Ray-Ban,Sunglasses,"Ray-Ban, 4379, Square",TRUE,Title,Default Title,,,,,RB4379D-7101355,2160000,2700000,,shopify,Unisex,Square,false,Injected,Polycarbonate,19,55,50,150,Dark Green,Black,Injected,Low Bridge Fit,RB4379D-7101355,https://cdn.shopify.com/s/files/1/1056/5215/8545/files/0RB4379D__710_13__STD__noshad__fr.jpg?v=1785302279
rayban-rb4379d-7101355,,,,,,,,,,,,,,,,,,,,,,,,,,,,,,,,https://cdn.shopify.com/s/files/1/1056/5215/8545/files/0RB4379D__710_13__STD__noshad__qt.jpg?v=1785302283
rayban-rb4380nf-6355u0,Ray-Ban 4380 (Blaze) — sp3-Matte Trans,"Frame: sp3-Matte Trans. Lens: GryGradMirrRed39, 20. Authentic, sold by an authorized retailer.",Ray-Ban,Sunglasses,"Ray-Ban, 4380 (Blaze)",TRUE,Title,Default Title,,,,,RB4380NF-6355U0,3290000,,,shopify,,,false,,,,,,,,,,,RB4380NF-6355U0,https://cdn.shopify.com/s/files/1/1056/5215/8545/files/0RB4380NF__6355U0_000A.jpg?v=1785302286
rayban-rb4380nf-6355u0,,,,,,,,,,,,,,,,,,,,,,,,,,,,,,,,https://cdn.shopify.com/s/files/1/1056/5215/8545/files/0RB4380NF__6355U0_030A.jpg?v=1785302289
rayban-rb4387f-134911,"Ray-Ban 4387 — Essentials, Plastic Clear","Frame: Plastic Clear. Lens: Gry55. Unisex / Square shape. Fit: Bridge: 18mm, Lens width: 55mm, Lens height: 47mm, Temple: 145mm. Authentic, sold by an authorized retailer.",Ray-Ban,Sunglasses,"Ray-Ban, 4387, Square",TRUE,Title,Default Title,,,,,RB4387F-134911,2160000,2700000,,shopify,Unisex,Square,false,Acetate,Polyamide,18,55,47,145,Green Classic,Black,Acetate,Low Bridge Fit,RB4387F-134911,https://cdn.shopify.com/s/files/1/1056/5215/8545/files/0RB4387F__134911__STD__noshad__fr.jpg?v=1785302292
rayban-rb4387f-134911,,,,,,,,,,,,,,,,,,,,,,,,,,,,,,,,https://cdn.shopify.com/s/files/1/1056/5215/8545/files/0RB4387F__134911__STD__noshad__qt.jpg?v=1785302295
rayban-rb4387f-9017155,"Ray-Ban 4387 — Essentials, Plastic Black","Frame: Plastic Black. Lens: Green. Unisex / Square shape. Fit: Bridge: 18mm, Lens width: 55mm, Lens height: 47mm, Temple: 145mm. Authentic, sold by an authorized retailer.",Ray-Ban,Sunglasses,"Ray-Ban, 4387, Square",TRUE,Title,Default Title,,,,,RB4387F-9017155,2336000,2920000,,shopify,Unisex,Square,false,Acetate,Polyamide,18,55,47,145,Green Classic,Black,Acetate,Low Bridge Fit,RB4387F-9017155,https://cdn.shopify.com/s/files/1/1056/5215/8545/files/0RB4387F__901_71__STD__noshad__fr.jpg?v=1785302298
rayban-rb4387f-9017155,,,,,,,,,,,,,,,,,,,,,,,,,,,,,,,,https://cdn.shopify.com/s/files/1/1056/5215/8545/files/0RB4387F__901_71__STD__noshad__qt.jpg?v=1785302300
rayban-rb4387f-9027355,"Ray-Ban 4387 — Essentials, Plastic Tortoise","Frame: Plastic Tortoise. Lens: brw. Unisex / Square shape. Fit: Bridge: 18mm, Lens width: 55mm, Lens height: 47mm, Temple: 145mm. Authentic, sold by an authorized retailer.",Ray-Ban,Sunglasses,"Ray-Ban, 4387, Square",TRUE,Title,Default Title,,,,,RB4387F-9027355,2336000,2920000,,shopify,Unisex,Square,false,Acetate,Polyamide,18,55,47,145,Green Classic,Black,Acetate,Low Bridge Fit,RB4387F-9027355,https://cdn.shopify.com/s/files/1/1056/5215/8545/files/0RB4387F__902_73__STD__noshad__fr.jpg?v=1785302304
rayban-rb4387f-9027355,,,,,,,,,,,,,,,,,,,,,,,,,,,,,,,,https://cdn.shopify.com/s/files/1/1056/5215/8545/files/0RB4387F__902_73__STD__noshad__qt.jpg?v=1785302306
rayban-rb4388-6017155,Ray-Ban 4388 — Plastic Black,"Frame: Plastic Black. Lens: GryGrd. Authentic, sold by an authorized retailer.",Ray-Ban,Sunglasses,"Ray-Ban, 4388",TRUE,Title,Default Title,,,,,RB4388-6017155,2480000,3100000,,shopify,,,false,,,,,,,,,,,RB4388-6017155,https://cdn.shopify.com/s/files/1/1056/5215/8545/files/0RB4388__601_71__P21__noshad__fr.jpg?v=1785302309
rayban-rb4388-6017155,,,,,,,,,,,,,,,,,,,,,,,,,,,,,,,,https://cdn.shopify.com/s/files/1/1056/5215/8545/files/0RB4388__601_71__P21__noshad__qt.jpg?v=1785302312
rayban-rb4388-6646g655,Ray-Ban 4388 — Plastic TransGrn,"Frame: Plastic TransGrn. Lens: Polarized Blue. Authentic, sold by an authorized retailer.",Ray-Ban,Sunglasses,"Ray-Ban, 4388",TRUE,Title,Default Title,,,,,RB4388-6646G655,3440000,4300000,,shopify,,,false,,,,,,,,,,,RB4388-6646G655 ,https://cdn.shopify.com/s/files/1/1056/5215/8545/files/0RB4388__6646G6__P21__noshad__fr.jpg?v=1785302315
rayban-rb4388-6646g655,,,,,,,,,,,,,,,,,,,,,,,,,,,,,,,,https://cdn.shopify.com/s/files/1/1056/5215/8545/files/0RB4388__6646G6__P21__noshad__qt.jpg?v=1785302318
rayban-rb4389-7103158,Ray-Ban 4389 — Plastic Tortoise,"Frame: Plastic Tortoise. Lens: Green. Authentic, sold by an authorized retailer.",Ray-Ban,Sunglasses,"Ray-Ban, 4389",TRUE,Title,Default Title,,,,,RB4389-7103158,2320000,2900000,,shopify,,,false,,,,,,,,,,,RB4389-7103158,https://cdn.shopify.com/s/files/1/1056/5215/8545/files/0RB4389__710_31__P21__noshad__fr.jpg?v=1785302321
rayban-rb4389-7103158,,,,,,,,,,,,,,,,,,,,,,,,,,,,,,,,https://cdn.shopify.com/s/files/1/1056/5215/8545/files/0RB4389__710_31__P21__noshad__qt.jpg?v=1785302324
rayban-rb4391d-6018065,"Ray-Ban 4391 — Injected, Plastic Black","Frame: Plastic Black. Lens: Blue. Unisex / Square shape. Fit: Bridge: 18mm, Lens width: 65mm, Lens height: 47mm, Temple: 145mm. Authentic, sold by an authorized retailer.",Ray-Ban,Sunglasses,"Ray-Ban, 4391, Square",TRUE,Title,Default Title,,,,,RB4391D-6018065,2568000,3210000,,shopify,Unisex,Square,false,Injected,Polycarbonate,18,65,47,145,Blue,Black,Injected,Low Bridge Fit,RB4391D-6018065,https://cdn.shopify.com/s/files/1/1056/5215/8545/files/0RB4391D__601_80__P21__noshad__fr.jpg?v=1785302327
rayban-rb4391d-6018065,,,,,,,,,,,,,,,,,,,,,,,,,,,,,,,,https://cdn.shopify.com/s/files/1/1056/5215/8545/files/0RB4391D__601_80__P21__noshad__qt.jpg?v=1785302330
rayban-rb4391d-6019365,"Ray-Ban 4391 — Injected, NT-Plastic Black","Frame: NT-Plastic Black. Lens: Brown. Unisex / Square shape. Fit: Bridge: 18mm, Lens width: 65mm, Lens height: 47mm, Temple: 145mm. Authentic, sold by an authorized retailer.",Ray-Ban,Sunglasses,"Ray-Ban, 4391, Square",TRUE,Title,Default Title,,,,,RB4391D-6019365,2568000,3210000,,shopify,Unisex,Square,false,Injected,Polycarbonate,18,65,47,145,Blue,Black,Injected,Low Bridge Fit,RB4391D-6019365 ,https://cdn.shopify.com/s/files/1/1056/5215/8545/files/0RB4391D__601_93__P21__noshad__fr.jpg?v=1785302333
rayban-rb4391d-6019365,,,,,,,,,,,,,,,,,,,,,,,,,,,,,,,,https://cdn.shopify.com/s/files/1/1056/5215/8545/files/0RB4391D__601_93__P21__noshad__qt.jpg?v=1785302336
rayban-rb4395f-667771,"Ray-Ban 4395 (Kiliane) — Injected, Bio-Plastic Black","Frame: Bio-Plastic Black. Lens: Dark Grn54. Unisex / Pillow shape. Fit: Bridge: 21mm, Lens width: 54mm, Lens height: 35mm, Temple: 140mm. Authentic, sold by an authorized retailer.",Ray-Ban,Sunglasses,"Ray-Ban, 4395 (Kiliane), Pillow",TRUE,Title,Default Title,,,,,RB4395F-667771,2184000,2730000,,shopify,Unisex,Pillow,false,Moulded Acetate,Polyamide Bio,21,54,35,140,Dark Green,Black,Moulded Acetate,Low Bridge Fit,RB4395F-667771,https://cdn.shopify.com/s/files/1/1056/5215/8545/files/0RB4395F__667771__P21__noshad__fr.jpg?v=1785302339
rayban-rb4395f-667771,,,,,,,,,,,,,,,,,,,,,,,,,,,,,,,,https://cdn.shopify.com/s/files/1/1056/5215/8545/files/0RB4395F__667771__P21__noshad__qt.jpg?v=1785302342
rayban-rb4395f-66858e,"Ray-Ban 4395 (Kiliane) — Injected, Bio-Plastic Transparent.Violet","Frame: Bio-Plastic Transparent.Violet. Lens: ClrGrdL.Gry54. Unisex / Pillow shape. Fit: Bridge: 21mm, Lens width: 54mm, Lens height: 35mm, Temple: 140mm. Authentic, sold by an authorized retailer.",Ray-Ban,Sunglasses,"Ray-Ban, 4395 (Kiliane), Pillow",TRUE,Title,Default Title,,,,,RB4395F-66858E,2328000,2910000,,shopify,Unisex,Pillow,false,Moulded Acetate,Polyamide Bio,21,54,35,140,Dark Green,Black,Moulded Acetate,Low Bridge Fit,RB4395F-66858E ,https://cdn.shopify.com/s/files/1/1056/5215/8545/files/0RB4395F__66858E__P21__noshad__fr.jpg?v=1785302345
rayban-rb4395f-66858e,,,,,,,,,,,,,,,,,,,,,,,,,,,,,,,,https://cdn.shopify.com/s/files/1/1056/5215/8545/files/0RB4395F__66858E__P21__noshad__qt.jpg?v=1785302348
rayban-rb4396f-135971,Ray-Ban 4396 (Warren) — Bio-Plastic Havana,"Frame: Bio-Plastic Havana. Lens: Dark Grn57. Authentic, sold by an authorized retailer.",Ray-Ban,Sunglasses,"Ray-Ban, 4396 (Warren)",TRUE,Title,Default Title,,,,,RB4396F-135971,2312000,2890000,,shopify,,,false,,,,,,,,,,,RB4396F-135971,https://cdn.shopify.com/s/files/1/1056/5215/8545/files/0RB4396F__135971__P21__noshad__fr.jpg?v=1785302351
rayban-rb4396f-135971,,,,,,,,,,,,,,,,,,,,,,,,,,,,,,,,https://cdn.shopify.com/s/files/1/1056/5215/8545/files/0RB4396F__135971__P21__noshad__qt.jpg?v=1785302355
rayban-rb4396f-667873,Ray-Ban 4396 (Warren) — Bio-Plastic Transparent.Brown,"Frame: Bio-Plastic Transparent.Brown. Lens: Dark Brw57. Authentic, sold by an authorized retailer.",Ray-Ban,Sunglasses,"Ray-Ban, 4396 (Warren)",TRUE,Title,Default Title,,,,,RB4396F-667873,2312000,2890000,,shopify,,,false,,,,,,,,,,,RB4396F-667873,https://cdn.shopify.com/s/files/1/1056/5215/8545/files/0RB4396F__667873__P21__noshad__fr.jpg?v=1785302358
rayban-rb4396f-667873,,,,,,,,,,,,,,,,,,,,,,,,,,,,,,,,https://cdn.shopify.com/s/files/1/1056/5215/8545/files/0RB4396F__667873__P21__noshad__qt.jpg?v=1785302361
rayban-rb4397-66777154,Ray-Ban 4397 (Corrigan) — Plastic Black,"Frame: Plastic Black. Lens: Dark Green. Authentic, sold by an authorized retailer.",Ray-Ban,Sunglasses,"Ray-Ban, 4397 (Corrigan)",TRUE,Title,Default Title,,,,,RB4397-66777154,2592000,3240000,,shopify,,,false,,,,,,,,,,,RB4397-66777154,https://cdn.shopify.com/s/files/1/1056/5215/8545/files/0RB4397__667771__P21__noshad__fr.jpg?v=1785302364
rayban-rb4397-66777154,,,,,,,,,,,,,,,,,,,,,,,,,,,,,,,,https://cdn.shopify.com/s/files/1/1056/5215/8545/files/0RB4397__667771__P21__noshad__qt.jpg?v=1785302367
rayban-rb4397-66778754,Ray-Ban 4397 (Corrigan) — Bio-Plastic Black,"Frame: Bio-Plastic Black. Lens: Dark Grey. Authentic, sold by an authorized retailer.",Ray-Ban,Sunglasses,"Ray-Ban, 4397 (Corrigan)",TRUE,Title,Default Title,,,,,RB4397-66778754,2592000,3240000,,shopify,,,false,,,,,,,,,,,RB4397-66778754,https://cdn.shopify.com/s/files/1/1056/5215/8545/files/0RB4397__667787__P21__noshad__fr.jpg?v=1785302370
rayban-rb4397-66778754,,,,,,,,,,,,,,,,,,,,,,,,,,,,,,,,https://cdn.shopify.com/s/files/1/1056/5215/8545/files/0RB4397__667787__P21__noshad__qt.jpg?v=1785302373
rayban-rb4397-66788254,Ray-Ban 4397 (Corrigan) — Plastic Transparent.Brown,"Frame: Plastic Transparent.Brown. Lens: Dark Green. Authentic, sold by an authorized retailer.",Ray-Ban,Sunglasses,"Ray-Ban, 4397 (Corrigan)",TRUE,Title,Default Title,,,,,RB4397-66788254,2592000,3240000,,shopify,,,false,,,,,,,,,,,RB4397-66788254,https://cdn.shopify.com/s/files/1/1056/5215/8545/files/0RB4397__667882__P21__noshad__fr.jpg?v=1785302376
rayban-rb4397-66788254,,,,,,,,,,,,,,,,,,,,,,,,,,,,,,,,https://cdn.shopify.com/s/files/1/1056/5215/8545/files/0RB4397__667882__P21__noshad__qt.jpg?v=1785302379
rayban-rb4398f-9023153,Ray-Ban 4398 (Erik) — Plastic Havana,"Frame: Plastic Havana. Lens: Green. Authentic, sold by an authorized retailer.",Ray-Ban,Sunglasses,"Ray-Ban, 4398 (Erik)",TRUE,Title,Default Title,,,,,RB4398F-9023153,2480000,3100000,,shopify,,,false,,,,,,,,,,,RB4398F-9023153,https://cdn.shopify.com/s/files/1/1056/5215/8545/files/0RB4398F__902_31__P21__noshad__fr.jpg?v=1785302383
rayban-rb4398f-9023153,,,,,,,,,,,,,,,,,,,,,,,,,,,,,,,,https://cdn.shopify.com/s/files/1/1056/5215/8545/files/0RB4398F__902_31__P21__noshad__qt.jpg?v=1785302386
rayban-rb4399f-9023153,Ray-Ban 4399 (Gina) — Plastic Havana,"Frame: Plastic Havana. Lens: Green. Authentic, sold by an authorized retailer.",Ray-Ban,Sunglasses,"Ray-Ban, 4399 (Gina)",TRUE,Title,Default Title,,,,,RB4399F-9023153,2512000,3140000,,shopify,,,false,,,,,,,,,,,RB4399F-9023153,https://cdn.shopify.com/s/files/1/1056/5215/8545/files/0RB4399F__902_31__P21__noshad__fr.jpg?v=1785302389
rayban-rb4399f-9023153,,,,,,,,,,,,,,,,,,,,,,,,,,,,,,,,https://cdn.shopify.com/s/files/1/1056/5215/8545/files/0RB4399F__902_31__P21__noshad__qt.jpg?v=1785302392
rayban-rb4401d-64478g,"Ray-Ban 4401 — Injected, Plastic Transparent.","Frame: Plastic Transparent.. Lens: GryGrd57. Unisex / Square shape. Fit: Bridge: 20mm, Lens width: 57mm, Lens height: 53mm, Temple: 150mm. Authentic, sold by an authorized retailer.",Ray-Ban,Sunglasses,"Ray-Ban, 4401, Square",TRUE,Title,Default Title,,,,,RB4401D-64478G,2752000,3440000,,shopify,Unisex,Square,false,Injected,Polycarbonate,20,57,53,150,Grey,Transparent,Injected,Low Bridge Fit,RB4401D-64478G,https://cdn.shopify.com/s/files/1/1056/5215/8545/files/0RB4401D__64478G__P21__noshad__fr.jpg?v=1785302395
rayban-rb4401d-64478g,,,,,,,,,,,,,,,,,,,,,,,,,,,,,,,,https://cdn.shopify.com/s/files/1/1056/5215/8545/files/0RB4401D__64478G__P21__noshad__qt.jpg?v=1785302398
rayban-rb4404m-f68371,Ray-Ban 4404 — Ferrari-Plastic Black,"Frame: Ferrari-Plastic Black. Lens: Dark Grn57. Authentic, sold by an authorized retailer.",Ray-Ban,Sunglasses,"Ray-Ban, 4404",TRUE,Title,Default Title,,,,,RB4404M-F68371,2904000,3630000,,shopify,,,false,,,,,,,,,,,RB4404M-F68371,https://cdn.shopify.com/s/files/1/1056/5215/8545/files/0RB4404M__F68371__P21__noshad__fr.jpg?v=1785302401
rayban-rb4404m-f68371,,,,,,,,,,,,,,,,,,,,,,,,,,,,,,,,https://cdn.shopify.com/s/files/1/1056/5215/8545/files/0RB4404M__F68371__P21__noshad__qt.jpg?v=1785302404
rayban-rb4404m-f68511,Ray-Ban 4404 — Ferrari-Plastic Dark Red,"Frame: Ferrari-Plastic Dark Red. Lens: GryGrd57. Authentic, sold by an authorized retailer.",Ray-Ban,Sunglasses,"Ray-Ban, 4404",TRUE,Title,Default Title,,,,,RB4404M-F68511,3080000,3850000,,shopify,,,false,,,,,,,,,,,RB4404M-F68511 ,https://cdn.shopify.com/s/files/1/1056/5215/8545/files/0RB4404M__F68511__P21__noshad__fr.jpg?v=1785302407
rayban-rb4404m-f68511,,,,,,,,,,,,,,,,,,,,,,,,,,,,,,,,https://cdn.shopify.com/s/files/1/1056/5215/8545/files/0RB4404M__F68511__P21__noshad__qt.jpg?v=1785302410
rayban-rb4404m-f687a1,Ray-Ban 4404 — Ferrari-Plastic Grey,"Frame: Ferrari-Plastic Grey. Lens: GrnMirrBluePol.57. Authentic, sold by an authorized retailer.",Ray-Ban,Sunglasses,"Ray-Ban, 4404",TRUE,Title,Default Title,,,,,RB4404M-F687A1,3960000,4950000,,shopify,,,false,,,,,,,,,,,RB4404M-F687A1 ,https://cdn.shopify.com/s/files/1/1056/5215/8545/files/0RB4404M__F687A1__P21__noshad__fr.jpg?v=1785302413
rayban-rb4404m-f687a1,,,,,,,,,,,,,,,,,,,,,,,,,,,,,,,,https://cdn.shopify.com/s/files/1/1056/5215/8545/files/0RB4404M__F687A1__P21__noshad__qt.jpg?v=1785302416
rayban-rb4404m-f6884l,Ray-Ban 4404 — Ferrari-Plastic Blue,"Frame: Ferrari-Plastic Blue. Lens: GryGrdD.Blue57. Authentic, sold by an authorized retailer.",Ray-Ban,Sunglasses,"Ray-Ban, 4404",TRUE,Title,Default Title,,,,,RB4404M-F6884L,3080000,3850000,,shopify,,,false,,,,,,,,,,,RB4404M-F6884L ,https://cdn.shopify.com/s/files/1/1056/5215/8545/files/0RB4404M__F6884L__P21__noshad__fr.jpg?v=1785302419
rayban-rb4404m-f6884l,,,,,,,,,,,,,,,,,,,,,,,,,,,,,,,,https://cdn.shopify.com/s/files/1/1056/5215/8545/files/0RB4404M__F6884L__P21__noshad__qt.jpg?v=1785302422
rayban-rb4405m-f62487,"Ray-Ban 4405 — Ferrari Lifestyle - Active, Ferrari-Plastic GryOnRubb.Yellow","Frame: Ferrari-Plastic GryOnRubb.Yellow. Lens: Dark Gry59. Man / Square shape. Fit: Bridge: 19mm, Lens width: 59mm, Lens height: 41mm, Temple: 130mm. Authentic, sold by an authorized retailer.",Ray-Ban,Sunglasses,"Ray-Ban, 4405, Square",TRUE,Title,Default Title,,,,,RB4405M-F62487,3960000,4950000,,shopify,Man,Square,false,Nylon,Polycarbonate,19,59,41,130,Silver,Black On Red,Nylon,High Bridge Fit,RB4405M-F62487 ,https://cdn.shopify.com/s/files/1/1056/5215/8545/files/0RB4405M__F62487__P21__noshad__fr.jpg?v=1785302425
rayban-rb4405m-f62487,,,,,,,,,,,,,,,,,,,,,,,,,,,,,,,,https://cdn.shopify.com/s/files/1/1056/5215/8545/files/0RB4405M__F62487__P21__noshad__qt.jpg?v=1785302428
rayban-rb4407-13597357,Ray-Ban 4407 — Plastic Havana,"Frame: Plastic Havana. Lens: Dark Brown. Authentic, sold by an authorized retailer.",Ray-Ban,Sunglasses,"Ray-Ban, 4407",TRUE,Title,Default Title,,,,,RB4407-13597357,2552000,3190000,,shopify,,,false,,,,,,,,,,,RB4407-13597357,https://cdn.shopify.com/s/files/1/1056/5215/8545/files/0RB4407__135973__P21__noshad__fr.jpg?v=1785302431
rayban-rb4407-13597357,,,,,,,,,,,,,,,,,,,,,,,,,,,,,,,,https://cdn.shopify.com/s/files/1/1056/5215/8545/files/0RB4407__135973__P21__noshad__qt.jpg?v=1785302435
rayban-rb4407-65457157,Ray-Ban 4407 — Plastic BlkTransp.Black,"Frame: Plastic BlkTransp.Black. Lens: Dark Green. Authentic, sold by an authorized retailer.",Ray-Ban,Sunglasses,"Ray-Ban, 4407",TRUE,Title,Default Title,,,,,RB4407-65457157,2552000,3190000,,shopify,,,false,,,,,,,,,,,RB4407-65457157 ,https://cdn.shopify.com/s/files/1/1056/5215/8545/files/0RB4407__654571__P21__noshad__fr.jpg?v=1785302437
rayban-rb4407-65457157,,,,,,,,,,,,,,,,,,,,,,,,,,,,,,,,https://cdn.shopify.com/s/files/1/1056/5215/8545/files/0RB4407__654571__P21__noshad__qt.jpg?v=1785302440
rayban-rb4407-67304l57,Ray-Ban 4407 — Plastic BluGryTransp.Light Brown,"Frame: Plastic BluGryTransp.Light Brown. Lens: GryGrdBlue. Authentic, sold by an authorized retailer.",Ray-Ban,Sunglasses,"Ray-Ban, 4407",TRUE,Title,Default Title,,,,,RB4407-67304L57,2728000,3410000,,shopify,,,false,,,,,,,,,,,RB4407-67304L57 ,https://cdn.shopify.com/s/files/1/1056/5215/8545/files/0RB4407__67304L__P21__noshad__fr.jpg?v=1785302443
rayban-rb4407-67304l57,,,,,,,,,,,,,,,,,,,,,,,,,,,,,,,,https://cdn.shopify.com/s/files/1/1056/5215/8545/files/0RB4407__67304L__P21__noshad__qt.jpg?v=1785302446
rayban-rb4407-67311357,Ray-Ban 4407 — Plastic BrwL.BrwTranspBeige,"Frame: Plastic BrwL.BrwTranspBeige. Lens: BrwGrd. Authentic, sold by an authorized retailer.",Ray-Ban,Sunglasses,"Ray-Ban, 4407",TRUE,Title,Default Title,,,,,RB4407-67311357,2728000,3410000,,shopify,,,false,,,,,,,,,,,RB4407-67311357 ,https://cdn.shopify.com/s/files/1/1056/5215/8545/files/0RB4407__673113__P21__noshad__fr.jpg?v=1785302449
rayban-rb4407-67311357,,,,,,,,,,,,,,,,,,,,,,,,,,,,,,,,https://cdn.shopify.com/s/files/1/1056/5215/8545/files/0RB4407__673113__P21__noshad__qt.jpg?v=1785302452
rayban-rb4407-6732t557,Ray-Ban 4407 — Plastic GrnD.GryTransp.Brown,"Frame: Plastic GrnD.GryTransp.Brown. Lens: GryGrd.BrwPol.. Authentic, sold by an authorized retailer.",Ray-Ban,Sunglasses,"Ray-Ban, 4407",TRUE,Title,Default Title,,,,,RB4407-6732T557,3080000,3850000,,shopify,,,false,,,,,,,,,,,RB4407-6732T557 ,https://cdn.shopify.com/s/files/1/1056/5215/8545/files/0RB4407__6732T5__P21__noshad__fr.jpg?v=1785302455
rayban-rb4407-6732t557,,,,,,,,,,,,,,,,,,,,,,,,,,,,,,,,https://cdn.shopify.com/s/files/1/1056/5215/8545/files/0RB4407__6732T5__P21__noshad__qt.jpg?v=1785302458
rayban-rb4407-67338157,Ray-Ban 4407 — Plastic BlkL.GrayTransp.Gray,"Frame: Plastic BlkL.GrayTransp.Gray. Lens: Dark GryPol.. Authentic, sold by an authorized retailer.",Ray-Ban,Sunglasses,"Ray-Ban, 4407",TRUE,Title,Default Title,,,,,RB4407-67338157,3080000,3850000,,shopify,,,false,,,,,,,,,,,RB4407-67338157 ,https://cdn.shopify.com/s/files/1/1056/5215/8545/files/0RB4407__673381__P21__noshad__fr.jpg?v=1785302461
rayban-rb4407-67338157,,,,,,,,,,,,,,,,,,,,,,,,,,,,,,,,https://cdn.shopify.com/s/files/1/1056/5215/8545/files/0RB4407__673381__P21__noshad__qt.jpg?v=1785302464
rayban-rb4408-13597354,"Ray-Ban 4408 (Magellan) — Injected, Bio-Plastic Havana","Frame: Bio-Plastic Havana. Lens: Dark Brown. Unisex / Square shape. Fit: Bridge: 19mm, Lens width: 54mm, Lens height: 47mm, Temple: 145mm. Authentic, sold by an authorized retailer.",Ray-Ban,Sunglasses,"Ray-Ban, 4408 (Magellan), Square",TRUE,Title,Default Title,,,,,RB4408-13597354,2320000,2900000,,shopify,Unisex,Square,false,Injected,Polyamide Bio,19,54,47,145,Dark Blue,Striped Havana,Moulded Acetate,High Bridge Fit,RB4408-13597354 ,https://cdn.shopify.com/s/files/1/1056/5215/8545/files/0RB4408__135973__P21__noshad__fr.jpg?v=1785302467
rayban-rb4408-13597354,,,,,,,,,,,,,,,,,,,,,,,,,,,,,,,,https://cdn.shopify.com/s/files/1/1056/5215/8545/files/0RB4408__135973__P21__noshad__qt.jpg?v=1785302470
rayban-rb4408-67286x54,"Ray-Ban 4408 (Magellan) — Injected, Bio-Plastic Transparent.Pink","Frame: Bio-Plastic Transparent.Pink. Lens: Light VioletMirrRoseGld. Unisex / Square shape. Fit: Bridge: 19mm, Lens width: 54mm, Lens height: 47mm, Temple: 145mm. Authentic, sold by an authorized retailer.",Ray-Ban,Sunglasses,"Ray-Ban, 4408 (Magellan), Square",TRUE,Title,Default Title,,,,,RB4408-67286X54,2512000,3140000,,shopify,Unisex,Square,false,Injected,Polyamide Bio,19,54,47,145,Dark Blue,Striped Havana,Moulded Acetate,High Bridge Fit,RB4408-67286X54 ,https://cdn.shopify.com/s/files/1/1056/5215/8545/files/0RB4408__67286X__P21__noshad__fr.jpg?v=1785302473
rayban-rb4408-67286x54,,,,,,,,,,,,,,,,,,,,,,,,,,,,,,,,https://cdn.shopify.com/s/files/1/1056/5215/8545/files/0RB4408__67286X__P21__noshad__qt.jpg?v=1785302476
rayban-rb4413m-f68371,"Ray-Ban 4413 — Ferrari Lifestyle - Icons, Ferrari-Plastic Black","Frame: Ferrari-Plastic Black. Lens: Dark Grn57. Unisex / Square shape. Fit: Bridge: 19mm, Lens width: 57mm, Lens height: 44mm, Temple: 145mm. Authentic, sold by an authorized retailer.",Ray-Ban,Sunglasses,"Ray-Ban, 4413, Square",TRUE,Title,Default Title,,,,,RB4413M-F68371,3448000,4310000,,shopify,Unisex,Square,false,Nylon,Polycarbonate,19,57,44,145,Dark Green,Black,Nylon,High Bridge Fit,RB4413M-F68371 ,https://cdn.shopify.com/s/files/1/1056/5215/8545/files/0RB4413M__F68371__P21__noshad__fr.jpg?v=1785302479
rayban-rb4413m-f68371,,,,,,,,,,,,,,,,,,,,,,,,,,,,,,,,https://cdn.shopify.com/s/files/1/1056/5215/8545/files/0RB4413M__F68371__P21__noshad__qt.jpg?v=1785302483
rayban-rb4413m-f68587,"Ray-Ban 4413 — Ferrari Lifestyle - Icons, Ferrari-Plastic Dark Red","Frame: Ferrari-Plastic Dark Red. Lens: Dark Gry57. Unisex / Square shape. Fit: Bridge: 19mm, Lens width: 57mm, Lens height: 44mm, Temple: 145mm. Authentic, sold by an authorized retailer.",Ray-Ban,Sunglasses,"Ray-Ban, 4413, Square",TRUE,Title,Default Title,,,,,RB4413M-F68587,3080000,3850000,,shopify,Unisex,Square,false,Nylon,Polycarbonate,19,57,44,145,Dark Green,Black,Nylon,High Bridge Fit,RB4413M-F68587 ,https://cdn.shopify.com/s/files/1/1056/5215/8545/files/0RB4413M__F68587__P21__noshad__fr.jpg?v=1785302485
rayban-rb4413m-f68587,,,,,,,,,,,,,,,,,,,,,,,,,,,,,,,,https://cdn.shopify.com/s/files/1/1056/5215/8545/files/0RB4413M__F68587__P21__noshad__qt.jpg?v=1785302488
rayban-rb4414m-f68371,"Ray-Ban 4414 — Ferrari Lifestyle - Icons, Ferrari-Plastic Black","Frame: Ferrari-Plastic Black. Lens: Dark Grn58. Unisex / Irregular shape. Fit: Bridge: 17mm, Lens width: 58mm, Lens height: 43mm, Temple: 145mm. Authentic, sold by an authorized retailer.",Ray-Ban,Sunglasses,"Ray-Ban, 4414, Irregular",TRUE,Title,Default Title,,,,,RB4414M-F68371,4400000,5500000,,shopify,Unisex,Irregular,false,Nylon,Polycarbonate,17,58,43,145,Dark Green,Black,Injected,High Bridge Fit,RB4414M-F68371 ,https://cdn.shopify.com/s/files/1/1056/5215/8545/files/0RB4414M__F68371__P21__noshad__fr.jpg?v=1785302491
rayban-rb4414m-f68371,,,,,,,,,,,,,,,,,,,,,,,,,,,,,,,,https://cdn.shopify.com/s/files/1/1056/5215/8545/files/0RB4414M__F68371__P21__noshad__qt.jpg?v=1785302494
rayban-rb4414m-f68880,"Ray-Ban 4414 — Ferrari Lifestyle - Icons, Ferrari-Metal Blue","Frame: Ferrari-Metal Blue. Lens: Dark Blue58. Unisex / Irregular shape. Fit: Bridge: 17mm, Lens width: 58mm, Lens height: 43mm, Temple: 145mm. Authentic, sold by an authorized retailer.",Ray-Ban,Sunglasses,"Ray-Ban, 4414, Irregular",TRUE,Title,Default Title,,,,,RB4414M-F68880,3080000,3850000,,shopify,Unisex,Irregular,false,Nylon,Polycarbonate,17,58,43,145,Dark Green,Black,Injected,High Bridge Fit,RB4414M-F68880 ,https://cdn.shopify.com/s/files/1/1056/5215/8545/files/0RB4414M__F68880__P21__noshad__fr.jpg?v=1785302497
rayban-rb4414m-f68880,,,,,,,,,,,,,,,,,,,,,,,,,,,,,,,,https://cdn.shopify.com/s/files/1/1056/5215/8545/files/0RB4414M__F68880__P21__noshad__qt.jpg?v=1785302500
rayban-rb4416-6654g953,"Ray-Ban 4416 (NewC.Master) — Clubmaster Family, Plastic BourdeuxOnRoseGld","Frame: Plastic BourdeuxOnRoseGld. Lens: Polarized Wine. Unisex / Irregular shape. Fit: Bridge: 20mm, Lens width: 51mm, Lens height: 43mm, Temple: 145mm. Authentic, sold by an authorized retailer.",Ray-Ban,Sunglasses,"Ray-Ban, 4416 (NewC.Master), Irregular",TRUE,Title,Default Title,,,,,RB4416-6654G953,4552000,5690000,,shopify,Unisex,Irregular,false,Injected,Crystal,20,51,43,145,Green,Black On Gold,Metal,High Bridge Fit,RB4416-6654G953,https://cdn.shopify.com/s/files/1/1056/5215/8545/files/0RB4416__6654G9__P21__noshad__fr.jpg?v=1785302515
rayban-rb4416-6654g953,,,,,,,,,,,,,,,,,,,,,,,,,,,,,,,,https://cdn.shopify.com/s/files/1/1056/5215/8545/files/0RB4416__6654G9__P21__noshad__qt.jpg?v=1785302518
rayban-rb4416-6656g651,"Ray-Ban 4416 (NewC.Master) — Clubmaster Family, Plastic BlueOnSilv","Frame: Plastic BlueOnSilv. Lens: Polarized BlueMirr. Unisex / Irregular shape. Fit: Bridge: 20mm, Lens width: 51mm, Lens height: 43mm, Temple: 145mm. Authentic, sold by an authorized retailer.",Ray-Ban,Sunglasses,"Ray-Ban, 4416 (NewC.Master), Irregular",TRUE,Title,Default Title,,,,,RB4416-6656G651,4552000,5690000,,shopify,Unisex,Irregular,false,Injected,Crystal,20,51,43,145,Green,Black On Gold,Metal,High Bridge Fit,RB4416-6656G651 ,https://cdn.shopify.com/s/files/1/1056/5215/8545/files/0RB4416__6656G6__P21__noshad__fr.jpg?v=1785302520
rayban-rb4416-6656g651,,,,,,,,,,,,,,,,,,,,,,,,,,,,,,,,https://cdn.shopify.com/s/files/1/1056/5215/8545/files/0RB4416__6656G6__P21__noshad__qt.jpg?v=1785302524
rayban-rb4416-7105153,"Ray-Ban 4416 (NewC.Master) — Clubmaster Family, Plastic TortOnGunMtl","Frame: Plastic TortOnGunMtl. Lens: ClrGrdBrw. Unisex / Irregular shape. Fit: Bridge: 20mm, Lens width: 51mm, Lens height: 43mm, Temple: 145mm. Authentic, sold by an authorized retailer.",Ray-Ban,Sunglasses,"Ray-Ban, 4416 (NewC.Master), Irregular",TRUE,Title,Default Title,,,,,RB4416-7105153,3240000,4050000,,shopify,Unisex,Irregular,false,Injected,Crystal,20,51,43,145,Green,Black On Gold,Metal,High Bridge Fit,RB4416-7105153,https://cdn.shopify.com/s/files/1/1056/5215/8545/files/0RB4416__710_51__P21__noshad__fr.jpg?v=1785302527
rayban-rb4416-7105153,,,,,,,,,,,,,,,,,,,,,,,,,,,,,,,,https://cdn.shopify.com/s/files/1/1056/5215/8545/files/0RB4416__710_51__P21__noshad__qt.jpg?v=1785302529
rayban-rb4416f-6013155,"Ray-Ban 4416 (NewC.Master) — Clubmaster Family, Plastic BlkOnGold","Frame: Plastic BlkOnGold. Lens: Green. Unisex / Irregular shape. Fit: Bridge: 20mm, Lens width: 55mm, Lens height: 47mm, Temple: 145mm. Authentic, sold by an authorized retailer.",Ray-Ban,Sunglasses,"Ray-Ban, 4416 (NewC.Master), Irregular",TRUE,Title,Default Title,,,,,RB4416F-6013155,3056000,3820000,,shopify,Unisex,Irregular,false,Injected,Crystal,20,55,47,145,Brown,Havana,Metal,Low Bridge Fit,RB4416F-6013155,https://cdn.shopify.com/s/files/1/1056/5215/8545/files/0RB4416F__601_31__P21__noshad__fr.jpg?v=1785302503
rayban-rb4416f-6013155,,,,,,,,,,,,,,,,,,,,,,,,,,,,,,,,https://cdn.shopify.com/s/files/1/1056/5215/8545/files/0RB4416F__601_31__P21__noshad__qt.jpg?v=1785302506
rayban-rb4416f-672071,"Ray-Ban 4416 (NewC.Master) — Clubmaster Family, Metal Dark GryOnRoseGld","Frame: Metal Dark GryOnRoseGld. Lens: GryGrd55. Unisex / Irregular shape. Fit: Bridge: 20mm, Lens width: 55mm, Lens height: 47mm, Temple: 145mm. Authentic, sold by an authorized retailer.",Ray-Ban,Sunglasses,"Ray-Ban, 4416 (NewC.Master), Irregular",TRUE,Title,Default Title,,,,,RB4416F-672071,2904000,3630000,,shopify,Unisex,Irregular,false,Injected,Crystal,20,55,47,145,Brown,Havana,Metal,Low Bridge Fit,RB4416F-672071 ,https://cdn.shopify.com/s/files/1/1056/5215/8545/files/0RB4416F__672071__P21__noshad__fr.jpg?v=1785302509
rayban-rb4416f-672071,,,,,,,,,,,,,,,,,,,,,,,,,,,,,,,,https://cdn.shopify.com/s/files/1/1056/5215/8545/files/0RB4416F__672071__P21__noshad__qt.jpg?v=1785302511
rayban-rb4418d-6013156,"Ray-Ban 4418 — Injected, Metal BlkOnArista","Frame: Metal BlkOnArista. Lens: Dark Green. Unisex / Square shape. Fit: Bridge: 19mm, Lens width: 56mm, Lens height: 49mm, Temple: 145mm. Authentic, sold by an authorized retailer.",Ray-Ban,Sunglasses,"Ray-Ban, 4418, Square",TRUE,Title,Default Title,,,,,RB4418D-6013156,2592000,3240000,,shopify,Unisex,Square,false,Injected,Polycarbonate,19,56,49,145,Dark Green,Black On Gold,Metal,Low Bridge Fit,RB4418D-6013156,https://cdn.shopify.com/s/files/1/1056/5215/8545/files/0RB4418D__601_31__P21__noshad__fr.jpg?v=1785302532
rayban-rb4418d-6013156,,,,,,,,,,,,,,,,,,,,,,,,,,,,,,,,https://cdn.shopify.com/s/files/1/1056/5215/8545/files/0RB4418D__601_31__P21__noshad__qt.jpg?v=1785302535
rayban-rb4418d-667080,"Ray-Ban 4418 — Injected, Metal BlkOnSilv","Frame: Metal BlkOnSilv. Lens: Blue56. Unisex / Square shape. Fit: Bridge: 19mm, Lens width: 56mm, Lens height: 49mm, Temple: 145mm. Authentic, sold by an authorized retailer.",Ray-Ban,Sunglasses,"Ray-Ban, 4418, Square",TRUE,Title,Default Title,,,,,RB4418D-667080,2320000,2900000,,shopify,Unisex,Square,false,Injected,Polycarbonate,19,56,49,145,Dark Green,Black On Gold,Metal,Low Bridge Fit,RB4418D-667080 ,https://cdn.shopify.com/s/files/1/1056/5215/8545/files/0RB4418D__667080__P21__noshad__fr.jpg?v=1785302538
rayban-rb4418d-667080,,,,,,,,,,,,,,,,,,,,,,,,,,,,,,,,https://cdn.shopify.com/s/files/1/1056/5215/8545/files/0RB4418D__667080__P21__noshad__qt.jpg?v=1785302541
rayban-rb4418d-673487,"Ray-Ban 4418 — Injected, Metal BlkOnBlk","Frame: Metal BlkOnBlk. Lens: Dark Gry56. Unisex / Square shape. Fit: Bridge: 19mm, Lens width: 56mm, Lens height: 49mm, Temple: 145mm. Authentic, sold by an authorized retailer.",Ray-Ban,Sunglasses,"Ray-Ban, 4418, Square",TRUE,Title,Default Title,,,,,RB4418D-673487,2592000,3240000,,shopify,Unisex,Square,false,Injected,Polycarbonate,19,56,49,145,Dark Grey,Black On Black,Metal,Low Bridge Fit,RB4418D-673487 ,https://cdn.shopify.com/s/files/1/1056/5215/8545/files/0RB4418D__673487__P21__noshad__fr.jpg?v=1785302544
rayban-rb4418d-673487,,,,,,,,,,,,,,,,,,,,,,,,,,,,,,,,https://cdn.shopify.com/s/files/1/1056/5215/8545/files/0RB4418D__673487__P21__noshad__qt.jpg?v=1785302547
rayban-rb4418d-7101356,"Ray-Ban 4418 — Injected, Metal HvnOnGunMtl","Frame: Metal HvnOnGunMtl. Lens: GrdBrw. Unisex / Square shape. Fit: Bridge: 19mm, Lens width: 56mm, Lens height: 49mm, Temple: 145mm. Authentic, sold by an authorized retailer.",Ray-Ban,Sunglasses,"Ray-Ban, 4418, Square",TRUE,Title,Default Title,,,,,RB4418D-7101356,2760000,3450000,,shopify,Unisex,Square,false,Injected,Polycarbonate,19,56,49,145,Dark Green,Black On Gold,Metal,Low Bridge Fit,RB4418D-7101356 ,https://cdn.shopify.com/s/files/1/1056/5215/8545/files/0RB4418D__710_13__P21__noshad__fr.jpg?v=1785302550
rayban-rb4418d-7101356,,,,,,,,,,,,,,,,,,,,,,,,,,,,,,,,https://cdn.shopify.com/s/files/1/1056/5215/8545/files/0RB4418D__710_13__P21__noshad__qt.jpg?v=1785302553
rayban-rb4421d-667787,"Ray-Ban 4421 — Injected, Plastic Black","Frame: Plastic Black. Lens: Dark Gry56. Unisex / Pillow shape. Fit: Bridge: 18mm, Lens width: 56mm, Lens height: 48mm, Temple: 145mm. Authentic, sold by an authorized retailer.",Ray-Ban,Sunglasses,"Ray-Ban, 4421, Pillow",TRUE,Title,Default Title,,,,,RB4421D-667787,2088000,2610000,,shopify,Unisex,Pillow,false,Nylon,Polyamide Bio,18,56,48,145,Dark Grey,Black,Nylon,Low Bridge Fit,RB4421D-667787,https://cdn.shopify.com/s/files/1/1056/5215/8545/files/0RB4421D__667787__P21__noshad__fr.jpg?v=1785302556
rayban-rb4421d-667787,,,,,,,,,,,,,,,,,,,,,,,,,,,,,,,,https://cdn.shopify.com/s/files/1/1056/5215/8545/files/0RB4421D__667787__P21__noshad__qt.jpg?v=1785302559
rayban-rb4421d-676287,"Ray-Ban 4421 — Injected, Plastic GrnAlgae56","Frame: Plastic GrnAlgae56. Lens: Light Gry56. Unisex / Pillow shape. Fit: Bridge: 18mm, Lens width: 56mm, Lens height: 48mm, Temple: 145mm. Authentic, sold by an authorized retailer.",Ray-Ban,Sunglasses,"Ray-Ban, 4421, Pillow",TRUE,Title,Default Title,,,,,RB4421D-676287,1976000,2470000,,shopify,Unisex,Pillow,false,Nylon,Polyamide Bio,18,56,48,145,Dark Pink,Black,Nylon,Low Bridge Fit,RB4421D-676287,https://cdn.shopify.com/s/files/1/1056/5215/8545/files/0RB4421D__676287__P21__noshad__fr.jpg?v=1785302562
rayban-rb4421d-676287,,,,,,,,,,,,,,,,,,,,,,,,,,,,,,,,https://cdn.shopify.com/s/files/1/1056/5215/8545/files/0RB4421D__676287__P21__noshad__qt.jpg?v=1785302565
rayban-rb4423d-6019366,"Ray-Ban 4423 — Injected, Plastic Black","Frame: Plastic Black. Lens: Brown. Unisex / Square shape. Fit: Bridge: 15mm, Lens width: 66mm, Lens height: 56mm, Temple: 145mm. Authentic, sold by an authorized retailer.",Ray-Ban,Sunglasses,"Ray-Ban, 4423, Square",TRUE,Title,Default Title,,,,,RB4423D-6019366,2088000,2610000,,shopify,Unisex,Square,false,Injected,Polycarbonate,15,66,56,145,Dark Grey,Black,Nylon,Low Bridge Fit,RB4423D-6019366,https://cdn.shopify.com/s/files/1/1056/5215/8545/files/0RB4423D__601_93__P21__noshad__fr.jpg?v=1785302568
rayban-rb4423d-6019366,,,,,,,,,,,,,,,,,,,,,,,,,,,,,,,,https://cdn.shopify.com/s/files/1/1056/5215/8545/files/0RB4423D__601_93__P21__noshad__qt.jpg?v=1785302571
rayban-rb4423d-645087,"Ray-Ban 4423 — Injected, Plastic TransGry","Frame: Plastic TransGry. Lens: Dark Gry66. Unisex / Square shape. Fit: Bridge: 15mm, Lens width: 66mm, Lens height: 56mm, Temple: 145mm. Authentic, sold by an authorized retailer.",Ray-Ban,Sunglasses,"Ray-Ban, 4423, Square",TRUE,Title,Default Title,,,,,RB4423D-645087,2336000,2920000,,shopify,Unisex,Square,false,Injected,Polycarbonate,15,66,56,145,Dark Grey,Black,Nylon,Low Bridge Fit,RB4423D-645087,https://cdn.shopify.com/s/files/1/1056/5215/8545/files/0RB4423D__645087__P21__noshad__fr.jpg?v=1785302574
rayban-rb4423d-645087,,,,,,,,,,,,,,,,,,,,,,,,,,,,,,,,https://cdn.shopify.com/s/files/1/1056/5215/8545/files/0RB4423D__645087__P21__noshad__qt.jpg?v=1785302577
rayban-rb4425f-667787,"Ray-Ban 4425-Teru — Injected, Plastic Black","Frame: Plastic Black. Lens: Dark Gry54. Unisex / Rectangle shape. Fit: Bridge: 17mm, Lens width: 54mm, Lens height: 31mm, Temple: 145mm. Authentic, sold by an authorized retailer.",Ray-Ban,Sunglasses,"Ray-Ban, 4425-Teru, Rectangle",TRUE,Title,Default Title,,,,,RB4425F-667787,2336000,2920000,,shopify,Unisex,Rectangle,false,Injected,Polyamide Bio,17,54,31,145,Dark Grey,Black,Injected,Low Bridge Fit,RB4425F-667787 ,https://cdn.shopify.com/s/files/1/1056/5215/8545/files/0RB4425F__667787__P21__noshad__fr.jpg?v=1785302580
rayban-rb4425f-667787,,,,,,,,,,,,,,,,,,,,,,,,,,,,,,,,https://cdn.shopify.com/s/files/1/1056/5215/8545/files/0RB4425F__667787__P21__noshad__qt.jpg?v=1785302584
rayban-rb4425f-67581a,"Ray-Ban 4425-Teru — Injected, Plastic Lilac","Frame: Plastic Lilac. Lens: Violet54. Unisex / Rectangle shape. Fit: Bridge: 17mm, Lens width: 54mm, Lens height: 31mm, Temple: 145mm. Authentic, sold by an authorized retailer.",Ray-Ban,Sunglasses,"Ray-Ban, 4425-Teru, Rectangle",TRUE,Title,Default Title,,,,,RB4425F-67581A,2088000,2610000,,shopify,Unisex,Rectangle,false,Injected,Polyamide Bio,17,54,31,145,Dark Grey,Black,Injected,Low Bridge Fit,RB4425F-67581A,https://cdn.shopify.com/s/files/1/1056/5215/8545/files/0RB4425F__67581A__P21__noshad__fr.jpg?v=1785302586
rayban-rb4425f-67581a,,,,,,,,,,,,,,,,,,,,,,,,,,,,,,,,https://cdn.shopify.com/s/files/1/1056/5215/8545/files/0RB4425F__67581A__P21__noshad__qt.jpg?v=1785302589
rayban-rb4425f-676180,"Ray-Ban 4425-Teru — Injected, Plastic ElectricBlue","Frame: Plastic ElectricBlue. Lens: Blue54. Unisex / Rectangle shape. Fit: Bridge: 17mm, Lens width: 54mm, Lens height: 31mm, Temple: 145mm. Authentic, sold by an authorized retailer.",Ray-Ban,Sunglasses,"Ray-Ban, 4425-Teru, Rectangle",TRUE,Title,Default Title,,,,,RB4425F-676180,2088000,2610000,,shopify,Unisex,Rectangle,false,Injected,Polyamide Bio,17,54,31,145,Blue,Electric Blue,Injected,Low Bridge Fit,RB4425F-676180,https://cdn.shopify.com/s/files/1/1056/5215/8545/files/0RB4425F__676180__P21__noshad__fr.jpg?v=1785302592
rayban-rb4425f-676180,,,,,,,,,,,,,,,,,,,,,,,,,,,,,,,,https://cdn.shopify.com/s/files/1/1056/5215/8545/files/0RB4425F__676180__P21__noshad__qt.jpg?v=1785302595
rayban-rb4426-66868f54,Ray-Ban 4426 (Phil) — Bio-Plastic Transparent.Org,"Frame: Bio-Plastic Transparent.Org. Lens: BlueGrdGry. Authentic, sold by an authorized retailer.",Ray-Ban,Sunglasses,"Ray-Ban, 4426 (Phil)",TRUE,Title,Default Title,,,,,RB4426-66868F54,2480000,3100000,,shopify,,,false,,,,,,,,,,,RB4426-66868F54 ,https://cdn.shopify.com/s/files/1/1056/5215/8545/files/0RB4426__66868F__P21__noshad__fr.jpg?v=1785302599
rayban-rb4426-66868f54,,,,,,,,,,,,,,,,,,,,,,,,,,,,,,,,https://cdn.shopify.com/s/files/1/1056/5215/8545/files/0RB4426__66868F__P21__noshad__qt.jpg?v=1785302602
rayban-rb4427-66778749,"Ray-Ban 4427-Kat — Injected, Plastic Black","Frame: Plastic Black. Lens: Dark Grey. Unisex / Irregular shape. Fit: Bridge: 20mm, Lens width: 49mm, Lens height: 35mm, Temple: 145mm. Authentic, sold by an authorized retailer.",Ray-Ban,Sunglasses,"Ray-Ban, 4427-Kat, Irregular",TRUE,Title,Default Title,,,,,RB4427-66778749,1976000,2470000,,shopify,Unisex,Irregular,false,Injected,Polyamide Bio,20,49,35,145,Grey,White,Injected,High Bridge Fit,RB4427-66778749,https://cdn.shopify.com/s/files/1/1056/5215/8545/files/0RB4427__667787__P21__noshad__fr.jpg?v=1785302605
rayban-rb4427-66778749,,,,,,,,,,,,,,,,,,,,,,,,,,,,,,,,https://cdn.shopify.com/s/files/1/1056/5215/8545/files/0RB4427__667787__P21__noshad__qt.jpg?v=1785302608
rayban-rb4429-6013153,Ray-Ban 4429 — Metal BlkOnGld,"Frame: Metal BlkOnGld. Lens: Green. Authentic, sold by an authorized retailer.",Ray-Ban,Sunglasses,"Ray-Ban, 4429",TRUE,Title,Default Title,,,,,RB4429-6013153,2552000,3190000,,shopify,,,false,,,,,,,,,,,RB4429-6013153 ,https://cdn.shopify.com/s/files/1/1056/5215/8545/files/0RB4429__601_31__P21__noshad__fr.jpg?v=1785302611
rayban-rb4429-6013153,,,,,,,,,,,,,,,,,,,,,,,,,,,,,,,,https://cdn.shopify.com/s/files/1/1056/5215/8545/files/0RB4429__601_31__P21__noshad__qt.jpg?v=1785302614
rayban-rb4429-67207153,Ray-Ban 4429 — Metal Dark GryOnRoseGld,"Frame: Metal Dark GryOnRoseGld. Lens: GryGrd. Authentic, sold by an authorized retailer.",Ray-Ban,Sunglasses,"Ray-Ban, 4429",TRUE,Title,Default Title,,,,,RB4429-67207153,2728000,3410000,,shopify,,,false,,,,,,,,,,,RB4429-67207153 ,https://cdn.shopify.com/s/files/1/1056/5215/8545/files/0RB4429__672071__P21__noshad__fr.jpg?v=1785302616
rayban-rb4429-67207153,,,,,,,,,,,,,,,,,,,,,,,,,,,,,,,,https://cdn.shopify.com/s/files/1/1056/5215/8545/files/0RB4429__672071__P21__noshad__qt.jpg?v=1785302619
rayban-rb4429-67207155,Ray-Ban 4429 — Metal Dark GryOnRoseGld,"Frame: Metal Dark GryOnRoseGld. Lens: GryGrd. Authentic, sold by an authorized retailer.",Ray-Ban,Sunglasses,"Ray-Ban, 4429",TRUE,Title,Default Title,,,,,RB4429-67207155,2728000,3410000,,shopify,,,false,,,,,,,,,,,RB4429-67207155 ,https://cdn.shopify.com/s/files/1/1056/5215/8545/files/0RB4429__672071__P21__noshad__fr.jpg?v=1785302616
rayban-rb4429-67207155,,,,,,,,,,,,,,,,,,,,,,,,,,,,,,,,https://cdn.shopify.com/s/files/1/1056/5215/8545/files/0RB4429__672071__P21__noshad__qt.jpg?v=1785302619
rayban-rb4429-67223b55,Ray-Ban 4429 — Metal RedOnSilv,"Frame: Metal RedOnSilv. Lens: BiancoUV400HZFRosa. Authentic, sold by an authorized retailer.",Ray-Ban,Sunglasses,"Ray-Ban, 4429",TRUE,Title,Default Title,,,,,RB4429-67223B55,2728000,3410000,,shopify,,,false,,,,,,,,,,,RB4429-67223B55 ,https://cdn.shopify.com/s/files/1/1056/5215/8545/files/0RB4429__67223B__P21__noshad__fr.jpg?v=1785302622
rayban-rb4429-67223b55,,,,,,,,,,,,,,,,,,,,,,,,,,,,,,,,https://cdn.shopify.com/s/files/1/1056/5215/8545/files/0RB4429__67223B__P21__noshad__qt.jpg?v=1785302625
rayban-rb4429-67244855,Ray-Ban 4429 — Metal BluOnGnMtl,"Frame: Metal BluOnGnMtl. Lens: Polarized Black. Authentic, sold by an authorized retailer.",Ray-Ban,Sunglasses,"Ray-Ban, 4429",TRUE,Title,Default Title,,,,,RB4429-67244855,3432000,4290000,,shopify,,,false,,,,,,,,,,,RB4429-67244855 ,https://cdn.shopify.com/s/files/1/1056/5215/8545/files/0RB4429__672448__P21__noshad__fr.jpg?v=1785302628
rayban-rb4429-67244855,,,,,,,,,,,,,,,,,,,,,,,,,,,,,,,,https://cdn.shopify.com/s/files/1/1056/5215/8545/files/0RB4429__672448__P21__noshad__qt.jpg?v=1785302631
rayban-rb4431-67618034,"Ray-Ban 4431-XAN — Injected, Plastic ElectriBlue","Frame: Plastic ElectriBlue. Lens: Blue. Unisex / Irregular shape. Fit: Bridge: 134mm, Temple: 120mm. Authentic, sold by an authorized retailer.",Ray-Ban,Sunglasses,"Ray-Ban, 4431-XAN, Irregular",TRUE,Title,Default Title,,,,,RB4431-67618034,2088000,2610000,,shopify,Unisex,Irregular,false,Injected,Polyamide Bio,134,,,120,Green,Apple Green,Injected,High Bridge Fit,RB4431-67618034,https://cdn.shopify.com/s/files/1/1056/5215/8545/files/0RB4431__676180__P21__noshad__fr.jpg?v=1785302635
rayban-rb4431-67618034,,,,,,,,,,,,,,,,,,,,,,,,,,,,,,,,https://cdn.shopify.com/s/files/1/1056/5215/8545/files/0RB4431__676180__P21__noshad__qt.jpg?v=1785302638
rayban-rb4433m-f62411,"Ray-Ban 4433 — Ferrari Lifestyle - Active, Ferrari-Plastic Grey","Frame: Ferrari-Plastic Grey. Lens: GryGrd.54 (*N.)- (4,3). Unisex / Square shape. Fit: Bridge: 20mm, Lens width: 54mm, Lens height: 45mm, Temple: 145mm. Authentic, sold by an authorized retailer.",Ray-Ban,Sunglasses,"Ray-Ban, 4433, Square",TRUE,Title,Default Title,,,,,RB4433M-F62411,3880000,4850000,,shopify,Unisex,Square,false,Nylon,Polycarbonate,20,54,45,145,Dark Green,Black,Metal,High Bridge Fit,RB4433M-F62411,https://cdn.shopify.com/s/files/1/1056/5215/8545/files/0RB4433M__F62411__P21__noshad__fr.jpg?v=1785302642
rayban-rb4433m-f62411,,,,,,,,,,,,,,,,,,,,,,,,,,,,,,,,https://cdn.shopify.com/s/files/1/1056/5215/8545/files/0RB4433M__F62411__P21__noshad__qt.jpg?v=1785302645
rayban-rb4435-9023156,Ray-Ban 4435 — Plastic Havana,"Frame: Plastic Havana. Lens: Green. Authentic, sold by an authorized retailer.",Ray-Ban,Sunglasses,"Ray-Ban, 4435",TRUE,Title,Default Title,,,,,RB4435-9023156,2208000,2760000,,shopify,,,false,,,,,,,,,,,RB4435-9023156,https://cdn.shopify.com/s/files/1/1056/5215/8545/files/0RB4435__902_31__P21__noshad__fr.jpg?v=1785302648
rayban-rb4435-9023156,,,,,,,,,,,,,,,,,,,,,,,,,,,,,,,,https://cdn.shopify.com/s/files/1/1056/5215/8545/files/0RB4435__902_31__P21__noshad__qt.jpg?v=1785302651
rayban-rb4440n-6017141,Ray-Ban 4440 (Blaze WF) — Plastic Black,"Frame: Plastic Black. Lens: Dark Green. Authentic, sold by an authorized retailer.",Ray-Ban,Sunglasses,"Ray-Ban, 4440 (Blaze WF)",TRUE,Title,Default Title,,,,,RB4440N-6017141,2896000,3620000,,shopify,,,false,,,,,,,,,,,RB4440N-6017141,https://cdn.shopify.com/s/files/1/1056/5215/8545/files/0RB4440N__601_71__STD__noshad__fr.jpg?v=1785302660
rayban-rb4440n-6017141,,,,,,,,,,,,,,,,,,,,,,,,,,,,,,,,https://cdn.shopify.com/s/files/1/1056/5215/8545/files/0RB4440N__601_71__STD__noshad__qt.jpg?v=1785302663
rayban-rb4440nf-71013,Ray-Ban 4440 (Blaze WF) — sp3-Tortoise,"Frame: sp3-Tortoise. Lens: GrdBrw44, 10. Authentic, sold by an authorized retailer.",Ray-Ban,Sunglasses,"Ray-Ban, 4440 (Blaze WF)",TRUE,Title,Default Title,,,,,RB4440NF-71013,2250000,3090000,,shopify,,,false,,,,,,,,,,,RB4440NF-71013,https://cdn.shopify.com/s/files/1/1056/5215/8545/files/0RB4440NF__710_13_000A.jpg?v=1785302653
rayban-rb4440nf-71013,,,,,,,,,,,,,,,,,,,,,,,,,,,,,,,,https://cdn.shopify.com/s/files/1/1056/5215/8545/files/0RB4440NF__710_13_030A.jpg?v=1785302657
rayban-rb4471-66297154,Ray-Ban 4471 (Iris) — Plastic Black,"Frame: Plastic Black. Lens: Dark Green. Authentic, sold by an authorized retailer.",Ray-Ban,Sunglasses,"Ray-Ban, 4471 (Iris)",TRUE,Title,Default Title,,,,,RB4471-66297154,2200000,2750000,,shopify,,,false,,,,,,,,,,,RB4471-66297154,https://cdn.shopify.com/s/files/1/1056/5215/8545/files/0RB4471__662971__P21__noshad__fr.jpg?v=1785302665
rayban-rb4471-66297154,,,,,,,,,,,,,,,,,,,,,,,,,,,,,,,,https://cdn.shopify.com/s/files/1/1056/5215/8545/files/0RB4471__662971__P21__noshad__qt.jpg?v=1785302668
rayban-rb4471-66308g54,Ray-Ban 4471 (Iris) — Plastic Bk trsn clr,"Frame: Plastic Bk trsn clr. Lens: Gradient Gry54. Authentic, sold by an authorized retailer.",Ray-Ban,Sunglasses,"Ray-Ban, 4471 (Iris)",TRUE,Title,Default Title,,,,,RB4471-66308G54,2376000,2970000,,shopify,,,false,,,,,,,,,,,RB4471-66308G54,https://cdn.shopify.com/s/files/1/1056/5215/8545/files/0RB4471__66308G__P21__noshad__fr.jpg?v=1785302671
rayban-rb4471-66308g54,,,,,,,,,,,,,,,,,,,,,,,,,,,,,,,,https://cdn.shopify.com/s/files/1/1056/5215/8545/files/0RB4471__66308G__P21__noshad__qt.jpg?v=1785302674
rayban-rb4471-66321954,Ray-Ban 4471 (Iris) — Plastic BlkOnTransBlu,"Frame: Plastic BlkOnTransBlu. Lens: ClrGrdLBlu. Authentic, sold by an authorized retailer.",Ray-Ban,Sunglasses,"Ray-Ban, 4471 (Iris)",TRUE,Title,Default Title,,,,,RB4471-66321954,2376000,2970000,,shopify,,,false,,,,,,,,,,,RB4471-66321954,https://cdn.shopify.com/s/files/1/1056/5215/8545/files/0RB4471__663219__P21__noshad__fr.jpg?v=1785302677
rayban-rb4471-66321954,,,,,,,,,,,,,,,,,,,,,,,,,,,,,,,,https://cdn.shopify.com/s/files/1/1056/5215/8545/files/0RB4471__663219__P21__noshad__qt.jpg?v=1785302680
rayban-rb4487f-66308g,Ray-Ban 4487 (Steve) — Plastic BlkOnTrans,"Frame: Plastic BlkOnTrans. Lens: GryGrdBlue54. Authentic, sold by an authorized retailer.",Ray-Ban,Sunglasses,"Ray-Ban, 4487 (Steve)",TRUE,Title,Default Title,,,,,RB4487F-66308G,2376000,2970000,,shopify,,,false,,,,,,,,,,,RB4487F-66308G,https://cdn.shopify.com/s/files/1/1056/5215/8545/files/0RB4487F__66308G__P21__noshad__fr.jpg?v=1785302683
rayban-rb4487f-66308g,,,,,,,,,,,,,,,,,,,,,,,,,,,,,,,,https://cdn.shopify.com/s/files/1/1056/5215/8545/files/0RB4487F__66308G__P21__noshad__qt.jpg?v=1785302686
rayban-rb4487f-663219,Ray-Ban 4487 (Steve) — Plastic BlkOnTransBlue,"Frame: Plastic BlkOnTransBlue. Lens: ClrGrdL.Blue54. Authentic, sold by an authorized retailer.",Ray-Ban,Sunglasses,"Ray-Ban, 4487 (Steve)",TRUE,Title,Default Title,,,,,RB4487F-663219,2376000,2970000,,shopify,,,false,,,,,,,,,,,RB4487F-663219,https://cdn.shopify.com/s/files/1/1056/5215/8545/files/0RB4487F__663219__P21__noshad__fr.jpg?v=1785302689
rayban-rb4487f-663219,,,,,,,,,,,,,,,,,,,,,,,,,,,,,,,,https://cdn.shopify.com/s/files/1/1056/5215/8545/files/0RB4487F__663219__P21__noshad__qt.jpg?v=1785302693
rayban-rb4487f-663469,Ray-Ban 4487 (Steve) — Dark BrwOnTransGrn,"Frame: Dark BrwOnTransGrn. Lens: Dark Violet54. Authentic, sold by an authorized retailer.",Ray-Ban,Sunglasses,"Ray-Ban, 4487 (Steve)",TRUE,Title,Default Title,,,,,RB4487F-663469,2200000,2750000,,shopify,,,false,,,,,,,,,,,RB4487F-663469,https://cdn.shopify.com/s/files/1/1056/5215/8545/files/0RB4487F__663469__P21__noshad__fr.jpg?v=1785302696
rayban-rb4487f-663469,,,,,,,,,,,,,,,,,,,,,,,,,,,,,,,,https://cdn.shopify.com/s/files/1/1056/5215/8545/files/0RB4487F__663469__P21__noshad__qt.jpg?v=1785302699
rayban-rb4607m-f60271,"Ray-Ban 4607 — Ferrari Lifestyle - Icons, Ferrari-Plastic Matte Black-Red","Frame: Ferrari-Plastic Matte Black-Red. Lens: Dark Grn55. Unisex / Square shape. Fit: Bridge: 17mm, Lens width: 55mm, Lens height: 41mm, Temple: 145mm. Authentic, sold by an authorized retailer.",Ray-Ban,Sunglasses,"Ray-Ban, 4607, Square",TRUE,Title,Default Title,,,,,RB4607M-F60271,4128000,5160000,,shopify,Unisex,Square,false,Peek,Polycarbonate,17,55,41,145,Grey,Grey,Metal,High Bridge Fit,RB4607M-F60271,https://cdn.shopify.com/s/files/1/1056/5215/8545/files/0RB4607M__F60271__P21__noshad__fr.jpg?v=1785302701
rayban-rb4607m-f60271,,,,,,,,,,,,,,,,,,,,,,,,,,,,,,,,https://cdn.shopify.com/s/files/1/1056/5215/8545/files/0RB4607M__F60271__P21__noshad__qt.jpg?v=1785302704
rayban-rb4607m-f6996g,"Ray-Ban 4607 — Ferrari Lifestyle - Icons, Ferrari-Plastic Matte Green","Frame: Ferrari-Plastic Matte Green. Lens: GryMirrSilv55. Unisex / Square shape. Fit: Bridge: 17mm, Lens width: 55mm, Lens height: 41mm, Temple: 145mm. Authentic, sold by an authorized retailer.",Ray-Ban,Sunglasses,"Ray-Ban, 4607, Square",TRUE,Title,Default Title,,,,,RB4607M-F6996G,4784000,5980000,,shopify,Unisex,Square,false,Peek,Polycarbonate,17,55,41,145,Grey,Grey,Metal,High Bridge Fit,RB4607M-F6996G,https://cdn.shopify.com/s/files/1/1056/5215/8545/files/0RB4607M__F6996G__P21__noshad__fr.jpg?v=1785302708
rayban-rb4607m-f6996g,,,,,,,,,,,,,,,,,,,,,,,,,,,,,,,,https://cdn.shopify.com/s/files/1/1056/5215/8545/files/0RB4607M__F6996G__P21__noshad__qt.jpg?v=1785302712
rayban-rb4640f-647551,Ray-Ban 4640 — Plastic Tortoise,"Frame: Plastic Tortoise. Lens: GrdBrw52. Authentic, sold by an authorized retailer.",Ray-Ban,Sunglasses,"Ray-Ban, 4640",TRUE,Title,Default Title,,,,,RB4640F-647551,2552000,3190000,,shopify,,,false,,,,,,,,,,,RB4640F-647551,https://cdn.shopify.com/s/files/1/1056/5215/8545/files/0RB4640F__647551__STD__noshad__fr.jpg?v=1785302715
rayban-rb4640f-647551,,,,,,,,,,,,,,,,,,,,,,,,,,,,,,,,https://cdn.shopify.com/s/files/1/1056/5215/8545/files/0RB4640F__647551__STD__noshad__qt.jpg?v=1785302718
rayban-rb8049d-050-31,Ray-Ban 8049 — Tno-Metal Matte Gun-Tor,"Frame: Tno-Metal Matte Gun-Tor. Lens: Green-Ti(Sz58). Authentic, sold by an authorized retailer.",Ray-Ban,Sunglasses,"Ray-Ban, 8049",TRUE,Title,Default Title,,,,,RB8049D-050_31,2640000,,,shopify,,,false,,,,,,,,,,,RB8049D-050/31,https://cdn.shopify.com/s/files/1/1056/5215/8545/files/0RB8049D__050_31_000A.jpg?v=1785302721
rayban-rb8049d-050-31,,,,,,,,,,,,,,,,,,,,,,,,,,,,,,,,https://cdn.shopify.com/s/files/1/1056/5215/8545/files/0RB8049D__050_31_030A.jpg?v=1785302724
rayban-rb8049d-099-71,Ray-Ban 8049 — Tno-Metal Matte Black,"Frame: Tno-Metal Matte Black. Lens: GradGry-Ti(Sz-58). Authentic, sold by an authorized retailer.",Ray-Ban,Sunglasses,"Ray-Ban, 8049",TRUE,Title,Default Title,,,,,RB8049D-099_71,2640000,,,shopify,,,false,,,,,,,,,,,RB8049D-099/71,https://cdn.shopify.com/s/files/1/1056/5215/8545/files/0RB8049D__099_71_000A.jpg?v=1785302726
rayban-rb8049d-099-71,,,,,,,,,,,,,,,,,,,,,,,,,,,,,,,,https://cdn.shopify.com/s/files/1/1056/5215/8545/files/0RB8049D__099_71_030A.jpg?v=1785302729
rayban-rb8055-157-13,Ray-Ban 8055 — sp5s-LRY-Matte Gold,"Frame: sp5s-LRY-Matte Gold. Lens: GradBrw59, 20. Authentic, sold by an authorized retailer.",Ray-Ban,Sunglasses,"Ray-Ban, 8055",TRUE,Title,Default Title,,,,,RB8055-157_13,3890000,,,shopify,,,false,,,,,,,,,,,RB8055-157/13,https://cdn.shopify.com/s/files/1/1056/5215/8545/files/0RB8055__157_13_000A.jpg?v=1785302732
rayban-rb8055-157-13,,,,,,,,,,,,,,,,,,,,,,,,,,,,,,,,https://cdn.shopify.com/s/files/1/1056/5215/8545/files/0RB8055__157_13_030A.jpg?v=1785302735
rayban-rb8056-155-13,Ray-Ban 8056 — Tortoise-Brown,"Frame: Tortoise-Brown. Lens: GradBrw-Sz49. Authentic, sold by an authorized retailer.",Ray-Ban,Sunglasses,"Ray-Ban, 8056",TRUE,Title,Default Title,,,,,RB8056-155_13,3890000,,,shopify,,,false,,,,,,,,,,,RB8056-155/13,https://cdn.shopify.com/s/files/1/1056/5215/8545/files/0RB8056__155_13_000A.jpg?v=1785302738
rayban-rb8056-155-13,,,,,,,,,,,,,,,,,,,,,,,,,,,,,,,,https://cdn.shopify.com/s/files/1/1056/5215/8545/files/0RB8056__155_13_030A.jpg?v=1785302741
rayban-rb8056-15513-51,"Ray-Ban 8056 — Tortoise-Brown,Sz49, 20","Frame: Tortoise-Brown,Sz49, 20. Authentic, sold by an authorized retailer.",Ray-Ban,Sunglasses,"Ray-Ban, 8056",TRUE,Title,Default Title,,,,,RB8056-15513-51,3960000,,,shopify,,,false,,,,,,,,,,,RB8056-15513-51,https://cdn.shopify.com/s/files/1/1056/5215/8545/files/0RB8056__155_13_000A.jpg?v=1785302738
rayban-rb8056-15513-51,,,,,,,,,,,,,,,,,,,,,,,,,,,,,,,,https://cdn.shopify.com/s/files/1/1056/5215/8545/files/0RB8056__155_13_030A.jpg?v=1785302741
rayban-rb8056-165-8g,Ray-Ban 8056 — Light Ray Gn Blue,"Frame: Light Ray Gn Blue. Lens: Grey Sz-51. Authentic, sold by an authorized retailer.",Ray-Ban,Sunglasses,"Ray-Ban, 8056",TRUE,Title,Default Title,,,,,RB8056-165_8G,3890000,,,shopify,,,false,,,,,,,,,,,RB8056-165/8G,https://cdn.shopify.com/s/files/1/1056/5215/8545/files/0RB8056__165_8G_000A.jpg?v=1785302744
rayban-rb8056-165-8g,,,,,,,,,,,,,,,,,,,,,,,,,,,,,,,,https://cdn.shopify.com/s/files/1/1056/5215/8545/files/0RB8056__165_8G_030A.jpg?v=1785302747
rayban-rb8056-176-3r,Ray-Ban 8056 — LR-Plastic Matte Black-Gold,"Frame: LR-Plastic Matte Black-Gold. Lens: GrnMirr-Sz49. Authentic, sold by an authorized retailer.",Ray-Ban,Sunglasses,"Ray-Ban, 8056",TRUE,Title,Default Title,,,,,RB8056-176_3R,4190000,,,shopify,,,false,,,,,,,,,,,RB8056-176/3R,https://cdn.shopify.com/s/files/1/1056/5215/8545/files/0RB8056__176_3R_000A.jpg?v=1785302749
rayban-rb8056-176-3r,,,,,,,,,,,,,,,,,,,,,,,,,,,,,,,,https://cdn.shopify.com/s/files/1/1056/5215/8545/files/0RB8056__176_3R_030A.jpg?v=1785302752
rayban-rb8056-1763r-51,Ray-Ban 8056 — sp5s-Mblk-Gold,"Frame: sp5s-Mblk-Gold. Lens: GrnMirr, 30. Authentic, sold by an authorized retailer.",Ray-Ban,Sunglasses,"Ray-Ban, 8056",TRUE,Title,Default Title,,,,,RB8056-1763R-51,4190000,,,shopify,,,false,,,,,,,,,,,RB8056-1763R-51,https://cdn.shopify.com/s/files/1/1056/5215/8545/files/0RB8056__176_3R_000A.jpg?v=1785302749
rayban-rb8056-1763r-51,,,,,,,,,,,,,,,,,,,,,,,,,,,,,,,,https://cdn.shopify.com/s/files/1/1056/5215/8545/files/0RB8056__176_3R_030A.jpg?v=1785302752
rayban-rb8315-004-71,Ray-Ban 8315 — Tno-Hlf rmls Gn,"Frame: Tno-Hlf rmls Gn. Lens: Grey(sz-63). Authentic, sold by an authorized retailer.",Ray-Ban,Sunglasses,"Ray-Ban, 8315",TRUE,Title,Default Title,,,,,RB8315-004_71,3690000,,,shopify,,,false,,,,,,,,,,,RB8315-004/71,https://cdn.shopify.com/s/files/1/1056/5215/8545/files/0RB8315__004_71_000A.jpg?v=1785302755
rayban-rb8315-004-71,,,,,,,,,,,,,,,,,,,,,,,,,,,,,,,,https://cdn.shopify.com/s/files/1/1056/5215/8545/files/0RB8315__004_71_030A.jpg?v=1785302758
rayban-rb8316-004,Ray-Ban 8316 — Tno-Metal Gn,"Frame: Tno-Metal Gn. Lens: Grey(sz-62). Authentic, sold by an authorized retailer.",Ray-Ban,Sunglasses,"Ray-Ban, 8316",TRUE,Title,Default Title,,,,,RB8316-004,3510000,,,shopify,,,false,,,,,,,,,,,RB8316-004,https://cdn.shopify.com/s/files/1/1056/5215/8545/files/0RB8316__004__STD__noshad__fr.jpg?v=1785302761
rayban-rb8316-004,,,,,,,,,,,,,,,,,,,,,,,,,,,,,,,,https://cdn.shopify.com/s/files/1/1056/5215/8545/files/0RB8316__004__STD__noshad__qt.jpg?v=1785302764
rayban-rb8331m-f00871,"Ray-Ban 8331 — Ferrari Lifestyle - Icons, Ferrari-Metal Gold","Frame: Ferrari-Metal Gold. Lens: Dark Grn61. Man / Pilot shape. Fit: Bridge: 13mm, Lens width: 61mm, Lens height: 48mm, Temple: 140mm. Authentic, sold by an authorized retailer.",Ray-Ban,Sunglasses,"Ray-Ban, 8331, Pilot",TRUE,Title,Default Title,,,,,RB8331M-F00871,4680000,5850000,,shopify,Man,Pilot,false,Metal,Polycarbonate,13,61,48,140,Dark Green,Arista Gold,Metal,Adjustable Nosepads,RB8331M-F00871 ,https://cdn.shopify.com/s/files/1/1056/5215/8545/files/0RB8331M__F00871__P21__noshad__fr.jpg?v=1785302767
rayban-rb8331m-f00871,,,,,,,,,,,,,,,,,,,,,,,,,,,,,,,,https://cdn.shopify.com/s/files/1/1056/5215/8545/files/0RB8331M__F00871__P21__noshad__qt.jpg?v=1785302770
rayban-rb8362m-f62487,Ray-Ban 8362 — Ferrari-Plastic Grey,"Frame: Ferrari-Plastic Grey. Lens: Dark Gry53. Authentic, sold by an authorized retailer.",Ray-Ban,Sunglasses,"Ray-Ban, 8362",TRUE,Title,Default Title,,,,,RB8362M-F62487,4488000,5610000,,shopify,,,false,,,,,,,,,,,RB8362M-F62487 ,https://cdn.shopify.com/s/files/1/1056/5215/8545/files/0RB8362M__F62487__P21__noshad__fr.jpg?v=1785302773
rayban-rb8362m-f62487,,,,,,,,,,,,,,,,,,,,,,,,,,,,,,,,https://cdn.shopify.com/s/files/1/1056/5215/8545/files/0RB8362M__F62487__P21__noshad__qt.jpg?v=1785302776
rayban-rb3016-9015849,"Ray-Ban 3016 — Legacy, Black","Frame: Black. Lens: PolGrn, 20. Unisex / Square shape. Fit: Bridge: 21mm, Lens width: 51mm, Lens height: 44mm, Temple: 145mm. Authentic, sold by an authorized retailer.",Ray-Ban,Sunglasses,"Ray-Ban, 3016, Last Piece, Square",TRUE,Title,Default Title,,,,,RB3016-9015849,2100000,3590000,,shopify,Unisex,Square,false,Acetate,Crystal,21,51,44,145,Blue Flash,Havana On Gold,Acetate,Adjustable Nosepads,RBL3016-9015849,https://cdn.shopify.com/s/files/1/1056/5215/8545/files/0RB3016F__901_58__STD__noshad__fr.jpg?v=1785300580
rayban-rb3016-9015849,,,,,,,,,,,,,,,,,,,,,,,,,,,,,,,,https://cdn.shopify.com/s/files/1/1056/5215/8545/files/0RB3016F__901_58__STD__noshad__qt.jpg?v=1785300584
rayban-rb3025-0293058,"Ray-Ban 3025 — Legacy, *mp-Matte Gun","Frame: *mp-Matte Gun. Lens: GryMirr. Unisex / Pilot shape. Fit: Bridge: 14mm, Lens width: 62mm, Lens height: 54mm, Temple: 140mm. Authentic, sold by an authorized retailer.",Ray-Ban,Sunglasses,"Ray-Ban, 3025, Last Piece, Pilot",TRUE,Title,Default Title,,,,,RB3025-0293058,2100000,2960000,,shopify,Unisex,Pilot,false,Metal,Glass,14,62,54,140,Green Classic G-15,Gold,Metal,Adjustable Nosepads,RBL3025-0293058,https://cdn.shopify.com/s/files/1/1056/5215/8545/files/0RB3025__029_30__STD__noshad__fr.jpg?v=1785300642
rayban-rb3025-0293058,,,,,,,,,,,,,,,,,,,,,,,,,,,,,,,,https://cdn.shopify.com/s/files/1/1056/5215/8545/files/0RB3025__029_30__STD__noshad__qt.jpg?v=1785300645
rayban-rb3025-1129355,"Ray-Ban 3025 — Legacy, Matte Gold","Frame: Matte Gold. Lens: MirrGld. Unisex / Pilot shape. Fit: Bridge: 14mm, Lens width: 62mm, Lens height: 54mm, Temple: 140mm. Authentic, sold by an authorized retailer.",Ray-Ban,Sunglasses,"Ray-Ban, 3025, Last Piece, Pilot",TRUE,Title,Default Title,,,,,RB3025-1129355,2100000,2990000,,shopify,Unisex,Pilot,false,Metal,Glass,14,62,54,140,Green Classic G-15,Gold,Metal,Adjustable Nosepads,RBL3025-1129355,https://cdn.shopify.com/s/files/1/1056/5215/8545/files/0RB3025__112_93__STD__noshad__fr.jpg?v=1785300655
rayban-rb3025-1129355,,,,,,,,,,,,,,,,,,,,,,,,,,,,,,,,https://cdn.shopify.com/s/files/1/1056/5215/8545/files/0RB3025__112_93__STD__noshad__qt.jpg?v=1785300658
rayban-rb3293-006-71,Ray-Ban XYZ-40% — Matte Black,"Frame: Matte Black. Lens: Green, 30-, 40. Authentic, sold by an authorized retailer.",Ray-Ban,Sunglasses,"Ray-Ban, XYZ-40%",TRUE,Title,Default Title,,,,,RB3293-006_71,2590000,,,shopify,,,false,,,,,,,,,,,RB3293-006/71,https://cdn.shopify.com/s/files/1/1056/5215/8545/files/0RB3293__006_71_000A.jpg?v=1785300728
rayban-rb3293-006-71,,,,,,,,,,,,,,,,,,,,,,,,,,,,,,,,https://cdn.shopify.com/s/files/1/1056/5215/8545/files/0RB3293__006_71_030A.jpg?v=1785300731
