Handle,Title,Body (HTML),Vendor,Type,Tags,Published,Option1 Name,Option1 Value,Option2 Name,Option2 Value,Option3 Name,Option3 Value,Variant SKU,Variant Price,Variant Compare At Price,Variant Inventory Qty,Variant Inventory Tracker,Gender (product.metafields.specs.gender),Shape (product.metafields.specs.shape),Polarized (product.metafields.specs.polarized),Frame Material (product.metafields.specs.frame_material),Lens Material (product.metafields.specs.lens_material),Bridge Size (product.metafields.specs.bridge_size_mm),Lens Width (product.metafields.specs.lens_width_mm),Lens Height (product.metafields.specs.lens_height_mm),Temple Length (product.metafields.specs.temple_length_mm),Lens Color (product.metafields.specs.lens_color),Front Colour (product.metafields.specs.front_colour),Temple Material (product.metafields.specs.temple_material),Geofit (product.metafields.specs.geofit),Legacy SKU (product.metafields.internal.legacy_sku),Image Src
oakley-oo4054-02,Oakley CAVEAT — PolishChr,"Frame: PolishChr. Lens: Grey. Authentic, sold by an authorized retailer.",Oakley,Sunglasses,"Oakley, CAVEAT",TRUE,Title,Default Title,,,,,OO4054-02,1995000,,,shopify,,,FALSE,,,,,,,,,,,OK4054-02,https://cdn.shopify.com/s/files/1/1056/5215/8545/files/0OO4054__405402__P21__noshad__fr.jpg?v=1785243772
oakley-oo4054-02,,,,,,,,,,,,,,,,,,,,,,,,,,,,,,,,https://cdn.shopify.com/s/files/1/1056/5215/8545/files/0OO4054__405402__P21__noshad__qt.jpg?v=1785243775
oakley-oo4074-01,Oakley TAPER  — *Cement w(Gun),"Frame: *Cement w(Gun). Lens: Black Irr. Authentic, sold by an authorized retailer.",Oakley,Sunglasses,"Oakley, TAPER ",TRUE,Title,Default Title,,,,,OO4074-01,2399000,,,shopify,,,FALSE,,,,,,,,,,,OK4074-01,https://cdn.shopify.com/s/files/1/1056/5215/8545/files/0OO4074__407401_000A.jpg?v=1785243779
oakley-oo4074-01,,,,,,,,,,,,,,,,,,,,,,,,,,,,,,,,https://cdn.shopify.com/s/files/1/1056/5215/8545/files/0OO4074__407401_030A.jpg?v=1785243782
oakley-oo4086-07,Oakley TAILPIN — *Lead,"Frame: *Lead. Lens: ChrIrr,Sz61,10. Authentic, sold by an authorized retailer.",Oakley,Sunglasses,"Oakley, TAILPIN",TRUE,Title,Default Title,,,,,OO4086-07,3411000,3790000,,shopify,,,FALSE,,,,,,,,,,,OK4086-07,https://cdn.shopify.com/s/files/1/1056/5215/8545/files/0OO4086__408607_000A.jpg?v=1785243785
oakley-oo4086-07,,,,,,,,,,,,,,,,,,,,,,,,,,,,,,,,https://cdn.shopify.com/s/files/1/1056/5215/8545/files/0OO4086__408607_030A.jpg?v=1785243790
oakley-oo4087-07,Oakley TAILHOOK — sp5s-Tit.,"Frame: sp5s-Tit.. Lens: BrnPol.60, 20. Authentic, sold by an authorized retailer.",Oakley,Sunglasses,"Oakley, TAILHOOK",TRUE,Title,Default Title,,,,,OO4087-07,4770000,,,shopify,,,FALSE,,,,,,,,,,,OK4087-07,https://cdn.shopify.com/s/files/1/1056/5215/8545/files/0OO4087__408707_000A.jpg?v=1785243798
oakley-oo4087-07,,,,,,,,,,,,,,,,,,,,,,,,,,,,,,,,https://cdn.shopify.com/s/files/1/1056/5215/8545/files/0OO4087__408707_030A.jpg?v=1785243801
oakley-oo4088-03,Oakley TAILEND — sp5s-Carbon,"Frame: sp5s-Carbon. Lens: PrzmPol.56. Authentic, sold by an authorized retailer.",Oakley,Sunglasses,"Oakley, TAILEND",TRUE,Title,Default Title,,,,,OO4088-03,4960000,,,shopify,,,FALSE,,,,,,,,,,,OK4088-03,https://cdn.shopify.com/s/files/1/1056/5215/8545/files/0OO4088__408803_000A.jpg?v=1785243805
oakley-oo4088-03,,,,,,,,,,,,,,,,,,,,,,,,,,,,,,,,https://cdn.shopify.com/s/files/1/1056/5215/8545/files/0OO4088__408803_030A.jpg?v=1785243808
oakley-oo4106-01,Oakley CONDUCTOR 6 — Matte Black,"Frame: Matte Black. Lens: Black Irr,10. Authentic, sold by an authorized retailer.",Oakley,Sunglasses,"Oakley, CONDUCTOR 6",TRUE,Title,Default Title,,,,,OO4106-01,3790000,,,shopify,,,FALSE,,,,,,,,,,,OK4106-01,https://cdn.shopify.com/s/files/1/1056/5215/8545/files/0OO4106__410601_000A.jpg?v=1785243810
oakley-oo4106-01,,,,,,,,,,,,,,,,,,,,,,,,,,,,,,,,https://cdn.shopify.com/s/files/1/1056/5215/8545/files/0OO4106__410601_030A.jpg?v=1785243814
oakley-oo4123-0655,"Oakley HOLBROOK MTL — Performance Lifestyle, sp5s-Mgry","Frame: sp5s-Mgry. Lens: PrzmPol.Mir, 20. Man / Square shape. Fit: Bridge: 18mm, Lens width: 55mm, Lens height: 43mm, Temple: 132mm. Authentic, sold by an authorized retailer.",Oakley,Sunglasses,"Oakley, HOLBROOK MTL, Square",TRUE,Title,Default Title,,,,,OO4123-0655,4690000,,,shopify,Man,Square,TRUE,C_5,Polycarbonate,18,55,43,132,Prizm Black Polarized,Matte Gunmetal,Metal,Adjustable Nosepads,OK4123-0655,https://cdn.shopify.com/s/files/1/1056/5215/8545/files/0OO4123__412306__STD__noshad__fr.jpg?v=1785243817
oakley-oo4123-0655,,,,,,,,,,,,,,,,,,,,,,,,,,,,,,,,https://cdn.shopify.com/s/files/1/1056/5215/8545/files/0OO4123__412306__STD__noshad__qt.jpg?v=1785243820
oakley-oo4123-0855,"Oakley HOLBROOK MTL — Performance Lifestyle, sp5s-Gold","Frame: sp5s-Gold. Lens: Grey. Man / Square shape. Fit: Bridge: 18mm, Lens width: 55mm, Lens height: 43mm, Temple: 132mm. Authentic, sold by an authorized retailer.",Oakley,Sunglasses,"Oakley, HOLBROOK MTL, Square",TRUE,Title,Default Title,,,,,OO4123-0855,1950000,3090000,,shopify,Man,Square,TRUE,C_5,Polycarbonate,18,55,43,132,Prizm Black Polarized,Matte Gunmetal,Metal,Adjustable Nosepads,OK4123-0855,https://cdn.shopify.com/s/files/1/1056/5215/8545/files/0OO4123__412308_000A.jpg?v=1785243823
oakley-oo4123-0855,,,,,,,,,,,,,,,,,,,,,,,,,,,,,,,,https://cdn.shopify.com/s/files/1/1056/5215/8545/files/0OO4123__412308_030A.jpg?v=1785243827
oakley-oo4129-1758,"Oakley SPLIT TIME — Sport Performance, VelvetBlack","Frame: VelvetBlack. Lens: PrzmGryGrey. Woman / Round shape. Fit: Bridge: 13mm, Lens width: 58mm, Lens height: 47mm, Temple: 133mm. Authentic, sold by an authorized retailer.",Oakley,Sunglasses,"Oakley, SPLIT TIME, Round",TRUE,Title,Default Title,,,,,OO4129-1758,2696000,3370000,,shopify,Woman,Round,FALSE,C_5,Polycarbonate,13,58,47,133,G40 Black Gradient,Crystal Raspberry,Injected,Adjustable Nosepads,OK4129-1758,https://cdn.shopify.com/s/files/1/1056/5215/8545/files/0OO4129__412917__STD__noshad__fr.jpg?v=1785243830
oakley-oo4129-1758,,,,,,,,,,,,,,,,,,,,,,,,,,,,,,,,https://cdn.shopify.com/s/files/1/1056/5215/8545/files/0OO4129__412917__STD__noshad__qt.jpg?v=1785243833
oakley-oo4129-2558,"Oakley SPLIT TIME — Sport Performance, Matte OilveInk","Frame: Matte OilveInk. Lens: PrizmBrz. Woman / Round shape. Fit: Bridge: 13mm, Lens width: 58mm, Lens height: 47mm, Temple: 133mm. Authentic, sold by an authorized retailer.",Oakley,Sunglasses,"Oakley, SPLIT TIME, Round",TRUE,Title,Default Title,,,,,OO4129-2558,2824000,3530000,,shopify,Woman,Round,FALSE,C_5,Polycarbonate,13,58,47,133,G40 Black Gradient,Crystal Raspberry,Injected,Adjustable Nosepads,OK4129-2558,https://cdn.shopify.com/s/files/1/1056/5215/8545/files/0OO4129__412925__P21__noshad__fr.jpg?v=1785243837
oakley-oo4129-2558,,,,,,,,,,,,,,,,,,,,,,,,,,,,,,,,https://cdn.shopify.com/s/files/1/1056/5215/8545/files/0OO4129__412925__P21__noshad__qt.jpg?v=1785243840
oakley-oo4129-2858,"Oakley SPLIT TIME — Sport Performance, TransparentGinger","Frame: TransparentGinger. Lens: PrzmTungsten. Woman / Round shape. Fit: Bridge: 13mm, Lens width: 58mm, Lens height: 47mm, Temple: 133mm. Authentic, sold by an authorized retailer.",Oakley,Sunglasses,"Oakley, SPLIT TIME, Round",TRUE,Title,Default Title,,,,,OO4129-2858,2984000,3730000,,shopify,Woman,Round,FALSE,C_5,Polycarbonate,13,58,47,133,G40 Black Gradient,Crystal Raspberry,Injected,Adjustable Nosepads,OK4129-2858,https://cdn.shopify.com/s/files/1/1056/5215/8545/files/0OO4129__412928__P21__noshad__fr.jpg?v=1783995711
oakley-oo4129-2858,,,,,,,,,,,,,,,,,,,,,,,,,,,,,,,,https://cdn.shopify.com/s/files/1/1056/5215/8545/files/0OO4129__412928__P21__noshad__qt.jpg?v=1783995714
oakley-oo4145-0160,"Oakley WIRE TAP 2.0 — Performance Lifestyle, Mbk","Frame: Mbk. Lens: Prizm Grey. Man / Rectangle shape. Fit: Bridge: 19mm, Lens width: 60mm, Lens height: 39mm, Temple: 136mm. Authentic, sold by an authorized retailer.",Oakley,Sunglasses,"Oakley, WIRE TAP 2.0, Rectangle",TRUE,Title,Default Title,,,,,OO4145-0160,3624000,4530000,,shopify,Man,Rectangle,FALSE,C_5,Polycarbonate,19,60,39,136,Prizm Grey,Satin Black,Metal,Adjustable Nosepads,OK4145-0160,https://cdn.shopify.com/s/files/1/1056/5215/8545/files/0OO4145__414501__STD__noshad__fr.jpg?v=1783995748
oakley-oo4145-0160,,,,,,,,,,,,,,,,,,,,,,,,,,,,,,,,https://cdn.shopify.com/s/files/1/1056/5215/8545/files/0OO4145__414501__STD__noshad__qt.jpg?v=1783995751
oakley-oo4145-0660,"Oakley WIRE TAP 2.0 — Performance Lifestyle, SatinLead","Frame: SatinLead. Lens: PrzmDeepWaterPol.. Man / Rectangle shape. Fit: Bridge: 19mm, Lens width: 60mm, Lens height: 39mm, Temple: 136mm. Authentic, sold by an authorized retailer.",Oakley,Sunglasses,"Oakley, WIRE TAP 2.0, Rectangle",TRUE,Title,Default Title,,,,,OO4145-0660,4192000,5240000,,shopify,Man,Rectangle,FALSE,C_5,Polycarbonate,19,60,39,136,Prizm Grey,Satin Black,Metal,Adjustable Nosepads,OK4145-0660,https://cdn.shopify.com/s/files/1/1056/5215/8545/files/0OO4145__414506__STD__noshad__fr.jpg?v=1785243843
oakley-oo4145-0660,,,,,,,,,,,,,,,,,,,,,,,,,,,,,,,,https://cdn.shopify.com/s/files/1/1056/5215/8545/files/0OO4145__414506__STD__noshad__qt.jpg?v=1785243846
oakley-oo4147-1357,Oakley CONTRAIL — SatinGold,"Frame: SatinGold. Lens: PrzmBlack. Authentic, sold by an authorized retailer.",Oakley,Sunglasses,"Oakley, CONTRAIL",TRUE,Title,Default Title,,,,,OO4147-1357,3056000,3820000,,shopify,,,FALSE,,,,,,,,,,,OK4147-1357,https://cdn.shopify.com/s/files/1/1056/5215/8545/files/0OO4147__414713__P21__noshad__fr.jpg?v=1785243849
oakley-oo4147-1357,,,,,,,,,,,,,,,,,,,,,,,,,,,,,,,,https://cdn.shopify.com/s/files/1/1056/5215/8545/files/0OO4147__414713__P21__noshad__qt.jpg?v=1785243852
oakley-oo6017-07,Oakley TINCAN FERRARI — sp5s-Carbon-Brn,"Frame: sp5s-Carbon-Brn. Lens: RedIrr. Authentic, sold by an authorized retailer.",Oakley,Sunglasses,"Oakley, TINCAN FERRARI",TRUE,Title,Default Title,,,,,OO6017-07,3900000,5094000,,shopify,,,FALSE,,,,,,,,,,,OK6017-07,https://cdn.shopify.com/s/files/1/1056/5215/8545/files/0OO6017__601707_000A.jpg?v=1785243855
oakley-oo6017-07,,,,,,,,,,,,,,,,,,,,,,,,,,,,,,,,https://cdn.shopify.com/s/files/1/1056/5215/8545/files/0OO6017__601707_030A.jpg?v=1785243859
oakley-oo6019-03,Oakley MADMAN — Gn,"Frame: Gn. Lens: Polarized Brn Irr Sz-42. Authentic, sold by an authorized retailer.",Oakley,Sunglasses,"Oakley, MADMAN",TRUE,Title,Default Title,,,,,OO6019-03,5499000,,,shopify,,,FALSE,,,,,,,,,,,OK6019-03,https://cdn.shopify.com/s/files/1/1056/5215/8545/files/0OO6019__601903_000A.jpg?v=1785243861
oakley-oo6019-03,,,,,,,,,,,,,,,,,,,,,,,,,,,,,,,,https://cdn.shopify.com/s/files/1/1056/5215/8545/files/0OO6019__601903_030A.jpg?v=1785243865
oakley-oo6019-04,Oakley MADMAN — Mtblk,"Frame: Mtblk. Lens: Polarized Red. Authentic, sold by an authorized retailer.",Oakley,Sunglasses,"Oakley, MADMAN",TRUE,Title,Default Title,,,,,OO6019-04,7690000,,,shopify,,,FALSE,,,,,,,,,,,OK6019-04,https://cdn.shopify.com/s/files/1/1056/5215/8545/files/0OO6019__601904_000A.jpg?v=1785243868
oakley-oo6019-04,,,,,,,,,,,,,,,,,,,,,,,,,,,,,,,,https://cdn.shopify.com/s/files/1/1056/5215/8545/files/0OO6019__601904_030A.jpg?v=1785243872
oakley-oo6035-01,Oakley BADMAN — MBlack,"Frame: MBlack. Lens: Polarized BlkIrr,Sz56. Authentic, sold by an authorized retailer.",Oakley,Sunglasses,"Oakley, BADMAN",TRUE,Title,Default Title,,,,,OO6035-01,7690000,,,shopify,,,FALSE,,,,,,,,,,,OK6035-01,https://cdn.shopify.com/s/files/1/1056/5215/8545/files/0OO6035__603501_000A.jpg?v=1785243875
oakley-oo6035-01,,,,,,,,,,,,,,,,,,,,,,,,,,,,,,,,https://cdn.shopify.com/s/files/1/1056/5215/8545/files/0OO6035__603501_030A.jpg?v=1785243878
oakley-oo6035-02,Oakley BADMAN — *Gn,"Frame: *Gn. Lens: PolBluMirror,56. Authentic, sold by an authorized retailer.",Oakley,Sunglasses,"Oakley, BADMAN",TRUE,Title,Default Title,,,,,OO6035-02,5499000,7690000,,shopify,,,FALSE,,,,,,,,,,,OK6035-02,https://cdn.shopify.com/s/files/1/1056/5215/8545/files/0OO6035__603502_000A.jpg?v=1785243881
oakley-oo6035-02,,,,,,,,,,,,,,,,,,,,,,,,,,,,,,,,https://cdn.shopify.com/s/files/1/1056/5215/8545/files/0OO6035__603502_030A.jpg?v=1785243884
oakley-oo6035-03,Oakley BADMAN — Sq-Slv,"Frame: Sq-Slv. Lens: ChrIrr,Sz-56. Authentic, sold by an authorized retailer.",Oakley,Sunglasses,"Oakley, BADMAN",TRUE,Title,Default Title,,,,,OO6035-03,4999000,,,shopify,,,FALSE,,,,,,,,,,,OK6035-03,https://cdn.shopify.com/s/files/1/1056/5215/8545/files/0OO6035__603503_000A.jpg?v=1785243887
oakley-oo6035-03,,,,,,,,,,,,,,,,,,,,,,,,,,,,,,,,https://cdn.shopify.com/s/files/1/1056/5215/8545/files/0OO6035__603503_030A.jpg?v=1785243890
oakley-oo6035-04,Oakley BADMAN — FRR-Carbon,"Frame: FRR-Carbon. Lens: Polarized BlkIrr. Authentic, sold by an authorized retailer.",Oakley,Sunglasses,"Oakley, BADMAN",TRUE,Title,Default Title,,,,,OO6035-04,8590000,,,shopify,,,FALSE,,,,,,,,,,,OK6035-04,https://cdn.shopify.com/s/files/1/1056/5215/8545/files/0OO6035__603504_000A.jpg?v=1785243893
oakley-oo6035-04,,,,,,,,,,,,,,,,,,,,,,,,,,,,,,,,https://cdn.shopify.com/s/files/1/1056/5215/8545/files/0OO6035__603504_030A.jpg?v=1785243896
oakley-oo6038-0157,Oakley GAUGE 6 — sp4-PowderCoal,"Frame: sp4-PowderCoal. Lens: PrzmBlack. Authentic, sold by an authorized retailer.",Oakley,Sunglasses,"Oakley, GAUGE 6",TRUE,Title,Default Title,,,,,OO6038-0157,3150000,4690000,,shopify,,,FALSE,,,,,,,,,,,OK6038-0157,https://cdn.shopify.com/s/files/1/1056/5215/8545/files/0OO6038__603801_000A.jpg?v=1785243900
oakley-oo6038-0157,,,,,,,,,,,,,,,,,,,,,,,,,,,,,,,,https://cdn.shopify.com/s/files/1/1056/5215/8545/files/0OO6038__603801_030A.jpg?v=1785243903
oakley-oo6038-0457,Oakley GAUGE 6 — sp4-Black,"Frame: sp4-Black. Lens: PrzmRubyPol. Authentic, sold by an authorized retailer.",Oakley,Sunglasses,"Oakley, GAUGE 6",TRUE,Title,Default Title,,,,,OO6038-0457,3750000,5690000,,shopify,,,FALSE,,,,,,,,,,,OK6038-0457,https://cdn.shopify.com/s/files/1/1056/5215/8545/files/0OO6038__603804_000A.jpg?v=1785243906
oakley-oo6038-0457,,,,,,,,,,,,,,,,,,,,,,,,,,,,,,,,https://cdn.shopify.com/s/files/1/1056/5215/8545/files/0OO6038__603804_030A.jpg?v=1785243909
oakley-oo6038-0557,Oakley GAUGE 6 — sp4-StnChrm,"Frame: sp4-StnChrm. Lens: PrzmTstenPol. Authentic, sold by an authorized retailer.",Oakley,Sunglasses,"Oakley, GAUGE 6",TRUE,Title,Default Title,,,,,OO6038-0557,3750000,5690000,,shopify,,,FALSE,,,,,,,,,,,OK6038-0557,https://cdn.shopify.com/s/files/1/1056/5215/8545/files/0OO6038__603805_000A.jpg?v=1785243912
oakley-oo6038-0557,,,,,,,,,,,,,,,,,,,,,,,,,,,,,,,,https://cdn.shopify.com/s/files/1/1056/5215/8545/files/0OO6038__603805_030A.jpg?v=1785243915
oakley-oo9014-c960,"Oakley GASCAN — Performance Lifestyle, Matte Clear","Frame: Matte Clear. Lens: PrzmPeach. Man / Rectangle shape. Fit: Bridge: 15mm, Lens width: 60mm, Lens height: 36mm, Temple: 128mm. Authentic, sold by an authorized retailer.",Oakley,Sunglasses,"Oakley, GASCAN, Rectangle",TRUE,Title,Default Title,,,,,OO9014-C960,2280000,2850000,,shopify,Man,Rectangle,FALSE,O_matter,Polycarbonate,15,60,36,128,Grey,Polished Black,Injected,High Bridge Fit,OK9014-C960,https://cdn.shopify.com/s/files/1/1056/5215/8545/files/0OO9014__9014C9__P21__noshad__fr.jpg?v=1783995768
oakley-oo9014-c960,,,,,,,,,,,,,,,,,,,,,,,,,,,,,,,,https://cdn.shopify.com/s/files/1/1056/5215/8545/files/0OO9014__9014C9__P21__noshad__qt.jpg?v=1783995771
oakley-oo9018-0255,"Oakley Ojetor — Performance Lifestyle, PolishClear","Frame: PolishClear. Lens: PrzmSapp(Blue). Man / Rectangle shape. Fit: Bridge: 20mm, Lens width: 55mm, Lens height: 45mm, Temple: 143mm. Authentic, sold by an authorized retailer.",Oakley,Sunglasses,"Oakley, Ojetor, Rectangle",TRUE,Title,Default Title,,,,,OO9018-0255,3160000,3950000,,shopify,Man,Rectangle,FALSE,O_matter,Polycarbonate,20,55,45,143,Prizm Grey,Matte Black,Injected,High Bridge Fit,OK9018-0255,https://cdn.shopify.com/s/files/1/1056/5215/8545/files/0OO9018__901802__P21__noshad__fr.jpg?v=1785243918
oakley-oo9018-0255,,,,,,,,,,,,,,,,,,,,,,,,,,,,,,,,https://cdn.shopify.com/s/files/1/1056/5215/8545/files/0OO9018__901802__P21__noshad__qt.jpg?v=1785243921
oakley-oo9018-0455,"Oakley Ojetor — Performance Lifestyle, BlkInk","Frame: BlkInk. Lens: PrzmBlkPol.. Man / Rectangle shape. Fit: Bridge: 20mm, Lens width: 55mm, Lens height: 45mm, Temple: 143mm. Authentic, sold by an authorized retailer.",Oakley,Sunglasses,"Oakley, Ojetor, Rectangle",TRUE,Title,Default Title,,,,,OO9018-0455,4128000,5160000,,shopify,Man,Rectangle,FALSE,O_matter,Polycarbonate,20,55,45,143,Prizm Grey,Matte Black,Injected,High Bridge Fit,OK9018-0455,https://cdn.shopify.com/s/files/1/1056/5215/8545/files/0OO9018__901804__P21__noshad__fr.jpg?v=1785243924
oakley-oo9018-0455,,,,,,,,,,,,,,,,,,,,,,,,,,,,,,,,https://cdn.shopify.com/s/files/1/1056/5215/8545/files/0OO9018__901804__P21__noshad__qt.jpg?v=1785243927
oakley-oo9018-0655,"Oakley Ojetor — Performance Lifestyle, PolishedBlack","Frame: PolishedBlack. Lens: PrizmRoseGldPol.. Man / Rectangle shape. Fit: Bridge: 20mm, Lens width: 55mm, Lens height: 45mm, Temple: 143mm. Authentic, sold by an authorized retailer.",Oakley,Sunglasses,"Oakley, Ojetor, Rectangle",TRUE,Title,Default Title,,,,,OO9018-0655,3632000,4540000,,shopify,Man,Rectangle,FALSE,O_matter,Polycarbonate,20,55,45,143,Prizm Grey,Matte Black,Injected,High Bridge Fit,OK9018-0655,https://cdn.shopify.com/s/files/1/1056/5215/8545/files/0OO9018__901806__P21__noshad__fr.jpg?v=1785243931
oakley-oo9018-0655,,,,,,,,,,,,,,,,,,,,,,,,,,,,,,,,https://cdn.shopify.com/s/files/1/1056/5215/8545/files/0OO9018__901806__P21__noshad__qt.jpg?v=1785243935
oakley-oo9018-1355,"Oakley Ojetor — Performance Lifestyle, OliveInk","Frame: OliveInk. Lens: PrzmBlack. Man / Rectangle shape. Fit: Bridge: 20mm, Lens width: 55mm, Lens height: 45mm, Temple: 143mm. Authentic, sold by an authorized retailer.",Oakley,Sunglasses,"Oakley, Ojetor, Rectangle",TRUE,Title,Default Title,,,,,OO9018-1355,3160000,3950000,,shopify,Man,Rectangle,FALSE,O_matter,Polycarbonate,20,55,45,143,Prizm Grey,Matte Black,Injected,High Bridge Fit,OK9018-1355,https://cdn.shopify.com/s/files/1/1056/5215/8545/files/0OO9018__901813__P21__noshad__fr.jpg?v=1783995788
oakley-oo9018-1355,,,,,,,,,,,,,,,,,,,,,,,,,,,,,,,,https://cdn.shopify.com/s/files/1/1056/5215/8545/files/0OO9018__901813__P21__noshad__qt.jpg?v=1783995792
oakley-oo9018-1455,"Oakley Ojetor — Performance Lifestyle, Grey Ink","Frame: Grey Ink. Lens: Prizm Sapp Polarized. Man / Rectangle shape. Fit: Bridge: 20mm, Lens width: 55mm, Lens height: 45mm, Temple: 143mm. Authentic, sold by an authorized retailer.",Oakley,Sunglasses,"Oakley, Ojetor, Rectangle",TRUE,Title,Default Title,,,,,OO9018-1455,4128000,5160000,,shopify,Man,Rectangle,FALSE,O_matter,Polycarbonate,20,55,45,143,Prizm Grey,Matte Black,Injected,High Bridge Fit,OK9018-1455,https://cdn.shopify.com/s/files/1/1056/5215/8545/files/0OO9018__901814__P21__noshad__fr.jpg?v=1785243938
oakley-oo9018-1455,,,,,,,,,,,,,,,,,,,,,,,,,,,,,,,,https://cdn.shopify.com/s/files/1/1056/5215/8545/files/0OO9018__901814__P21__noshad__qt.jpg?v=1785243941
oakley-oo9018-1955,"Oakley Ojetor — Performance Lifestyle, OliveInk","Frame: OliveInk. Lens: PrizmSapphire. Man / Rectangle shape. Fit: Bridge: 20mm, Lens width: 55mm, Lens height: 45mm, Temple: 143mm. Authentic, sold by an authorized retailer.",Oakley,Sunglasses,"Oakley, Ojetor, Rectangle",TRUE,Title,Default Title,,,,,OO9018-1955,3160000,3950000,,shopify,Man,Rectangle,FALSE,O_matter,Polycarbonate,20,55,45,143,Prizm Grey,Matte Black,Injected,High Bridge Fit,OK9018-1955,https://cdn.shopify.com/s/files/1/1056/5215/8545/files/0OO9018__901819__P21__noshad__fr.jpg?v=1785243944
oakley-oo9018-1955,,,,,,,,,,,,,,,,,,,,,,,,,,,,,,,,https://cdn.shopify.com/s/files/1/1056/5215/8545/files/0OO9018__901819__P21__noshad__qt.jpg?v=1785243948
oakley-oo9019-1659,Oakley PLAZMA — Matte Clear,"Frame: Matte Clear. Lens: PrzmRoadJade. Authentic, sold by an authorized retailer.",Oakley,Sunglasses,"Oakley, PLAZMA",TRUE,Title,Default Title,,,,,OO9019-1659,3136000,3920000,,shopify,,,FALSE,,,,,,,,,,,OK9019-1659,https://cdn.shopify.com/s/files/1/1056/5215/8545/files/0OO9019__901916__P21__noshad__fr.jpg?v=1785243951
oakley-oo9019-1659,,,,,,,,,,,,,,,,,,,,,,,,,,,,,,,,https://cdn.shopify.com/s/files/1/1056/5215/8545/files/0OO9019__901916__P21__noshad__qt.jpg?v=1785243954
oakley-oo9098-0248,Oakley SUBZERO — CarbonFiber,"Frame: CarbonFiber. Lens: PrzmRuby. Authentic, sold by an authorized retailer.",Oakley,Sunglasses,"Oakley, SUBZERO",TRUE,Title,Default Title,,,,,OO9098-0248,3960000,4950000,,shopify,,,FALSE,,,,,,,,,,,OK9098-0248,https://cdn.shopify.com/s/files/1/1056/5215/8545/files/0OO9098__909802__P21__noshad__fr.jpg?v=1785243957
oakley-oo9098-0248,,,,,,,,,,,,,,,,,,,,,,,,,,,,,,,,https://cdn.shopify.com/s/files/1/1056/5215/8545/files/0OO9098__909802__P21__noshad__qt.jpg?v=1785243961
oakley-oo9098-0348,Oakley SUBZERO — Planet X,"Frame: Planet X. Lens: PrzmSapphire(Blue). Authentic, sold by an authorized retailer.",Oakley,Sunglasses,"Oakley, SUBZERO",TRUE,Title,Default Title,,,,,OO9098-0348,3960000,4950000,,shopify,,,FALSE,,,,,,,,,,,OK9098-0348,https://cdn.shopify.com/s/files/1/1056/5215/8545/files/0OO9098__909803__P21__noshad__fr.jpg?v=1785243964
oakley-oo9098-0348,,,,,,,,,,,,,,,,,,,,,,,,,,,,,,,,https://cdn.shopify.com/s/files/1/1056/5215/8545/files/0OO9098__909803__P21__noshad__qt.jpg?v=1785243967
oakley-oo9100-0157,"Oakley LEFFINGWELL — Performance Lifestyle, BlkInk","Frame: BlkInk. Lens: PrzmGrey. Man / Rectangle shape. Fit: Bridge: 17mm, Lens width: 57mm, Lens height: 45mm, Temple: 134mm. Authentic, sold by an authorized retailer.",Oakley,Sunglasses,"Oakley, LEFFINGWELL, Rectangle",TRUE,Title,Default Title,,,,,OO9100-0157,2544000,3180000,,shopify,Man,Rectangle,FALSE,O_matter,Polycarbonate,17,57,45,134,Prizm Grey,Black Ink,Injected,High Bridge Fit,OK9100-0157,https://cdn.shopify.com/s/files/1/1056/5215/8545/files/0OO9100__910001__P21__noshad__fr.jpg?v=1785243970
oakley-oo9100-0157,,,,,,,,,,,,,,,,,,,,,,,,,,,,,,,,https://cdn.shopify.com/s/files/1/1056/5215/8545/files/0OO9100__910001__P21__noshad__qt.jpg?v=1785243974
oakley-oo9100-0257,"Oakley LEFFINGWELL — Performance Lifestyle, Matte GreySmoke","Frame: Matte GreySmoke. Lens: PrzmTungsten. Man / Rectangle shape. Fit: Bridge: 17mm, Lens width: 57mm, Lens height: 45mm, Temple: 134mm. Authentic, sold by an authorized retailer.",Oakley,Sunglasses,"Oakley, LEFFINGWELL, Rectangle",TRUE,Title,Default Title,,,,,OO9100-0257,2824000,3530000,,shopify,Man,Rectangle,FALSE,O_matter,Polycarbonate,17,57,45,134,Prizm Grey,Black Ink,Injected,High Bridge Fit,OK9100-0257,https://cdn.shopify.com/s/files/1/1056/5215/8545/files/0OO9100__910002__P21__noshad__fr.jpg?v=1785243977
oakley-oo9100-0257,,,,,,,,,,,,,,,,,,,,,,,,,,,,,,,,https://cdn.shopify.com/s/files/1/1056/5215/8545/files/0OO9100__910002__P21__noshad__qt.jpg?v=1785243980
oakley-oo9100-0457,"Oakley LEFFINGWELL — Performance Lifestyle, Matte BlkInk","Frame: Matte BlkInk. Lens: PrzmBlkPol. Man / Rectangle shape. Fit: Bridge: 17mm, Lens width: 57mm, Lens height: 45mm, Temple: 134mm. Authentic, sold by an authorized retailer.",Oakley,Sunglasses,"Oakley, LEFFINGWELL, Rectangle",TRUE,Title,Default Title,,,,,OO9100-0457,3696000,4620000,,shopify,Man,Rectangle,FALSE,O_matter,Polycarbonate,17,57,45,134,Prizm Grey,Black Ink,Injected,High Bridge Fit,OK9100-0457,https://cdn.shopify.com/s/files/1/1056/5215/8545/files/0OO9100__910004__P21__noshad__fr.jpg?v=1785243983
oakley-oo9100-0457,,,,,,,,,,,,,,,,,,,,,,,,,,,,,,,,https://cdn.shopify.com/s/files/1/1056/5215/8545/files/0OO9100__910004__P21__noshad__qt.jpg?v=1785243986
oakley-oo9100-0557,"Oakley LEFFINGWELL — Performance Lifestyle, CrystalBlack","Frame: CrystalBlack. Lens: PrizmDeepWaterPol.. Man / Rectangle shape. Fit: Bridge: 17mm, Lens width: 57mm, Lens height: 45mm, Temple: 134mm. Authentic, sold by an authorized retailer.",Oakley,Sunglasses,"Oakley, LEFFINGWELL, Rectangle",TRUE,Title,Default Title,,,,,OO9100-0557,3568000,4460000,,shopify,Man,Rectangle,FALSE,O_matter,Polycarbonate,17,57,45,134,Prizm Grey,Black Ink,Injected,High Bridge Fit,OK9100-0557,https://cdn.shopify.com/s/files/1/1056/5215/8545/files/0OO9100__910005__P21__noshad__fr.jpg?v=1785243989
oakley-oo9100-0557,,,,,,,,,,,,,,,,,,,,,,,,,,,,,,,,https://cdn.shopify.com/s/files/1/1056/5215/8545/files/0OO9100__910005__P21__noshad__qt.jpg?v=1785243992
oakley-oo9100-1057,"Oakley LEFFINGWELL — Performance Lifestyle, GryInk","Frame: GryInk. Lens: PrizmJadePol.. Man / Rectangle shape. Fit: Bridge: 17mm, Lens width: 57mm, Lens height: 45mm, Temple: 134mm. Authentic, sold by an authorized retailer.",Oakley,Sunglasses,"Oakley, LEFFINGWELL, Rectangle",TRUE,Title,Default Title,,,,,OO9100-1057,3568000,4460000,,shopify,Man,Rectangle,FALSE,O_matter,Polycarbonate,17,57,45,134,Prizm Grey,Black Ink,Injected,High Bridge Fit,OK9100-1057,https://cdn.shopify.com/s/files/1/1056/5215/8545/files/0OO9100__910010__P21__noshad__fr.jpg?v=1785243995
oakley-oo9100-1057,,,,,,,,,,,,,,,,,,,,,,,,,,,,,,,,https://cdn.shopify.com/s/files/1/1056/5215/8545/files/0OO9100__910010__P21__noshad__qt.jpg?v=1785243999
oakley-oo9100-1857,"Oakley LEFFINGWELL — Performance Lifestyle, Matte BrwTortoise","Frame: Matte BrwTortoise. Lens: PrizmBlkPol.. Man / Rectangle shape. Fit: Bridge: 17mm, Lens width: 57mm, Lens height: 45mm, Temple: 134mm. Authentic, sold by an authorized retailer.",Oakley,Sunglasses,"Oakley, LEFFINGWELL, Rectangle",TRUE,Title,Default Title,,,,,OO9100-1857,3696000,4620000,,shopify,Man,Rectangle,FALSE,O_matter,Polycarbonate,17,57,45,134,Prizm Grey,Black Ink,Injected,High Bridge Fit,OK9100-1857,https://cdn.shopify.com/s/files/1/1056/5215/8545/files/0OO9100__910018__P21__noshad__fr.jpg?v=1785244002
oakley-oo9100-1857,,,,,,,,,,,,,,,,,,,,,,,,,,,,,,,,https://cdn.shopify.com/s/files/1/1056/5215/8545/files/0OO9100__910018__P21__noshad__qt.jpg?v=1785244005
oakley-oo9102-70,"Oakley HOLBROOK — Performance Lifestyle, Matte Moss (Matte Grey)","Frame: Matte Moss (Matte Grey). Lens: Dark Grey. Man / Square shape. Fit: Bridge: 18mm, Lens width: 57mm, Lens height: 43mm, Temple: 137mm. Authentic, sold by an authorized retailer.",Oakley,Sunglasses,"Oakley, HOLBROOK, Square",TRUE,Title,Default Title,,,,,OO9102-70,1799000,,,shopify,Man,Square,FALSE,O_matter,Polycarbonate,18,57,43,137,+ Red Iridium,Matte Black,Injected,High Bridge Fit,OK9102-70,https://cdn.shopify.com/s/files/1/1056/5215/8545/files/0OO9102__910270_000A.jpg?v=1785244008
oakley-oo9102-70,,,,,,,,,,,,,,,,,,,,,,,,,,,,,,,,https://cdn.shopify.com/s/files/1/1056/5215/8545/files/0OO9102__910270_030A.jpg?v=1785244012
oakley-oo9102-99,"Oakley HOLBROOK — Performance Lifestyle, Plastic Matte Sepia","Frame: Plastic Matte Sepia. Lens: 24K Irr,Sz55, 10. Man / Square shape. Fit: Bridge: 18mm, Lens width: 57mm, Lens height: 43mm, Temple: 137mm. Authentic, sold by an authorized retailer.",Oakley,Sunglasses,"Oakley, HOLBROOK, Square",TRUE,Title,Default Title,,,,,OO9102-99,2462000,,,shopify,Man,Square,FALSE,O_matter,Polycarbonate,18,57,43,137,+ Red Iridium,Matte Black,Injected,High Bridge Fit,OK9102-99,https://cdn.shopify.com/s/files/1/1056/5215/8545/files/0OO9102__910299_000A.jpg?v=1785244015
oakley-oo9102-99,,,,,,,,,,,,,,,,,,,,,,,,,,,,,,,,https://cdn.shopify.com/s/files/1/1056/5215/8545/files/0OO9102__910299_030A.jpg?v=1785244018
oakley-oo9102-a1,"Oakley HOLBROOK — Performance Lifestyle, Plastic Matte GryInk","Frame: Plastic Matte GryInk. Lens: SapphireIrr,Sz55. Man / Square shape. Fit: Bridge: 18mm, Lens width: 57mm, Lens height: 43mm, Temple: 137mm. Authentic, sold by an authorized retailer.",Oakley,Sunglasses,"Oakley, HOLBROOK, Square",TRUE,Title,Default Title,,,,,OO9102-A1,2462000,,,shopify,Man,Square,FALSE,O_matter,Polycarbonate,18,57,43,137,+ Red Iridium,Matte Black,Injected,High Bridge Fit,OK9102-A1,https://cdn.shopify.com/s/files/1/1056/5215/8545/files/0OO9102__9102A1_000A.jpg?v=1785244021
oakley-oo9102-a1,,,,,,,,,,,,,,,,,,,,,,,,,,,,,,,,https://cdn.shopify.com/s/files/1/1056/5215/8545/files/0OO9102__9102A1_030A.jpg?v=1785244025
oakley-oo9112-02,Oakley FLAK JACKET  — White,"Frame: White. Lens: Prizm Road63. Authentic, sold by an authorized retailer.",Oakley,Sunglasses,"Oakley, FLAK JACKET ",TRUE,Title,Default Title,,,,,OO9112-02,2199000,,,shopify,,,FALSE,,,,,,,,,,,OK9112-02,https://cdn.shopify.com/s/files/1/1056/5215/8545/files/0OO9112__911202_000A.jpg?v=1785244028
oakley-oo9112-02,,,,,,,,,,,,,,,,,,,,,,,,,,,,,,,,https://cdn.shopify.com/s/files/1/1056/5215/8545/files/0OO9112__911202_030A.jpg?v=1785244031
oakley-oo9112-03,Oakley FLAK JACKET  — Black,"Frame: Black. Lens: Prizm trail,63. Authentic, sold by an authorized retailer.",Oakley,Sunglasses,"Oakley, FLAK JACKET ",TRUE,Title,Default Title,,,,,OO9112-03,2199000,,,shopify,,,FALSE,,,,,,,,,,,OK9112-03,https://cdn.shopify.com/s/files/1/1056/5215/8545/files/0OO9112__911203_000A.jpg?v=1785244034
oakley-oo9112-03,,,,,,,,,,,,,,,,,,,,,,,,,,,,,,,,https://cdn.shopify.com/s/files/1/1056/5215/8545/files/0OO9112__911203_030A.jpg?v=1785244037
oakley-oo9127-02,Oakley PIT BULL — Crystalblk,"Frame: Crystalblk. Lens: blk irr. Authentic, sold by an authorized retailer.",Oakley,Sunglasses,"Oakley, PIT BULL",TRUE,Title,Default Title,,,,,OO9127-02,1740000,,,shopify,,,FALSE,,,,,,,,,,,OK9127-02,https://cdn.shopify.com/s/files/1/1056/5215/8545/files/0OO9127__912702_000A.jpg?v=1785244040
oakley-oo9127-02,,,,,,,,,,,,,,,,,,,,,,,,,,,,,,,,https://cdn.shopify.com/s/files/1/1056/5215/8545/files/0OO9127__912702_030A.jpg?v=1785244043
oakley-oo9127-06,Oakley PIT BULL — Black,"Frame: Black. Lens: Polarized  blk irr. Authentic, sold by an authorized retailer.",Oakley,Sunglasses,"Oakley, PIT BULL",TRUE,Title,Default Title,,,,,OO9127-06,2540000,,,shopify,,,FALSE,,,,,,,,,,,OK9127-06,https://cdn.shopify.com/s/files/1/1056/5215/8545/files/0OO9127__912706_000A.jpg?v=1785244046
oakley-oo9127-06,,,,,,,,,,,,,,,,,,,,,,,,,,,,,,,,https://cdn.shopify.com/s/files/1/1056/5215/8545/files/0OO9127__912706_030A.jpg?v=1785244049
oakley-oo9129-0463,Oakley CABLES — BlkCamo,"Frame: BlkCamo. Lens: PrzmRuby. Authentic, sold by an authorized retailer.",Oakley,Sunglasses,"Oakley, CABLES",TRUE,Title,Default Title,,,,,OO9129-0463,2360000,2950000,,shopify,,,FALSE,,,,,,,,,,,OK9129-0463,https://cdn.shopify.com/s/files/1/1056/5215/8545/files/0OO9129__912904__P21__noshad__fr.jpg?v=1785244052
oakley-oo9129-0463,,,,,,,,,,,,,,,,,,,,,,,,,,,,,,,,https://cdn.shopify.com/s/files/1/1056/5215/8545/files/0OO9129__912904__P21__noshad__qt.jpg?v=1785244055
oakley-oo9129-0563,Oakley CABLES — PolishClear,"Frame: PolishClear. Lens: PrzmSappPol.. Authentic, sold by an authorized retailer.",Oakley,Sunglasses,"Oakley, CABLES",TRUE,Title,Default Title,,,,,OO9129-0563,3264000,4080000,,shopify,,,FALSE,,,,,,,,,,,OK9129-0563,https://cdn.shopify.com/s/files/1/1056/5215/8545/files/0OO9129__912905__P21__noshad__fr.jpg?v=1785244058
oakley-oo9129-0563,,,,,,,,,,,,,,,,,,,,,,,,,,,,,,,,https://cdn.shopify.com/s/files/1/1056/5215/8545/files/0OO9129__912905__P21__noshad__qt.jpg?v=1785244061
oakley-oo9129-0663,Oakley CABLES — Woodgrain,"Frame: Woodgrain. Lens: PrzmDeepWaterPol.. Authentic, sold by an authorized retailer.",Oakley,Sunglasses,"Oakley, CABLES",TRUE,Title,Default Title,,,,,OO9129-0663,3264000,4080000,,shopify,,,FALSE,,,,,,,,,,,OK9129-0663,https://cdn.shopify.com/s/files/1/1056/5215/8545/files/0OO9129__912906__P21__noshad__fr.jpg?v=1785244064
oakley-oo9129-0663,,,,,,,,,,,,,,,,,,,,,,,,,,,,,,,,https://cdn.shopify.com/s/files/1/1056/5215/8545/files/0OO9129__912906__P21__noshad__qt.jpg?v=1785244067
oakley-oo9129-0763,Oakley CABLES — BrwTortoise,"Frame: BrwTortoise. Lens: PrzmTungstenPol.. Authentic, sold by an authorized retailer.",Oakley,Sunglasses,"Oakley, CABLES",TRUE,Title,Default Title,,,,,OO9129-0763,3264000,4080000,,shopify,,,FALSE,,,,,,,,,,,OK9129-0763,https://cdn.shopify.com/s/files/1/1056/5215/8545/files/0OO9129__912907__P21__noshad__fr.jpg?v=1785244070
oakley-oo9129-0763,,,,,,,,,,,,,,,,,,,,,,,,,,,,,,,,https://cdn.shopify.com/s/files/1/1056/5215/8545/files/0OO9129__912907__P21__noshad__qt.jpg?v=1785244073
oakley-oo9135-01,Oakley JUPITER SQ. — PolishBlack,"Frame: PolishBlack. Lens: WramGrey. Authentic, sold by an authorized retailer.",Oakley,Sunglasses,"Oakley, JUPITER SQ.",TRUE,Title,Default Title,,,,,OO9135-01,1549000,,,shopify,,,FALSE,,,,,,,,,,,OK9135-01,https://cdn.shopify.com/s/files/1/1056/5215/8545/files/0OO9135__913501_000A.jpg?v=1785244076
oakley-oo9135-01,,,,,,,,,,,,,,,,,,,,,,,,,,,,,,,,https://cdn.shopify.com/s/files/1/1056/5215/8545/files/0OO9135__913501_030A.jpg?v=1785244079
oakley-oo9147-0563,Oakley CASTEL — Matte GrySmoke,"Frame: Matte GrySmoke. Lens: PrzmRuby. Authentic, sold by an authorized retailer.",Oakley,Sunglasses,"Oakley, CASTEL",TRUE,Title,Default Title,,,,,OO9147-0563,2720000,3400000,,shopify,,,FALSE,,,,,,,,,,,OK9147-0563,https://cdn.shopify.com/s/files/1/1056/5215/8545/files/0OO9147__914705__P21__noshad__fr.jpg?v=1785244082
oakley-oo9147-0563,,,,,,,,,,,,,,,,,,,,,,,,,,,,,,,,https://cdn.shopify.com/s/files/1/1056/5215/8545/files/0OO9147__914705__P21__noshad__qt.jpg?v=1785244086
oakley-oo9147-0863,Oakley CASTEL — Matte Black,"Frame: Matte Black. Lens: PrzmDarkGolf. Authentic, sold by an authorized retailer.",Oakley,Sunglasses,"Oakley, CASTEL",TRUE,Title,Default Title,,,,,OO9147-0863,2720000,3400000,,shopify,,,FALSE,,,,,,,,,,,OK9147-0863,https://cdn.shopify.com/s/files/1/1056/5215/8545/files/0OO9147__914708__P21__noshad__fr.jpg?v=1785244088
oakley-oo9147-0863,,,,,,,,,,,,,,,,,,,,,,,,,,,,,,,,https://cdn.shopify.com/s/files/1/1056/5215/8545/files/0OO9147__914708__P21__noshad__qt.jpg?v=1785244091
oakley-oo9153-01,Oakley HALF JACKET 2.0 — (sp-b)-*( A )Black,"Frame: (sp-b)-*( A )Black. Lens: BlkIrr, 10. Authentic, sold by an authorized retailer.",Oakley,Sunglasses,"Oakley, HALF JACKET 2.0",TRUE,Title,Default Title,,,,,OO9153-01,2290000,,,shopify,,,FALSE,,,,,,,,,,,OK9153-01,https://cdn.shopify.com/s/files/1/1056/5215/8545/files/0OO9153__915301__STD__noshad__fr.jpg?v=1785244095
oakley-oo9153-01,,,,,,,,,,,,,,,,,,,,,,,,,,,,,,,,https://cdn.shopify.com/s/files/1/1056/5215/8545/files/0OO9153__915301__STD__noshad__qt.jpg?v=1785244098
oakley-oo9154-01,"Oakley HALF JACKET 2.0 XL — Sport Performance, (sp-b)-*PolishBlack","Frame: (sp-b)-*PolishBlack. Lens: Blr Irr, 10. Unisex / Rectangle shape. Fit: Bridge: 15mm, Lens width: 62mm, Lens height: 39mm, Temple: 133mm. Authentic, sold by an authorized retailer.",Oakley,Sunglasses,"Oakley, HALF JACKET 2.0 XL, Rectangle",TRUE,Title,Default Title,,,,,OO9154-01,2290000,,,shopify,Unisex,Rectangle,FALSE,O_matter,Polycarbonate,15,62,39,133,Black Iridium,Polished Black,Injected,High Bridge Fit,OK9154-01,https://cdn.shopify.com/s/files/1/1056/5215/8545/files/0OO9154__915401__STD__noshad__fr.jpg?v=1785244101
oakley-oo9154-01,,,,,,,,,,,,,,,,,,,,,,,,,,,,,,,,https://cdn.shopify.com/s/files/1/1056/5215/8545/files/0OO9154__915401__STD__noshad__qt.jpg?v=1785244103
oakley-oo9164-05,Oakley BOTTLE ROCKET — Brn smoke,"Frame: Brn smoke. Lens: Polarized brn. Authentic, sold by an authorized retailer.",Oakley,Sunglasses,"Oakley, BOTTLE ROCKET",TRUE,Title,Default Title,,,,,OO9164-05,2149000,,,shopify,,,FALSE,,,,,,,,,,,OK9164-05,https://cdn.shopify.com/s/files/1/1056/5215/8545/files/0OO9164__916405_000A.jpg?v=1785244107
oakley-oo9164-05,,,,,,,,,,,,,,,,,,,,,,,,,,,,,,,,https://cdn.shopify.com/s/files/1/1056/5215/8545/files/0OO9164__916405_030A.jpg?v=1785244110
oakley-oo9175-04,Oakley GARAGE ROCK — *Plsh Black,"Frame: *Plsh Black. Lens: Green 10. Authentic, sold by an authorized retailer.",Oakley,Sunglasses,"Oakley, GARAGE ROCK",TRUE,Title,Default Title,,,,,OO9175-04,1400000,2199000,,shopify,,,FALSE,,,,,,,,,,,OK9175-04,https://cdn.shopify.com/s/files/1/1056/5215/8545/files/0OO9175__917504_000A.jpg?v=1785244113
oakley-oo9175-04,,,,,,,,,,,,,,,,,,,,,,,,,,,,,,,,https://cdn.shopify.com/s/files/1/1056/5215/8545/files/0OO9175__917504_030A.jpg?v=1785244116
oakley-oo9175-29,Oakley GARAGE ROCK — *VR-46.Black,"Frame: *VR-46.Black. Lens: Grey,10. Authentic, sold by an authorized retailer.",Oakley,Sunglasses,"Oakley, GARAGE ROCK",TRUE,Title,Default Title,,,,,OO9175-29,2159000,2399000,,shopify,,,FALSE,,,,,,,,,,,OK9175-29,https://cdn.shopify.com/s/files/1/1056/5215/8545/files/0OO9175__917529_000A.jpg?v=1785244119
oakley-oo9175-29,,,,,,,,,,,,,,,,,,,,,,,,,,,,,,,,https://cdn.shopify.com/s/files/1/1056/5215/8545/files/0OO9175__917529_030A.jpg?v=1785244122
oakley-oo9175-34,Oakley GARAGE ROCK — *Ferrari-Black,"Frame: *Ferrari-Black. Lens: WarmGrey, 10. Authentic, sold by an authorized retailer.",Oakley,Sunglasses,"Oakley, GARAGE ROCK",TRUE,Title,Default Title,,,,,OO9175-34,1400000,2799000,,shopify,,,FALSE,,,,,,,,,,,OK9175-34 | OKN9175-34,https://cdn.shopify.com/s/files/1/1056/5215/8545/files/0OO9175__917534_000A.jpg?v=1785244125
oakley-oo9175-34,,,,,,,,,,,,,,,,,,,,,,,,,,,,,,,,https://cdn.shopify.com/s/files/1/1056/5215/8545/files/0OO9175__917534_030A.jpg?v=1785244128
oakley-oo9189-08,"Oakley TWOFACE  — Performance Lifestyle, Matt blk","Frame: Matt blk. Lens: violet irr. Man / Rectangle shape. Fit: Bridge: 16mm, Lens width: 61mm, Lens height: 41mm, Temple: 137mm. Authentic, sold by an authorized retailer.",Oakley,Sunglasses,"Oakley, TWOFACE , Rectangle",TRUE,Title,Default Title,,,,,OO9189-08,2890000,,,shopify,Man,Rectangle,TRUE,O_matter,Polycarbonate,16,61,41,137,Prizm Sapphire Polarized,Matte Black,Injected,High Bridge Fit,OK9189-08,https://cdn.shopify.com/s/files/1/1056/5215/8545/files/0OO9189__918908__STD__noshad__fr.jpg?v=1785244131
oakley-oo9189-08,,,,,,,,,,,,,,,,,,,,,,,,,,,,,,,,https://cdn.shopify.com/s/files/1/1056/5215/8545/files/0OO9189__918908__STD__noshad__qt.jpg?v=1785244135
oakley-oo9191-1565,"Oakley UNSTOPPABLE — Sport Performance, sp5s-BlkW","Frame: sp5s-BlkW. Lens: PrzmGolfBrown. Woman / Rectangle shape. Fit: Bridge: 9mm, Lens width: 65mm, Lens height: 42mm, Temple: 130mm. Authentic, sold by an authorized retailer.",Oakley,Sunglasses,"Oakley, UNSTOPPABLE, Rectangle",TRUE,Title,Default Title,,,,,OO9191-1565,1950000,2890000,,shopify,Woman,Rectangle,TRUE,O_matter,Polycarbonate,9,65,42,130,Brown Gradient Polarized,Raspberry Spritzer,Nylon,High Bridge Fit,OK9191-1565,https://cdn.shopify.com/s/files/1/1056/5215/8545/files/0OO9191__919115_000A.jpg?v=1785244138
oakley-oo9191-1565,,,,,,,,,,,,,,,,,,,,,,,,,,,,,,,,https://cdn.shopify.com/s/files/1/1056/5215/8545/files/0OO9191__919115_030A.jpg?v=1785244141
oakley-oo9200-1861,"Oakley QUARTER JACKET — Sport Performance, sp5s-Youth-Black","Frame: sp5s-Youth-Black. Lens: PrzmRoad. Man / Rectangle shape. Fit: Bridge: 11mm, Lens width: 61mm, Lens height: 36mm, Temple: 122mm. Authentic, sold by an authorized retailer.",Oakley,Sunglasses,"Oakley, QUARTER JACKET, Rectangle",TRUE,Title,Default Title,,,,,OO9200-1861,1700000,2090000,,shopify,Man,Rectangle,FALSE,O_matter,Polycarbonate,11,61,36,122,Grey,Matte Black,Injected,High Bridge Fit,OK9200-1861,https://cdn.shopify.com/s/files/1/1056/5215/8545/files/0OO9200__920018_000A.jpg?v=1785244144
oakley-oo9200-1861,,,,,,,,,,,,,,,,,,,,,,,,,,,,,,,,https://cdn.shopify.com/s/files/1/1056/5215/8545/files/0OO9200__920018_030A.jpg?v=1785244147
oakley-oo9206-28,"Oakley RADARLOCK PATCH — Sport Performance, (sp-pz)-Black","Frame: (sp-pz)-Black. Lens: PrizmTrail. Unisex / Shield shape. Fit: Bridge: 138mm, Lens width: 56mm, Lens height: 32mm, Temple: 131mm. Authentic, sold by an authorized retailer.",Oakley,Sunglasses,"Oakley, RADARLOCK PATCH, Shield",TRUE,Title,Default Title,,,,,OO9206-28,2400000,3199000,,shopify,Unisex,Shield,FALSE,O_matter,Polycarbonate,138,56,32,131,Prizm Golf,Polished Black,,Low Bridge Fit,OK9206-28,https://cdn.shopify.com/s/files/1/1056/5215/8545/files/0OO9206__920628_000A.jpg?v=1785244150
oakley-oo9206-28,,,,,,,,,,,,,,,,,,,,,,,,,,,,,,,,https://cdn.shopify.com/s/files/1/1056/5215/8545/files/0OO9206__920628_030A.jpg?v=1785244153
oakley-oo9206-3538,"Oakley RADARLOCK PATCH — Sport Performance, (sp-b)-sp5s-(A)UrbanJungleRed","Frame: (sp-b)-sp5s-(A)UrbanJungleRed. Lens: RedIrr. Unisex / Shield shape. Fit: Bridge: 138mm, Lens width: 56mm, Lens height: 32mm, Temple: 131mm. Authentic, sold by an authorized retailer.",Oakley,Sunglasses,"Oakley, RADARLOCK PATCH, Shield",TRUE,Title,Default Title,,,,,OO9206-3538,2400000,3490000,,shopify,Unisex,Shield,FALSE,O_matter,Polycarbonate,138,56,32,131,Prizm Golf,Polished Black,,Low Bridge Fit,OK9206-3538,https://cdn.shopify.com/s/files/1/1056/5215/8545/files/0OO9206__920635_000A.jpg?v=1785244156
oakley-oo9206-3538,,,,,,,,,,,,,,,,,,,,,,,,,,,,,,,,https://cdn.shopify.com/s/files/1/1056/5215/8545/files/0OO9206__920635_030A.jpg?v=1785244159
oakley-oo9206-3838,"Oakley RADARLOCK PATCH — Sport Performance, (sp-pz)-sp5s-(A)GrnFdW","Frame: (sp-pz)-sp5s-(A)GrnFdW. Lens: PrzmRoad. Unisex / Shield shape. Fit: Bridge: 138mm, Lens width: 56mm, Lens height: 32mm, Temple: 131mm. Authentic, sold by an authorized retailer.",Oakley,Sunglasses,"Oakley, RADARLOCK PATCH, Shield",TRUE,Title,Default Title,,,,,OO9206-3838,2400000,3690000,,shopify,Unisex,Shield,FALSE,O_matter,Polycarbonate,138,56,32,131,Prizm Golf,Polished Black,,Low Bridge Fit,OK9206-3838,https://cdn.shopify.com/s/files/1/1056/5215/8545/files/0OO9206__920638_000A.jpg?v=1785244162
oakley-oo9206-3838,,,,,,,,,,,,,,,,,,,,,,,,,,,,,,,,https://cdn.shopify.com/s/files/1/1056/5215/8545/files/0OO9206__920638_030A.jpg?v=1785244165
oakley-oo9206-4038,"Oakley RADARLOCK PATCH — Sport Performance, (sp-pz)-sp5s-(A)SkyW","Frame: (sp-pz)-sp5s-(A)SkyW. Lens: PrzmRoad. Unisex / Shield shape. Fit: Bridge: 138mm, Lens width: 56mm, Lens height: 32mm, Temple: 131mm. Authentic, sold by an authorized retailer.",Oakley,Sunglasses,"Oakley, RADARLOCK PATCH, Shield",TRUE,Title,Default Title,,,,,OO9206-4038,2400000,3690000,,shopify,Unisex,Shield,FALSE,O_matter,Polycarbonate,138,56,32,131,Prizm Golf,Polished Black,,Low Bridge Fit,OK9206-4038,https://cdn.shopify.com/s/files/1/1056/5215/8545/files/0OO9206__920640_000A.jpg?v=1785244168
oakley-oo9206-4038,,,,,,,,,,,,,,,,,,,,,,,,,,,,,,,,https://cdn.shopify.com/s/files/1/1056/5215/8545/files/0OO9206__920640_030A.jpg?v=1785244171
oakley-oo9208-f838,"Oakley RADAR EV PATCH — Sport Performance, Matte GryInk","Frame: Matte GryInk. Lens: PrizmTrailTorch. Man / Rectangle shape. Fit: Bridge: 138mm, Lens width: 38mm, Lens height: 51mm, Temple: 128mm. Authentic, sold by an authorized retailer.",Oakley,Sunglasses,"Oakley, RADAR EV PATCH, Rectangle",TRUE,Title,Default Title,,,,,OO9208-F838,3728000,4660000,,shopify,Man,Rectangle,FALSE,O_matter,Polycarbonate,138,38,51,128,Prizm Road,Polished White,Injected,High Bridge Fit,OK9208-F838,https://cdn.shopify.com/s/files/1/1056/5215/8545/files/0OO9208__9208F8__P21__noshad__fr.jpg?v=1783995813
oakley-oo9208-f838,,,,,,,,,,,,,,,,,,,,,,,,,,,,,,,,https://cdn.shopify.com/s/files/1/1056/5215/8545/files/0OO9208__9208F8__P21__noshad__qt.jpg?v=1783995817
oakley-oo9227-0173,Oakley KAAST — Matte Black,"Frame: Matte Black. Lens: PrzmBlack. Authentic, sold by an authorized retailer.",Oakley,Sunglasses,"Oakley, KAAST",TRUE,Title,Default Title,,,,,OO9227-0173,4264000,5330000,,shopify,,,FALSE,,,,,,,,,,,OK9227-0173,https://cdn.shopify.com/s/files/1/1056/5215/8545/files/0OO9227__922701__P21__noshad__fr.jpg?v=1785244174
oakley-oo9227-0173,,,,,,,,,,,,,,,,,,,,,,,,,,,,,,,,https://cdn.shopify.com/s/files/1/1056/5215/8545/files/0OO9227__922701__P21__noshad__qt.jpg?v=1785244178
oakley-oo9227-0373,Oakley KAAST — Matte GrySmoke,"Frame: Matte GrySmoke. Lens: PrzmRuby. Authentic, sold by an authorized retailer.",Oakley,Sunglasses,"Oakley, KAAST",TRUE,Title,Default Title,,,,,OO9227-0373,4264000,5330000,,shopify,,,FALSE,,,,,,,,,,,OK9227-0373,https://cdn.shopify.com/s/files/1/1056/5215/8545/files/0OO9227__922703__P21__noshad__fr.jpg?v=1785244181
oakley-oo9227-0373,,,,,,,,,,,,,,,,,,,,,,,,,,,,,,,,https://cdn.shopify.com/s/files/1/1056/5215/8545/files/0OO9227__922703__P21__noshad__qt.jpg?v=1785244185
oakley-oo9229-0237,"Oakley HYDRA — Performance Lifestyle, Rootbeer","Frame: Rootbeer. Lens: PrzmTungsten. Man / Shield shape. Fit: Bridge: 137mm, Lens width: 37mm, Lens height: 53mm, Temple: 140mm. Authentic, sold by an authorized retailer.",Oakley,Sunglasses,"Oakley, HYDRA, Shield",TRUE,Title,Default Title,,,,,OO9229-0237,3352000,4190000,,shopify,Man,Shield,FALSE,O_matter,Polycarbonate,137,37,53,140,Prizm Black,Black Ink,Injected,High Bridge Fit,OK9229-0237,https://cdn.shopify.com/s/files/1/1056/5215/8545/files/0OO9229__922902__P21__noshad__fr.jpg?v=1785244188
oakley-oo9229-0237,,,,,,,,,,,,,,,,,,,,,,,,,,,,,,,,https://cdn.shopify.com/s/files/1/1056/5215/8545/files/0OO9229__922902__P21__noshad__qt.jpg?v=1785244191
oakley-oo9229-0337,"Oakley HYDRA — Performance Lifestyle, TransparentArticSurf","Frame: TransparentArticSurf. Lens: PrizmSapp. Man / Shield shape. Fit: Bridge: 137mm, Lens width: 37mm, Lens height: 53mm, Temple: 140mm. Authentic, sold by an authorized retailer.",Oakley,Sunglasses,"Oakley, HYDRA, Shield",TRUE,Title,Default Title,,,,,OO9229-0337,3352000,4190000,,shopify,Man,Shield,FALSE,O_matter,Polycarbonate,137,37,53,140,Prizm Black,Black Ink,Injected,High Bridge Fit,OK9229-0337,https://cdn.shopify.com/s/files/1/1056/5215/8545/files/0OO9229__922903__P21__noshad__fr.jpg?v=1785244194
oakley-oo9229-0337,,,,,,,,,,,,,,,,,,,,,,,,,,,,,,,,https://cdn.shopify.com/s/files/1/1056/5215/8545/files/0OO9229__922903__P21__noshad__qt.jpg?v=1785244197
oakley-oo9229-0437,"Oakley HYDRA — Performance Lifestyle, CrystalBlack","Frame: CrystalBlack. Lens: PrizmViolet. Man / Shield shape. Fit: Bridge: 137mm, Lens width: 37mm, Lens height: 53mm, Temple: 140mm. Authentic, sold by an authorized retailer.",Oakley,Sunglasses,"Oakley, HYDRA, Shield",TRUE,Title,Default Title,,,,,OO9229-0437,3352000,4190000,,shopify,Man,Shield,FALSE,O_matter,Polycarbonate,137,37,53,140,Prizm Black,Black Ink,Injected,High Bridge Fit,OK9229-0437,https://cdn.shopify.com/s/files/1/1056/5215/8545/files/0OO9229__922904__P21__noshad__fr.jpg?v=1785244200
oakley-oo9229-0437,,,,,,,,,,,,,,,,,,,,,,,,,,,,,,,,https://cdn.shopify.com/s/files/1/1056/5215/8545/files/0OO9229__922904__P21__noshad__qt.jpg?v=1785244203
oakley-oo9229-0637,"Oakley HYDRA — Performance Lifestyle, NeonOrg","Frame: NeonOrg. Lens: PrzmSapphire(Blue). Man / Shield shape. Fit: Bridge: 137mm, Lens width: 37mm, Lens height: 53mm, Temple: 140mm. Authentic, sold by an authorized retailer.",Oakley,Sunglasses,"Oakley, HYDRA, Shield",TRUE,Title,Default Title,,,,,OO9229-0637,3352000,4190000,,shopify,Man,Shield,FALSE,O_matter,Polycarbonate,137,37,53,140,Prizm Black,Black Ink,Injected,High Bridge Fit,OK9229-0637,https://cdn.shopify.com/s/files/1/1056/5215/8545/files/0OO9229__922906__P21__noshad__fr.jpg?v=1785244206
oakley-oo9229-0637,,,,,,,,,,,,,,,,,,,,,,,,,,,,,,,,https://cdn.shopify.com/s/files/1/1056/5215/8545/files/0OO9229__922906__P21__noshad__qt.jpg?v=1785244209
oakley-oo9229-0737,"Oakley HYDRA — Performance Lifestyle, Translucent Blue","Frame: Translucent Blue. Lens: PrzmJade. Man / Shield shape. Fit: Bridge: 137mm, Lens width: 37mm, Lens height: 53mm, Temple: 140mm. Authentic, sold by an authorized retailer.",Oakley,Sunglasses,"Oakley, HYDRA, Shield",TRUE,Title,Default Title,,,,,OO9229-0737,3352000,4190000,,shopify,Man,Shield,FALSE,O_matter,Polycarbonate,137,37,53,140,Prizm Black,Black Ink,Injected,High Bridge Fit,OK9229-0737,https://cdn.shopify.com/s/files/1/1056/5215/8545/files/0OO9229__922907__P21__noshad__fr.jpg?v=1785244213
oakley-oo9229-0737,,,,,,,,,,,,,,,,,,,,,,,,,,,,,,,,https://cdn.shopify.com/s/files/1/1056/5215/8545/files/0OO9229__922907__P21__noshad__qt.jpg?v=1785244216
oakley-oo9229-1337,"Oakley HYDRA — Performance Lifestyle, OliveInk","Frame: OliveInk. Lens: PrzmTungsten. Man / Shield shape. Fit: Bridge: 137mm, Lens width: 37mm, Lens height: 53mm, Temple: 140mm. Authentic, sold by an authorized retailer.",Oakley,Sunglasses,"Oakley, HYDRA, Shield",TRUE,Title,Default Title,,,,,OO9229-1337,3352000,4190000,,shopify,Man,Shield,FALSE,O_matter,Polycarbonate,137,37,53,140,Prizm Black,Black Ink,Injected,High Bridge Fit,OK9229-1337,https://cdn.shopify.com/s/files/1/1056/5215/8545/files/0OO9229__922913__P21__noshad__fr.jpg?v=1785244219
oakley-oo9229-1337,,,,,,,,,,,,,,,,,,,,,,,,,,,,,,,,https://cdn.shopify.com/s/files/1/1056/5215/8545/files/0OO9229__922913__P21__noshad__qt.jpg?v=1785244222
oakley-oo9229-1437,"Oakley HYDRA — Performance Lifestyle, Sepia","Frame: Sepia. Lens: PrzmGrey. Man / Shield shape. Fit: Bridge: 137mm, Lens width: 37mm, Lens height: 53mm, Temple: 140mm. Authentic, sold by an authorized retailer.",Oakley,Sunglasses,"Oakley, HYDRA, Shield",TRUE,Title,Default Title,,,,,OO9229-1437,2696000,3370000,,shopify,Man,Shield,FALSE,O_matter,Polycarbonate,137,37,53,140,Prizm Black,Black Ink,Injected,High Bridge Fit,OK9229-1437,https://cdn.shopify.com/s/files/1/1056/5215/8545/files/0OO9229__922914__P21__noshad__fr.jpg?v=1785244225
oakley-oo9229-1437,,,,,,,,,,,,,,,,,,,,,,,,,,,,,,,,https://cdn.shopify.com/s/files/1/1056/5215/8545/files/0OO9229__922914__P21__noshad__qt.jpg?v=1785244228
oakley-oo9229-1537,"Oakley HYDRA — Performance Lifestyle, BlkInk","Frame: BlkInk. Lens: PrzmJade. Man / Shield shape. Fit: Bridge: 137mm, Lens width: 37mm, Lens height: 53mm, Temple: 140mm. Authentic, sold by an authorized retailer.",Oakley,Sunglasses,"Oakley, HYDRA, Shield",TRUE,Title,Default Title,,,,,OO9229-1537,3352000,4190000,,shopify,Man,Shield,FALSE,O_matter,Polycarbonate,137,37,53,140,Prizm Black,Black Ink,Injected,High Bridge Fit,OK9229-1537,https://cdn.shopify.com/s/files/1/1056/5215/8545/files/0OO9229__922915__P21__noshad__fr.jpg?v=1785244231
oakley-oo9229-1537,,,,,,,,,,,,,,,,,,,,,,,,,,,,,,,,https://cdn.shopify.com/s/files/1/1056/5215/8545/files/0OO9229__922915__P21__noshad__qt.jpg?v=1785244235
oakley-oo9229-1637,"Oakley HYDRA — Performance Lifestyle, OliveInk","Frame: OliveInk. Lens: PrizmTrailTorch. Man / Shield shape. Fit: Bridge: 137mm, Lens width: 37mm, Lens height: 53mm, Temple: 140mm. Authentic, sold by an authorized retailer.",Oakley,Sunglasses,"Oakley, HYDRA, Shield",TRUE,Title,Default Title,,,,,OO9229-1637,3352000,4190000,,shopify,Man,Shield,FALSE,O_matter,Polycarbonate,137,37,53,140,Prizm Black,Black Ink,Injected,High Bridge Fit,OK9229-1637,https://cdn.shopify.com/s/files/1/1056/5215/8545/files/0OO9229__922916__P21__noshad__fr.jpg?v=1785244238
oakley-oo9229-1637,,,,,,,,,,,,,,,,,,,,,,,,,,,,,,,,https://cdn.shopify.com/s/files/1/1056/5215/8545/files/0OO9229__922916__P21__noshad__qt.jpg?v=1785244241
oakley-oo9229-1837,"Oakley HYDRA — Performance Lifestyle, Fortnite-Matte Cyan","Frame: Fortnite-Matte Cyan. Lens: Blue. Man / Shield shape. Fit: Bridge: 137mm, Lens width: 37mm, Lens height: 53mm, Temple: 140mm. Authentic, sold by an authorized retailer.",Oakley,Sunglasses,"Oakley, HYDRA, Shield",TRUE,Title,Default Title,,,,,OO9229-1837,3744000,4680000,,shopify,Man,Shield,FALSE,O_matter,Polycarbonate,137,37,53,140,Prizm Black,Black Ink,Injected,High Bridge Fit,OK9229-1837,https://cdn.shopify.com/s/files/1/1056/5215/8545/files/0OO9229__922918__P21__noshad__fr.jpg?v=1785244244
oakley-oo9229-1837,,,,,,,,,,,,,,,,,,,,,,,,,,,,,,,,https://cdn.shopify.com/s/files/1/1056/5215/8545/files/0OO9229__922918__P21__noshad__qt.jpg?v=1785244247
oakley-oo9231-0661,"Oakley Heliostat — Performance Lifestyle, PolishedBlack","Frame: PolishedBlack. Lens: PrizmRuby. Man / Rectangle shape. Fit: Bridge: 16mm, Lens width: 61mm, Lens height: 39mm, Temple: 129mm. Authentic, sold by an authorized retailer.",Oakley,Sunglasses,"Oakley, Heliostat, Rectangle",TRUE,Title,Default Title,,,,,OO9231-0661,2456000,3070000,,shopify,Man,Rectangle,FALSE,O_matter,Polycarbonate,16,61,39,129,Prizm Grey,Matte Black,Injected,High Bridge Fit,OK9231-0661,https://cdn.shopify.com/s/files/1/1056/5215/8545/files/0OO9231__923106__P21__noshad__fr.jpg?v=1783995827
oakley-oo9231-0661,,,,,,,,,,,,,,,,,,,,,,,,,,,,,,,,https://cdn.shopify.com/s/files/1/1056/5215/8545/files/0OO9231__923106__P21__noshad__qt.jpg?v=1783995831
oakley-oo9231-0761,"Oakley Heliostat — Performance Lifestyle, Clear","Frame: Clear. Lens: PrizmSappPol.. Man / Rectangle shape. Fit: Bridge: 16mm, Lens width: 61mm, Lens height: 39mm, Temple: 129mm. Authentic, sold by an authorized retailer.",Oakley,Sunglasses,"Oakley, Heliostat, Rectangle",TRUE,Title,Default Title,,,,,OO9231-0761,3328000,4160000,,shopify,Man,Rectangle,FALSE,O_matter,Polycarbonate,16,61,39,129,Prizm Grey,Matte Black,Injected,High Bridge Fit,OK9231-0761,https://cdn.shopify.com/s/files/1/1056/5215/8545/files/0OO9231__923107__P21__noshad__fr.jpg?v=1785244252
oakley-oo9231-0761,,,,,,,,,,,,,,,,,,,,,,,,,,,,,,,,https://cdn.shopify.com/s/files/1/1056/5215/8545/files/0OO9231__923107__P21__noshad__qt.jpg?v=1785244255
oakley-oo9235-0239,"Oakley Encoder Strike Vented — Sport Performance, Matte Black","Frame: Matte Black. Lens: PrzmRoad. Man / Shield shape. Fit: Bridge: 139mm, Lens width: 39mm, Lens height: 56mm, Temple: 123mm. Authentic, sold by an authorized retailer.",Oakley,Sunglasses,"Oakley, Encoder Strike Vented, Shield",TRUE,Title,Default Title,,,,,OO9235-0239,4264000,5330000,,shopify,Man,Shield,FALSE,O_matter,Polycarbonate,139,39,56,123,Prizm Road,Matte Black,Injected,Universal Fit,OK9235-0239,https://cdn.shopify.com/s/files/1/1056/5215/8545/files/0OO9235__923502__P21__noshad__fr.jpg?v=1785244258
oakley-oo9235-0239,,,,,,,,,,,,,,,,,,,,,,,,,,,,,,,,https://cdn.shopify.com/s/files/1/1056/5215/8545/files/0OO9235__923502__P21__noshad__qt.jpg?v=1785244261
oakley-oo9235-0339,"Oakley Encoder Strike Vented — Sport Performance, PolishWhite","Frame: PolishWhite. Lens: PrizmField(Purple). Man / Shield shape. Fit: Bridge: 139mm, Lens width: 39mm, Lens height: 56mm, Temple: 123mm. Authentic, sold by an authorized retailer.",Oakley,Sunglasses,"Oakley, Encoder Strike Vented, Shield",TRUE,Title,Default Title,,,,,OO9235-0339,4264000,5330000,,shopify,Man,Shield,FALSE,O_matter,Polycarbonate,139,39,56,123,Prizm Road,Matte Black,Injected,Universal Fit,OK9235-0339,https://cdn.shopify.com/s/files/1/1056/5215/8545/files/0OO9235__923503__P21__noshad__fr.jpg?v=1785244264
oakley-oo9235-0339,,,,,,,,,,,,,,,,,,,,,,,,,,,,,,,,https://cdn.shopify.com/s/files/1/1056/5215/8545/files/0OO9235__923503__P21__noshad__qt.jpg?v=1785244268
oakley-oo9235-0439,"Oakley Encoder Strike Vented — Sport Performance, GammaGreen","Frame: GammaGreen. Lens: PrzmJade. Man / Shield shape. Fit: Bridge: 139mm, Lens width: 39mm, Lens height: 56mm, Temple: 123mm. Authentic, sold by an authorized retailer.",Oakley,Sunglasses,"Oakley, Encoder Strike Vented, Shield",TRUE,Title,Default Title,,,,,OO9235-0439,4264000,5330000,,shopify,Man,Shield,FALSE,O_matter,Polycarbonate,139,39,56,123,Prizm Road,Matte Black,Injected,Universal Fit,OK9235-0439,https://cdn.shopify.com/s/files/1/1056/5215/8545/files/0OO9235__923504__P21__noshad__fr.jpg?v=1785244271
oakley-oo9235-0439,,,,,,,,,,,,,,,,,,,,,,,,,,,,,,,,https://cdn.shopify.com/s/files/1/1056/5215/8545/files/0OO9235__923504__P21__noshad__qt.jpg?v=1785244275
oakley-oo9235-0539,"Oakley Encoder Strike Vented — Sport Performance, Matte Black","Frame: Matte Black. Lens: PrizmSapphire. Man / Shield shape. Fit: Bridge: 139mm, Lens width: 39mm, Lens height: 56mm, Temple: 123mm. Authentic, sold by an authorized retailer.",Oakley,Sunglasses,"Oakley, Encoder Strike Vented, Shield",TRUE,Title,Default Title,,,,,OO9235-0539,4264000,5330000,,shopify,Man,Shield,FALSE,O_matter,Polycarbonate,139,39,56,123,Prizm Road,Matte Black,Injected,Universal Fit,OK9235-0539,https://cdn.shopify.com/s/files/1/1056/5215/8545/files/0OO9235__923505__P21__noshad__fr.jpg?v=1785244278
oakley-oo9235-0539,,,,,,,,,,,,,,,,,,,,,,,,,,,,,,,,https://cdn.shopify.com/s/files/1/1056/5215/8545/files/0OO9235__923505__P21__noshad__qt.jpg?v=1785244281
oakley-oo9235-0739,"Oakley Encoder Strike Vented — Sport Performance, TDF Splater","Frame: TDF Splater. Lens: PrzmRoad(Tour De France). Man / Shield shape. Fit: Bridge: 139mm, Lens width: 39mm, Lens height: 56mm, Temple: 123mm. Authentic, sold by an authorized retailer.",Oakley,Sunglasses,"Oakley, Encoder Strike Vented, Shield",TRUE,Title,Default Title,,,,,OO9235-0739,4624000,5780000,,shopify,Man,Shield,FALSE,O_matter,Polycarbonate,139,39,56,123,Prizm Road,Matte Black,Injected,Universal Fit,OK9235-0739,https://cdn.shopify.com/s/files/1/1056/5215/8545/files/0OO9235__923507__P21__noshad__fr.jpg?v=1785244284
oakley-oo9235-0739,,,,,,,,,,,,,,,,,,,,,,,,,,,,,,,,https://cdn.shopify.com/s/files/1/1056/5215/8545/files/0OO9235__923507__P21__noshad__qt.jpg?v=1785244287
oakley-oo9235-0839,"Oakley Encoder Strike Vented — Sport Performance, Matte Onyx","Frame: Matte Onyx. Lens: PrzmTrailTorch. Man / Shield shape. Fit: Bridge: 139mm, Lens width: 39mm, Lens height: 56mm, Temple: 123mm. Authentic, sold by an authorized retailer.",Oakley,Sunglasses,"Oakley, Encoder Strike Vented, Shield",TRUE,Title,Default Title,,,,,OO9235-0839,4264000,5330000,,shopify,Man,Shield,FALSE,O_matter,Polycarbonate,139,39,56,123,Prizm Road,Matte Black,Injected,Universal Fit,OK9235-0839,https://cdn.shopify.com/s/files/1/1056/5215/8545/files/0OO9235__923508__P21__noshad__fr.jpg?v=1785244290
oakley-oo9235-0839,,,,,,,,,,,,,,,,,,,,,,,,,,,,,,,,https://cdn.shopify.com/s/files/1/1056/5215/8545/files/0OO9235__923508__P21__noshad__qt.jpg?v=1785244294
oakley-oo9235-1439,"Oakley Encoder Strike Vented — Sport Performance, FernSwirl","Frame: FernSwirl. Lens: PrizmRoadBlack. Man / Shield shape. Fit: Bridge: 139mm, Lens width: 39mm, Lens height: 56mm, Temple: 123mm. Authentic, sold by an authorized retailer.",Oakley,Sunglasses,"Oakley, Encoder Strike Vented, Shield",TRUE,Title,Default Title,,,,,OO9235-1439,4264000,5330000,,shopify,Man,Shield,FALSE,O_matter,Polycarbonate,139,39,56,123,Prizm Road,Matte Black,Injected,Universal Fit,OK9235-1439,https://cdn.shopify.com/s/files/1/1056/5215/8545/files/0OO9235__923514__P21__noshad__fr.jpg?v=1785244297
oakley-oo9235-1439,,,,,,,,,,,,,,,,,,,,,,,,,,,,,,,,https://cdn.shopify.com/s/files/1/1056/5215/8545/files/0OO9235__923514__P21__noshad__qt.jpg?v=1785244300
oakley-oo9235-1539,"Oakley Encoder Strike Vented — Sport Performance, Matte CopperPatina","Frame: Matte CopperPatina. Lens: PrizmBlack. Man / Shield shape. Fit: Bridge: 139mm, Lens width: 39mm, Lens height: 56mm, Temple: 123mm. Authentic, sold by an authorized retailer.",Oakley,Sunglasses,"Oakley, Encoder Strike Vented, Shield",TRUE,Title,Default Title,,,,,OO9235-1539,4264000,5330000,,shopify,Man,Shield,FALSE,O_matter,Polycarbonate,139,39,56,123,Prizm Road,Matte Black,Injected,Universal Fit,OK9235-1539,https://cdn.shopify.com/s/files/1/1056/5215/8545/files/0OO9235__923515__P21__noshad__fr.jpg?v=1785244303
oakley-oo9235-1539,,,,,,,,,,,,,,,,,,,,,,,,,,,,,,,,https://cdn.shopify.com/s/files/1/1056/5215/8545/files/0OO9235__923515__P21__noshad__qt.jpg?v=1785244306
oakley-oo9235-2039,"Oakley Encoder Strike Vented — Sport Performance, Matte GryInk","Frame: Matte GryInk. Lens: PrizmRoad. Man / Shield shape. Fit: Bridge: 139mm, Lens width: 39mm, Lens height: 56mm, Temple: 123mm. Authentic, sold by an authorized retailer.",Oakley,Sunglasses,"Oakley, Encoder Strike Vented, Shield",TRUE,Title,Default Title,,,,,OO9235-2039,4456000,5570000,,shopify,Man,Shield,FALSE,O_matter,Polycarbonate,139,39,56,123,Prizm Road,Matte Black,Injected,Universal Fit,OK9235-2039,https://cdn.shopify.com/s/files/1/1056/5215/8545/files/0OO9235__923520__P21__noshad__fr.jpg?v=1783995854
oakley-oo9235-2039,,,,,,,,,,,,,,,,,,,,,,,,,,,,,,,,https://cdn.shopify.com/s/files/1/1056/5215/8545/files/0OO9235__923520__P21__noshad__qt.jpg?v=1783995857
oakley-oo9237-0139,"Oakley BXTR Metal — Performance Lifestyle, NS-Matte Black","Frame: NS-Matte Black. Lens: Prizm24K. Man / Shield shape. Fit: Bridge: 139mm, Lens width: 39mm, Lens height: 55mm, Temple: 133mm. Authentic, sold by an authorized retailer.",Oakley,Sunglasses,"Oakley, BXTR Metal, Shield",TRUE,Title,Default Title,,,,,OO9237-0139,3976000,4970000,,shopify,Man,Shield,FALSE,O_matter,Polycarbonate,139,39,55,133,Prizm 24K,Matte Black,Metal,Universal Fit,OK9237-0139,https://cdn.shopify.com/s/files/1/1056/5215/8545/files/0OO9237__923701__P21__noshad__fr.jpg?v=1785244310
oakley-oo9237-0139,,,,,,,,,,,,,,,,,,,,,,,,,,,,,,,,https://cdn.shopify.com/s/files/1/1056/5215/8545/files/0OO9237__923701__P21__noshad__qt.jpg?v=1785244313
oakley-oo9237-0639,"Oakley BXTR Metal — Performance Lifestyle, Matte TransparentLightCurry","Frame: Matte TransparentLightCurry. Lens: PrizmBrz. Man / Shield shape. Fit: Bridge: 139mm, Lens width: 39mm, Lens height: 55mm, Temple: 133mm. Authentic, sold by an authorized retailer.",Oakley,Sunglasses,"Oakley, BXTR Metal, Shield",TRUE,Title,Default Title,,,,,OO9237-0639,3384000,4230000,,shopify,Man,Shield,FALSE,O_matter,Polycarbonate,139,39,55,133,Prizm 24K,Matte Black,Metal,Universal Fit,OK9237-0639,https://cdn.shopify.com/s/files/1/1056/5215/8545/files/0OO9237__923706__P21__noshad__fr.jpg?v=1785244316
oakley-oo9237-0639,,,,,,,,,,,,,,,,,,,,,,,,,,,,,,,,https://cdn.shopify.com/s/files/1/1056/5215/8545/files/0OO9237__923706__P21__noshad__qt.jpg?v=1785244319
oakley-oo9237-0739,"Oakley BXTR Metal — Performance Lifestyle, PolishedBlack","Frame: PolishedBlack. Lens: PrzmJade. Man / Shield shape. Fit: Bridge: 139mm, Lens width: 39mm, Lens height: 55mm, Temple: 133mm. Authentic, sold by an authorized retailer.",Oakley,Sunglasses,"Oakley, BXTR Metal, Shield",TRUE,Title,Default Title,,,,,OO9237-0739,3976000,4970000,,shopify,Man,Shield,FALSE,O_matter,Polycarbonate,139,39,55,133,Prizm 24K,Matte Black,Metal,Universal Fit,OK9237-0739,https://cdn.shopify.com/s/files/1/1056/5215/8545/files/0OO9237__923707__P21__noshad__fr.jpg?v=1783995867
oakley-oo9237-0739,,,,,,,,,,,,,,,,,,,,,,,,,,,,,,,,https://cdn.shopify.com/s/files/1/1056/5215/8545/files/0OO9237__923707__P21__noshad__qt.jpg?v=1783995870
oakley-oo9237-1039,"Oakley BXTR Metal — Performance Lifestyle, Transparent.Ginger","Frame: Transparent.Ginger. Lens: PrzmBrz. Man / Shield shape. Fit: Bridge: 139mm, Lens width: 39mm, Lens height: 55mm, Temple: 133mm. Authentic, sold by an authorized retailer.",Oakley,Sunglasses,"Oakley, BXTR Metal, Shield",TRUE,Title,Default Title,,,,,OO9237-1039,3384000,4230000,,shopify,Man,Shield,FALSE,O_matter,Polycarbonate,139,39,55,133,Prizm 24K,Matte Black,Metal,Universal Fit,OK9237-1039,https://cdn.shopify.com/s/files/1/1056/5215/8545/files/0OO9237__923710__P21__noshad__fr.jpg?v=1785244323
oakley-oo9237-1039,,,,,,,,,,,,,,,,,,,,,,,,,,,,,,,,https://cdn.shopify.com/s/files/1/1056/5215/8545/files/0OO9237__923710__P21__noshad__qt.jpg?v=1785244326
oakley-oo9237-1239,"Oakley BXTR Metal — Performance Lifestyle, Matte Moss","Frame: Matte Moss. Lens: PrizmGrey+1NoseP. Man / Shield shape. Fit: Bridge: 139mm, Lens width: 39mm, Lens height: 55mm, Temple: 133mm. Authentic, sold by an authorized retailer.",Oakley,Sunglasses,"Oakley, BXTR Metal, Shield",TRUE,Title,Default Title,,,,,OO9237-1239,3784000,4730000,,shopify,Man,Shield,FALSE,O_matter,Polycarbonate,139,39,55,133,Prizm 24K,Matte Black,Metal,Universal Fit,OK9237-1239,https://cdn.shopify.com/s/files/1/1056/5215/8545/files/0OO9237__923712__P21__noshad__fr.jpg?v=1783995873
oakley-oo9237-1239,,,,,,,,,,,,,,,,,,,,,,,,,,,,,,,,https://cdn.shopify.com/s/files/1/1056/5215/8545/files/0OO9237__923712__P21__noshad__qt.jpg?v=1783995877
oakley-oo9237-1339,"Oakley BXTR Metal — Performance Lifestyle, TransparentGryInk","Frame: TransparentGryInk. Lens: PrizmGrey+1NoseP. Man / Shield shape. Fit: Bridge: 139mm, Lens width: 39mm, Lens height: 55mm, Temple: 133mm. Authentic, sold by an authorized retailer.",Oakley,Sunglasses,"Oakley, BXTR Metal, Shield",TRUE,Title,Default Title,,,,,OO9237-1339,3784000,4730000,,shopify,Man,Shield,FALSE,O_matter,Polycarbonate,139,39,55,133,Prizm 24K,Matte Black,Metal,Universal Fit,OK9237-1339,https://cdn.shopify.com/s/files/1/1056/5215/8545/files/0OO9237__923713__P21__noshad__fr.jpg?v=1783995880
oakley-oo9237-1339,,,,,,,,,,,,,,,,,,,,,,,,,,,,,,,,https://cdn.shopify.com/s/files/1/1056/5215/8545/files/0OO9237__923713__P21__noshad__qt.jpg?v=1783995883
oakley-oo9237-1439,"Oakley BXTR Metal — Performance Lifestyle, Matte GryInk","Frame: Matte GryInk. Lens: VintageGold. Man / Shield shape. Fit: Bridge: 139mm, Lens width: 39mm, Lens height: 55mm, Temple: 133mm. Authentic, sold by an authorized retailer.",Oakley,Sunglasses,"Oakley, BXTR Metal, Shield",TRUE,Title,Default Title,,,,,OO9237-1439,3976000,4970000,,shopify,Man,Shield,FALSE,O_matter,Polycarbonate,139,39,55,133,Prizm 24K,Matte Black,Metal,Universal Fit,OK9237-1439,https://cdn.shopify.com/s/files/1/1056/5215/8545/files/0OO9237__923714__P21__noshad__fr.jpg?v=1783995886
oakley-oo9237-1439,,,,,,,,,,,,,,,,,,,,,,,,,,,,,,,,https://cdn.shopify.com/s/files/1/1056/5215/8545/files/0OO9237__923714__P21__noshad__qt.jpg?v=1783995889
oakley-oo9244-04,"Oakley HOLBROOK — Performance Lifestyle, *( A )GrySmoke","Frame: *( A )GrySmoke. Lens: RubyIrr, 10. Man / Rectangle shape. Fit: Bridge: 17mm, Lens width: 56mm, Lens height: 43mm, Temple: 138mm. Authentic, sold by an authorized retailer.",Oakley,Sunglasses,"Oakley, HOLBROOK, Rectangle",TRUE,Title,Default Title,,,,,OO9244-04,1700000,2490000,,shopify,Man,Rectangle,TRUE,O_matter,Polycarbonate,17,56,43,138,Prizm Black Polarized,Matte Black,Injected,Low Bridge Fit,OK9244-04,https://cdn.shopify.com/s/files/1/1056/5215/8545/files/0OO9244__924404_000A.jpg?v=1785244329
oakley-oo9244-04,,,,,,,,,,,,,,,,,,,,,,,,,,,,,,,,https://cdn.shopify.com/s/files/1/1056/5215/8545/files/0OO9244__924404_030A.jpg?v=1785244332
oakley-oo9244-06,"Oakley HOLBROOK — Performance Lifestyle, ( A )PolishClear","Frame: ( A )PolishClear. Lens: ChrIrr(GryMirror). Man / Rectangle shape. Fit: Bridge: 17mm, Lens width: 56mm, Lens height: 43mm, Temple: 138mm. Authentic, sold by an authorized retailer.",Oakley,Sunglasses,"Oakley, HOLBROOK, Rectangle",TRUE,Title,Default Title,,,,,OO9244-06,1999000,,,shopify,Man,Rectangle,TRUE,O_matter,Polycarbonate,17,56,43,138,Prizm Black Polarized,Matte Black,Injected,Low Bridge Fit,OK9244-06,https://cdn.shopify.com/s/files/1/1056/5215/8545/files/0OO9244__924406_000A.jpg?v=1785244335
oakley-oo9244-06,,,,,,,,,,,,,,,,,,,,,,,,,,,,,,,,https://cdn.shopify.com/s/files/1/1056/5215/8545/files/0OO9244__924406_030A.jpg?v=1785244338
oakley-oo9244-0756,"Oakley HOLBROOK A — Performance Lifestyle, sp5s-Mbk","Frame: sp5s-Mbk. Lens: GrnMirf. Man / Rectangle shape. Fit: Bridge: 17mm, Lens width: 56mm, Lens height: 43mm, Temple: 138mm. Authentic, sold by an authorized retailer.",Oakley,Sunglasses,"Oakley, HOLBROOK A, Rectangle",TRUE,Title,Default Title,,,,,OO9244-0756,1950000,2490000,,shopify,Man,Rectangle,TRUE,O_matter,Polycarbonate,17,56,43,138,Prizm Black Polarized,Matte Black,Injected,Low Bridge Fit,OK9244-0756,https://cdn.shopify.com/s/files/1/1056/5215/8545/files/0OO9244__924407_000A.jpg?v=1785244342
oakley-oo9244-0756,,,,,,,,,,,,,,,,,,,,,,,,,,,,,,,,https://cdn.shopify.com/s/files/1/1056/5215/8545/files/0OO9244__924407_030A.jpg?v=1785244345
oakley-oo9244-13,"Oakley HOLBROOK — Performance Lifestyle, *(A)-CryBlack","Frame: *(A)-CryBlack. Lens: IceIrr, 10. Man / Rectangle shape. Fit: Bridge: 17mm, Lens width: 56mm, Lens height: 43mm, Temple: 138mm. Authentic, sold by an authorized retailer.",Oakley,Sunglasses,"Oakley, HOLBROOK, Rectangle",TRUE,Title,Default Title,,,,,OO9244-13,1950000,2490000,,shopify,Man,Rectangle,TRUE,O_matter,Polycarbonate,17,56,43,138,Prizm Black Polarized,Matte Black,Injected,Low Bridge Fit,OK9244-13,https://cdn.shopify.com/s/files/1/1056/5215/8545/files/0OO9244__924413_000A.jpg?v=1785244348
oakley-oo9244-13,,,,,,,,,,,,,,,,,,,,,,,,,,,,,,,,https://cdn.shopify.com/s/files/1/1056/5215/8545/files/0OO9244__924413_030A.jpg?v=1785244351
oakley-oo9244-14,"Oakley HOLBROOK — Performance Lifestyle, *(A)-PolishWhite","Frame: *(A)-PolishWhite. Lens: 24K, 10-, (n.1,950). Man / Rectangle shape. Fit: Bridge: 17mm, Lens width: 56mm, Lens height: 43mm, Temple: 138mm. Authentic, sold by an authorized retailer.",Oakley,Sunglasses,"Oakley, HOLBROOK, Rectangle",TRUE,Title,Default Title,,,,,OO9244-14,2490000,,,shopify,Man,Rectangle,TRUE,O_matter,Polycarbonate,17,56,43,138,Prizm Black Polarized,Matte Black,Injected,Low Bridge Fit,OK9244-14,https://cdn.shopify.com/s/files/1/1056/5215/8545/files/0OO9244__924414_000A.jpg?v=1785244354
oakley-oo9244-14,,,,,,,,,,,,,,,,,,,,,,,,,,,,,,,,https://cdn.shopify.com/s/files/1/1056/5215/8545/files/0OO9244__924414_030A.jpg?v=1785244357
oakley-oo9244-1956,"Oakley HOLBROOK — Performance Lifestyle, sp4-(A)MBlack","Frame: sp4-(A)MBlack. Lens: SappIrrPol. Man / Rectangle shape. Fit: Bridge: 17mm, Lens width: 56mm, Lens height: 43mm, Temple: 138mm. Authentic, sold by an authorized retailer.",Oakley,Sunglasses,"Oakley, HOLBROOK, Rectangle",TRUE,Title,Default Title,,,,,OO9244-1956,2350000,3590000,,shopify,Man,Rectangle,TRUE,O_matter,Polycarbonate,17,56,43,138,Prizm Black Polarized,Matte Black,Injected,Low Bridge Fit,OK9244-1956,https://cdn.shopify.com/s/files/1/1056/5215/8545/files/0OO9244__924419__STD__noshad__fr.jpg?v=1785244360
oakley-oo9244-1956,,,,,,,,,,,,,,,,,,,,,,,,,,,,,,,,https://cdn.shopify.com/s/files/1/1056/5215/8545/files/0OO9244__924419__STD__noshad__qt.jpg?v=1785244363
oakley-oo9244-2056,"Oakley HOLBROOK A — Performance Lifestyle, sp5s-Black","Frame: sp5s-Black. Lens: GoldMirror. Man / Rectangle shape. Fit: Bridge: 17mm, Lens width: 56mm, Lens height: 43mm, Temple: 138mm. Authentic, sold by an authorized retailer.",Oakley,Sunglasses,"Oakley, HOLBROOK A, Rectangle",TRUE,Title,Default Title,,,,,OO9244-2056,1950000,2490000,,shopify,Man,Rectangle,TRUE,O_matter,Polycarbonate,17,56,43,138,Prizm Black Polarized,Matte Black,Injected,Low Bridge Fit,OK9244-2056,https://cdn.shopify.com/s/files/1/1056/5215/8545/files/0OO9244__924420_000A.jpg?v=1785244367
oakley-oo9244-2056,,,,,,,,,,,,,,,,,,,,,,,,,,,,,,,,https://cdn.shopify.com/s/files/1/1056/5215/8545/files/0OO9244__924420_030A.jpg?v=1785244369
oakley-oo9244-2156,"Oakley HOLBROOK — Performance Lifestyle, sp-(A)MBlack","Frame: sp-(A)MBlack. Lens: TorchIrrPol.. Man / Rectangle shape. Fit: Bridge: 17mm, Lens width: 56mm, Lens height: 43mm, Temple: 138mm. Authentic, sold by an authorized retailer.",Oakley,Sunglasses,"Oakley, HOLBROOK, Rectangle",TRUE,Title,Default Title,,,,,OO9244-2156,2350000,3490000,,shopify,Man,Rectangle,TRUE,O_matter,Polycarbonate,17,56,43,138,Prizm Black Polarized,Matte Black,Injected,Low Bridge Fit,OK9244-2156,https://cdn.shopify.com/s/files/1/1056/5215/8545/files/0OO9244__924421_000A.jpg?v=1785244373
oakley-oo9244-2156,,,,,,,,,,,,,,,,,,,,,,,,,,,,,,,,https://cdn.shopify.com/s/files/1/1056/5215/8545/files/0OO9244__924421_030A.jpg?v=1785244376
oakley-oo9244-2456,"Oakley HOLBROOK — Performance Lifestyle, sp-(A)RubyFdW","Frame: sp-(A)RubyFdW. Lens: PrzBlkIrrPol.. Man / Rectangle shape. Fit: Bridge: 17mm, Lens width: 56mm, Lens height: 43mm, Temple: 138mm. Authentic, sold by an authorized retailer.",Oakley,Sunglasses,"Oakley, HOLBROOK, Rectangle",TRUE,Title,Default Title,,,,,OO9244-2456,2650000,3690000,,shopify,Man,Rectangle,TRUE,O_matter,Polycarbonate,17,56,43,138,Prizm Black Polarized,Matte Black,Injected,Low Bridge Fit,OK9244-2456,https://cdn.shopify.com/s/files/1/1056/5215/8545/files/0OO9244__924424_000A.jpg?v=1785244378
oakley-oo9244-2456,,,,,,,,,,,,,,,,,,,,,,,,,,,,,,,,https://cdn.shopify.com/s/files/1/1056/5215/8545/files/0OO9244__924424_030A.jpg?v=1785244382
oakley-oo9244-2556,"Oakley HOLBROOK — Performance Lifestyle, sps-(A)MBlack","Frame: sps-(A)MBlack. Lens: PrzmBlkPol. Man / Rectangle shape. Fit: Bridge: 17mm, Lens width: 56mm, Lens height: 43mm, Temple: 138mm. Authentic, sold by an authorized retailer.",Oakley,Sunglasses,"Oakley, HOLBROOK, Rectangle",TRUE,Title,Default Title,,,,,OO9244-2556,2650000,3790000,,shopify,Man,Rectangle,TRUE,O_matter,Polycarbonate,17,56,43,138,Prizm Black Polarized,Matte Black,Injected,Low Bridge Fit,OK9244-2556,https://cdn.shopify.com/s/files/1/1056/5215/8545/files/0OO9244__924425__STD__noshad__fr.jpg?v=1785244384
oakley-oo9244-2556,,,,,,,,,,,,,,,,,,,,,,,,,,,,,,,,https://cdn.shopify.com/s/files/1/1056/5215/8545/files/0OO9244__924425__STD__noshad__qt.jpg?v=1785244388
oakley-oo9244-2656,"Oakley HOLBROOK — Performance Lifestyle, sp4-(A)MTortoise","Frame: sp4-(A)MTortoise. Lens: PrzmTstenPol. Man / Rectangle shape. Fit: Bridge: 17mm, Lens width: 56mm, Lens height: 43mm, Temple: 138mm. Authentic, sold by an authorized retailer.",Oakley,Sunglasses,"Oakley, HOLBROOK, Rectangle",TRUE,Title,Default Title,,,,,OO9244-2656,2650000,3790000,,shopify,Man,Rectangle,TRUE,O_matter,Polycarbonate,17,56,43,138,Prizm Black Polarized,Matte Black,Injected,Low Bridge Fit,OK9244-2656,https://cdn.shopify.com/s/files/1/1056/5215/8545/files/0OO9244__924426_000A.jpg?v=1785244391
oakley-oo9244-2656,,,,,,,,,,,,,,,,,,,,,,,,,,,,,,,,https://cdn.shopify.com/s/files/1/1056/5215/8545/files/0OO9244__924426_030A.jpg?v=1785244394
oakley-oo9244-3056,"Oakley HOLBROOK — Performance Lifestyle, sp4-(A)Black","Frame: sp4-(A)Black. Lens: PrzmGrey. Man / Rectangle shape. Fit: Bridge: 17mm, Lens width: 56mm, Lens height: 43mm, Temple: 138mm. Authentic, sold by an authorized retailer.",Oakley,Sunglasses,"Oakley, HOLBROOK, Rectangle",TRUE,Title,Default Title,,,,,OO9244-3056,1700000,2690000,,shopify,Man,Rectangle,TRUE,O_matter,Polycarbonate,17,56,43,138,Prizm Black Polarized,Matte Black,Injected,Low Bridge Fit,OK9244-3056,https://cdn.shopify.com/s/files/1/1056/5215/8545/files/0OO9244__924430__STD__noshad__fr.jpg?v=1785244397
oakley-oo9244-3056,,,,,,,,,,,,,,,,,,,,,,,,,,,,,,,,https://cdn.shopify.com/s/files/1/1056/5215/8545/files/0OO9244__924430__STD__noshad__qt.jpg?v=1785244400
oakley-oo9244-3156,"Oakley HOLBROOK — Performance Lifestyle, sp4-(A)Black","Frame: sp4-(A)Black. Lens: PrzmRuby. Man / Rectangle shape. Fit: Bridge: 17mm, Lens width: 56mm, Lens height: 43mm, Temple: 138mm. Authentic, sold by an authorized retailer.",Oakley,Sunglasses,"Oakley, HOLBROOK, Rectangle",TRUE,Title,Default Title,,,,,OO9244-3156,1700000,2890000,,shopify,Man,Rectangle,TRUE,O_matter,Polycarbonate,17,56,43,138,Prizm Black Polarized,Matte Black,Injected,Low Bridge Fit,OK9244-3156,https://cdn.shopify.com/s/files/1/1056/5215/8545/files/0OO9244__924431__STD__noshad__fr.jpg?v=1785244403
oakley-oo9244-3156,,,,,,,,,,,,,,,,,,,,,,,,,,,,,,,,https://cdn.shopify.com/s/files/1/1056/5215/8545/files/0OO9244__924431__STD__noshad__qt.jpg?v=1785244406
oakley-oo9245-02,"Oakley FROGSKINS — Performance Lifestyle, *PlshBlack","Frame: *PlshBlack. Lens: Polarized BlkIrr, 10. Unisex / Square shape. Fit: Bridge: 17mm, Lens width: 55mm, Lens height: 44mm, Temple: 138mm. Authentic, sold by an authorized retailer.",Oakley,Sunglasses,"Oakley, FROGSKINS, Square",TRUE,Title,Default Title,,,,,OO9245-02,2990000,,,shopify,Unisex,Square,FALSE,O_matter,Polycarbonate,17,55,44,138,Prizm Sapphire,Matte Black,Injected,Low Bridge Fit,OK9245-02,https://cdn.shopify.com/s/files/1/1056/5215/8545/files/0OO9245__924502_000A.jpg?v=1785244410
oakley-oo9245-02,,,,,,,,,,,,,,,,,,,,,,,,,,,,,,,,https://cdn.shopify.com/s/files/1/1056/5215/8545/files/0OO9245__924502_030A.jpg?v=1785244413
oakley-oo9245-06,"Oakley FROGSKINS — Performance Lifestyle, *Matte Black","Frame: *Matte Black. Lens: IceIrr, 10. Unisex / Square shape. Fit: Bridge: 17mm, Lens width: 55mm, Lens height: 44mm, Temple: 138mm. Authentic, sold by an authorized retailer.",Oakley,Sunglasses,"Oakley, FROGSKINS, Square",TRUE,Title,Default Title,,,,,OO9245-06,2090000,,,shopify,Unisex,Square,FALSE,O_matter,Polycarbonate,17,55,44,138,Prizm Sapphire,Matte Black,Injected,Low Bridge Fit,OK9245-06,https://cdn.shopify.com/s/files/1/1056/5215/8545/files/0OO9245__924506_000A.jpg?v=1785244416
oakley-oo9245-06,,,,,,,,,,,,,,,,,,,,,,,,,,,,,,,,https://cdn.shopify.com/s/files/1/1056/5215/8545/files/0OO9245__924506_030A.jpg?v=1785244419
oakley-oo9245-7854,"Oakley FROGSKINS — Performance Lifestyle, sp5s-Mbk","Frame: sp5s-Mbk. Lens: BrzIrr. Unisex / Square shape. Fit: Bridge: 17mm, Lens width: 55mm, Lens height: 44mm, Temple: 138mm. Authentic, sold by an authorized retailer.",Oakley,Sunglasses,"Oakley, FROGSKINS, Square",TRUE,Title,Default Title,,,,,OO9245-7854,1700000,2990000,,shopify,Unisex,Square,FALSE,O_matter,Polycarbonate,17,55,44,138,Prizm Sapphire,Matte Black,Injected,Low Bridge Fit,OK9245-7854,https://cdn.shopify.com/s/files/1/1056/5215/8545/files/0OO9245__924578_000A.jpg?v=1785244423
oakley-oo9245-7854,,,,,,,,,,,,,,,,,,,,,,,,,,,,,,,,https://cdn.shopify.com/s/files/1/1056/5215/8545/files/0OO9245__924578_030A.jpg?v=1785244426
oakley-oo9246-01,Oakley SLIVER F — Plastic Matte Black(Fold),"Frame: Plastic Matte Black(Fold). Lens: Grey-Sz57. Authentic, sold by an authorized retailer.",Oakley,Sunglasses,"Oakley, SLIVER F",TRUE,Title,Default Title,,,,,OO9246-01,2799000,,,shopify,,,FALSE,,,,,,,,,,,OK9246-01,https://cdn.shopify.com/s/files/1/1056/5215/8545/files/0OO9246__924601_000A.jpg?v=1785244429
oakley-oo9246-01,,,,,,,,,,,,,,,,,,,,,,,,,,,,,,,,https://cdn.shopify.com/s/files/1/1056/5215/8545/files/0OO9246__924601_030A.jpg?v=1785244432
oakley-oo9251-02,Oakley HALFLINK — *(A)-Plastic GrySmoke,"Frame: *(A)-Plastic GrySmoke. Lens: Black Irr. Authentic, sold by an authorized retailer.",Oakley,Sunglasses,"Oakley, HALFLINK",TRUE,Title,Default Title,,,,,OO9251-02,2399000,,,shopify,,,FALSE,,,,,,,,,,,OK9251-02,https://cdn.shopify.com/s/files/1/1056/5215/8545/files/0OO9251__925102_000A.jpg?v=1785244435
oakley-oo9251-02,,,,,,,,,,,,,,,,,,,,,,,,,,,,,,,,https://cdn.shopify.com/s/files/1/1056/5215/8545/files/0OO9251__925102_030A.jpg?v=1785244438
oakley-oo9251-05,Oakley HALFLINK — PolishRootBeer,"Frame: PolishRootBeer. Lens: Polarized Brz. Authentic, sold by an authorized retailer.",Oakley,Sunglasses,"Oakley, HALFLINK",TRUE,Title,Default Title,,,,,OO9251-05,2799000,,,shopify,,,FALSE,,,,,,,,,,,OK9251-05,https://cdn.shopify.com/s/files/1/1056/5215/8545/files/0OO9251__925105_000A.jpg?v=1785244441
oakley-oo9251-05,,,,,,,,,,,,,,,,,,,,,,,,,,,,,,,,https://cdn.shopify.com/s/files/1/1056/5215/8545/files/0OO9251__925105_030A.jpg?v=1785244444
oakley-oo9251-06,Oakley HALFLINK — *Black-Red,"Frame: *Black-Red. Lens: Polarized RedIrr-10. Authentic, sold by an authorized retailer.",Oakley,Sunglasses,"Oakley, HALFLINK",TRUE,Title,Default Title,,,,,OO9251-06,2999000,,,shopify,,,FALSE,,,,,,,,,,,OK9251-06 | OKN9251-06,https://cdn.shopify.com/s/files/1/1056/5215/8545/files/0OO9251__925106_000A.jpg?v=1785244447
oakley-oo9251-06,,,,,,,,,,,,,,,,,,,,,,,,,,,,,,,,https://cdn.shopify.com/s/files/1/1056/5215/8545/files/0OO9251__925106_030A.jpg?v=1785244451
oakley-oo9252-01,Oakley CHAINLINK — *(A)Black,"Frame: *(A)Black. Lens: Black Irr, 10. Authentic, sold by an authorized retailer.",Oakley,Sunglasses,"Oakley, CHAINLINK",TRUE,Title,Default Title,,,,,OO9252-01,1950000,2890000,,shopify,,,FALSE,,,,,,,,,,,OK9252-01,https://cdn.shopify.com/s/files/1/1056/5215/8545/files/0OO9252__925201_000A.jpg?v=1785244454
oakley-oo9252-01,,,,,,,,,,,,,,,,,,,,,,,,,,,,,,,,https://cdn.shopify.com/s/files/1/1056/5215/8545/files/0OO9252__925201_030A.jpg?v=1785244457
oakley-oo9252-03,Oakley CHAINLINK — Mblk,"Frame: Mblk. Lens: Fire. Authentic, sold by an authorized retailer.",Oakley,Sunglasses,"Oakley, CHAINLINK",TRUE,Title,Default Title,,,,,OO9252-03,2399000,,,shopify,,,FALSE,,,,,,,,,,,OK9252-03,https://cdn.shopify.com/s/files/1/1056/5215/8545/files/0OO9252__925203_000A.jpg?v=1785244460
oakley-oo9252-03,,,,,,,,,,,,,,,,,,,,,,,,,,,,,,,,https://cdn.shopify.com/s/files/1/1056/5215/8545/files/0OO9252__925203_030A.jpg?v=1785244462
oakley-oo9252-05,Oakley CHAINLINK — Clear,"Frame: Clear. Lens: violet. Authentic, sold by an authorized retailer.",Oakley,Sunglasses,"Oakley, CHAINLINK",TRUE,Title,Default Title,,,,,OO9252-05,2399000,,,shopify,,,FALSE,,,,,,,,,,,OK9252-05,https://cdn.shopify.com/s/files/1/1056/5215/8545/files/0OO9252__925205_000A.jpg?v=1785244466
oakley-oo9252-05,,,,,,,,,,,,,,,,,,,,,,,,,,,,,,,,https://cdn.shopify.com/s/files/1/1056/5215/8545/files/0OO9252__925205_030A.jpg?v=1785244469
oakley-oo9252-09,Oakley CHAINLINK — sp4-(A)Matte Black,"Frame: sp4-(A)Matte Black. Lens: Ruby57. Authentic, sold by an authorized retailer.",Oakley,Sunglasses,"Oakley, CHAINLINK",TRUE,Title,Default Title,,,,,OO9252-09,1700000,2890000,,shopify,,,FALSE,,,,,,,,,,,OK9252-09,https://cdn.shopify.com/s/files/1/1056/5215/8545/files/0OO9252__925209_000A.jpg?v=1785244472
oakley-oo9252-09,,,,,,,,,,,,,,,,,,,,,,,,,,,,,,,,https://cdn.shopify.com/s/files/1/1056/5215/8545/files/0OO9252__925209_030A.jpg?v=1785244475
oakley-oo9252-10,Oakley CHAINLINK — mp,"Frame: mp. Lens: sp4-Ferrari(A)MtSteel. Authentic, sold by an authorized retailer.",Oakley,Sunglasses,"Oakley, CHAINLINK",TRUE,Title,Default Title,,,,,OO9252-10,2650000,3790000,,shopify,,,FALSE,,,,,,,,,,,OK9252-10,https://cdn.shopify.com/s/files/1/1056/5215/8545/files/0OO9252__925210_000A.jpg?v=1785244478
oakley-oo9252-10,,,,,,,,,,,,,,,,,,,,,,,,,,,,,,,,https://cdn.shopify.com/s/files/1/1056/5215/8545/files/0OO9252__925210_030A.jpg?v=1785244481
oakley-oo9252-11,Oakley CHAINLINK — sp-MBlack,"Frame: sp-MBlack. Lens: PrzmDailyPol.57. Authentic, sold by an authorized retailer.",Oakley,Sunglasses,"Oakley, CHAINLINK",TRUE,Title,Default Title,,,,,OO9252-11,2800000,3990000,,shopify,,,FALSE,,,,,,,,,,,OK9252-11,https://cdn.shopify.com/s/files/1/1056/5215/8545/files/0OO9252__925211_000A.jpg?v=1785244484
oakley-oo9252-11,,,,,,,,,,,,,,,,,,,,,,,,,,,,,,,,https://cdn.shopify.com/s/files/1/1056/5215/8545/files/0OO9252__925211_030A.jpg?v=1785244487
oakley-oo9254-06,Oakley M2 FRAME — (sp-b)-*( A )PolishBlack,"Frame: (sp-b)-*( A )PolishBlack. Lens: RedIrr. Authentic, sold by an authorized retailer.",Oakley,Sunglasses,"Oakley, M2 FRAME",TRUE,Title,Default Title,,,,,OO9254-06,2599000,,,shopify,,,FALSE,,,,,,,,,,,OK9254-06,https://cdn.shopify.com/s/files/1/1056/5215/8545/files/0OO9254__925406_000A.jpg?v=1785244490
oakley-oo9254-06,,,,,,,,,,,,,,,,,,,,,,,,,,,,,,,,https://cdn.shopify.com/s/files/1/1056/5215/8545/files/0OO9254__925406_030A.jpg?v=1785244493
oakley-oo9256-01,Oakley TWOFACE  — *( A )Matte Black,"Frame: *( A )Matte Black. Lens: Dgry, 10. Authentic, sold by an authorized retailer.",Oakley,Sunglasses,"Oakley, TWOFACE ",TRUE,Title,Default Title,,,,,OO9256-01,2690000,,,shopify,,,FALSE,,,,,,,,,,,OK9256-01,https://cdn.shopify.com/s/files/1/1056/5215/8545/files/0OO9256__925601__STD__noshad__fr.jpg?v=1785244496
oakley-oo9256-01,,,,,,,,,,,,,,,,,,,,,,,,,,,,,,,,https://cdn.shopify.com/s/files/1/1056/5215/8545/files/0OO9256__925601__STD__noshad__qt.jpg?v=1785244499
oakley-oo9256-03,Oakley TWOFACE  — *,"Frame: *. Lens: spf-( A )Black. Authentic, sold by an authorized retailer.",Oakley,Sunglasses,"Oakley, TWOFACE ",TRUE,Title,Default Title,,,,,OO9256-03,2890000,,,shopify,,,FALSE,,,,,,,,,,,OK9256-03,https://cdn.shopify.com/s/files/1/1056/5215/8545/files/0OO9256__925603_000A.jpg?v=1785244503
oakley-oo9256-03,,,,,,,,,,,,,,,,,,,,,,,,,,,,,,,,https://cdn.shopify.com/s/files/1/1056/5215/8545/files/0OO9256__925603_030A.jpg?v=1785244505
oakley-oo9256-05,Oakley TWOFACE  — *( A )Matte Black,"Frame: *( A )Matte Black. Lens: Violet, 10. Authentic, sold by an authorized retailer.",Oakley,Sunglasses,"Oakley, TWOFACE ",TRUE,Title,Default Title,,,,,OO9256-05,2890000,,,shopify,,,FALSE,,,,,,,,,,,OK9256-05,https://cdn.shopify.com/s/files/1/1056/5215/8545/files/0OO9256__925605_000A.jpg?v=1785244509
oakley-oo9256-05,,,,,,,,,,,,,,,,,,,,,,,,,,,,,,,,https://cdn.shopify.com/s/files/1/1056/5215/8545/files/0OO9256__925605_030A.jpg?v=1785244511
oakley-oo9256-06,Oakley TWOFACE  — *( A )Black,"Frame: *( A )Black. Lens: Black Pol Ir, (2.799nett). Authentic, sold by an authorized retailer.",Oakley,Sunglasses,"Oakley, TWOFACE ",TRUE,Title,Default Title,,,,,OO9256-06,3790000,,,shopify,,,FALSE,,,,,,,,,,,OK9256-06,https://cdn.shopify.com/s/files/1/1056/5215/8545/files/0OO9256__925606__STD__noshad__fr.jpg?v=1785244514
oakley-oo9256-06,,,,,,,,,,,,,,,,,,,,,,,,,,,,,,,,https://cdn.shopify.com/s/files/1/1056/5215/8545/files/0OO9256__925606__STD__noshad__qt.jpg?v=1785244518
oakley-oo9256-08,Oakley TWOFACE  — *Ferrari-(A).MBlack-Silver,"Frame: *Ferrari-(A).MBlack-Silver. Lens: BlkIrr.10. Authentic, sold by an authorized retailer.",Oakley,Sunglasses,"Oakley, TWOFACE ",TRUE,Title,Default Title,,,,,OO9256-08,3790000,,,shopify,,,FALSE,,,,,,,,,,,OK9256-08,https://cdn.shopify.com/s/files/1/1056/5215/8545/files/0OO9256__925608_000A.jpg?v=1785244522
oakley-oo9256-08,,,,,,,,,,,,,,,,,,,,,,,,,,,,,,,,https://cdn.shopify.com/s/files/1/1056/5215/8545/files/0OO9256__925608_030A.jpg?v=1785244525
oakley-oo9263-5763,"Oakley TURBINE — Performance Lifestyle, GryInk","Frame: GryInk. Lens: PrizmRubyPol.. Man / Rectangle shape. Fit: Bridge: 17mm, Lens width: 64mm, Lens height: 43mm, Temple: 132mm. Authentic, sold by an authorized retailer.",Oakley,Sunglasses,"Oakley, TURBINE, Rectangle",TRUE,Title,Default Title,,,,,OO9263-5763,4144000,5180000,,shopify,Man,Rectangle,TRUE,O_matter,Polycarbonate,17,64,43,132,Prizm Black Polarized,Polished Black,Injected,High Bridge Fit,OK9263-5763,https://cdn.shopify.com/s/files/1/1056/5215/8545/files/0OO9263__926357__STD__noshad__fr.jpg?v=1785244529
oakley-oo9263-5763,,,,,,,,,,,,,,,,,,,,,,,,,,,,,,,,https://cdn.shopify.com/s/files/1/1056/5215/8545/files/0OO9263__926357__STD__noshad__qt.jpg?v=1785244532
oakley-oo9264-2557,"Oakley MAINLINK — Performance Lifestyle, (AK)-sp3-Matte Black","Frame: (AK)-sp3-Matte Black. Lens: PrzSappPol.. Man / Rectangle shape. Fit: Bridge: 17mm, Lens width: 61mm, Lens height: 43mm, Temple: 138mm. Authentic, sold by an authorized retailer.",Oakley,Sunglasses,"Oakley, MAINLINK, Rectangle",TRUE,Title,Default Title,,,,,OO9264-2557,2800000,3990000,,shopify,Man,Rectangle,FALSE,O_matter,Polycarbonate,17,61,43,138,Prizm Grey,Matte Black,Injected,High Bridge Fit,OK9264-2557,https://cdn.shopify.com/s/files/1/1056/5215/8545/files/0OO9264__926425_000A.jpg?v=1785244535
oakley-oo9264-2557,,,,,,,,,,,,,,,,,,,,,,,,,,,,,,,,https://cdn.shopify.com/s/files/1/1056/5215/8545/files/0OO9264__926425_030A.jpg?v=1785244538
oakley-oo9264-2757,"Oakley MAINLINK — Performance Lifestyle, (AK)-sp4-MBlack","Frame: (AK)-sp4-MBlack. Lens: PrzmBlkPol. Man / Rectangle shape. Fit: Bridge: 17mm, Lens width: 61mm, Lens height: 43mm, Temple: 138mm. Authentic, sold by an authorized retailer.",Oakley,Sunglasses,"Oakley, MAINLINK, Rectangle",TRUE,Title,Default Title,,,,,OO9264-2757,2790000,4190000,,shopify,Man,Rectangle,FALSE,O_matter,Polycarbonate,17,61,43,138,Prizm Grey,Matte Black,Injected,High Bridge Fit,OK9264-2757,https://cdn.shopify.com/s/files/1/1056/5215/8545/files/0OO9264__926427__STD__noshad__fr.jpg?v=1785244542
oakley-oo9264-2757,,,,,,,,,,,,,,,,,,,,,,,,,,,,,,,,https://cdn.shopify.com/s/files/1/1056/5215/8545/files/0OO9264__926427__STD__noshad__qt.jpg?v=1785244545
oakley-oo9264-3057,"Oakley MAINLINK — Performance Lifestyle, (AK)-sp4-Black","Frame: (AK)-sp4-Black. Lens: PrzmSapp. Man / Rectangle shape. Fit: Bridge: 17mm, Lens width: 61mm, Lens height: 43mm, Temple: 138mm. Authentic, sold by an authorized retailer.",Oakley,Sunglasses,"Oakley, MAINLINK, Rectangle",TRUE,Title,Default Title,,,,,OO9264-3057,2290000,3290000,,shopify,Man,Rectangle,FALSE,O_matter,Polycarbonate,17,61,43,138,Prizm Grey,Matte Black,Injected,High Bridge Fit,OK9264-3057,https://cdn.shopify.com/s/files/1/1056/5215/8545/files/0OO9264__926430_000A.jpg?v=1785244547
oakley-oo9264-3057,,,,,,,,,,,,,,,,,,,,,,,,,,,,,,,,https://cdn.shopify.com/s/files/1/1056/5215/8545/files/0OO9264__926430_030A.jpg?v=1785244551
oakley-oo9264-3257,"Oakley MAINLINK — Performance Lifestyle, (AK)-sp4-BluPopRed","Frame: (AK)-sp4-BluPopRed. Lens: PrzmSapp. Man / Rectangle shape. Fit: Bridge: 17mm, Lens width: 61mm, Lens height: 43mm, Temple: 138mm. Authentic, sold by an authorized retailer.",Oakley,Sunglasses,"Oakley, MAINLINK, Rectangle",TRUE,Title,Default Title,,,,,OO9264-3257,2290000,3290000,,shopify,Man,Rectangle,FALSE,O_matter,Polycarbonate,17,61,43,138,Prizm Grey,Matte Black,Injected,High Bridge Fit,OK9264-3257,https://cdn.shopify.com/s/files/1/1056/5215/8545/files/0OO9264__926432_000A.jpg?v=1785244554
oakley-oo9264-3257,,,,,,,,,,,,,,,,,,,,,,,,,,,,,,,,https://cdn.shopify.com/s/files/1/1056/5215/8545/files/0OO9264__926432_030A.jpg?v=1785244557
oakley-oo9265-05,"Oakley LATCH — Performance Lifestyle, OliveInk","Frame: OliveInk. Lens: EmeraldIrr. Unisex / Round shape. Fit: Bridge: 21mm, Lens width: 53mm, Lens height: 45mm, Temple: 139mm. Authentic, sold by an authorized retailer.",Oakley,Sunglasses,"Oakley, LATCH, Round",TRUE,Title,Default Title,,,,,OO9265-05,1950000,2690000,,shopify,Unisex,Round,TRUE,O_matter,Polycarbonate,21,53,45,139,Prizm Sapphire Polarized,Matte Grey Ink,Injected,High Bridge Fit,OK9265-05,https://cdn.shopify.com/s/files/1/1056/5215/8545/files/0OO9265__926505__STD__noshad__fr.jpg?v=1785244560
oakley-oo9265-05,,,,,,,,,,,,,,,,,,,,,,,,,,,,,,,,https://cdn.shopify.com/s/files/1/1056/5215/8545/files/0OO9265__926505__STD__noshad__qt.jpg?v=1785244563
oakley-oo9265-06,"Oakley LATCH — Performance Lifestyle, MBlack","Frame: MBlack. Lens: VioletIrr. Unisex / Round shape. Fit: Bridge: 21mm, Lens width: 53mm, Lens height: 45mm, Temple: 139mm. Authentic, sold by an authorized retailer.",Oakley,Sunglasses,"Oakley, LATCH, Round",TRUE,Title,Default Title,,,,,OO9265-06,1950000,2690000,,shopify,Unisex,Round,TRUE,O_matter,Polycarbonate,21,53,45,139,Prizm Sapphire Polarized,Matte Grey Ink,Injected,High Bridge Fit,OK9265-06,https://cdn.shopify.com/s/files/1/1056/5215/8545/files/0OO9265__926506__STD__noshad__fr.jpg?v=1785244566
oakley-oo9265-06,,,,,,,,,,,,,,,,,,,,,,,,,,,,,,,,https://cdn.shopify.com/s/files/1/1056/5215/8545/files/0OO9265__926506__STD__noshad__qt.jpg?v=1785244569
oakley-oo9269-01,Oakley SLIVER — *(A)-Mtblk,"Frame: *(A)-Mtblk. Lens: Grey, 10. Authentic, sold by an authorized retailer.",Oakley,Sunglasses,"Oakley, SLIVER",TRUE,Title,Default Title,,,,,OO9269-01,2290000,,,shopify,,,FALSE,,,,,,,,,,,OK9269-01,https://cdn.shopify.com/s/files/1/1056/5215/8545/files/0OO9269__926901_000A.jpg?v=1785244572
oakley-oo9269-01,,,,,,,,,,,,,,,,,,,,,,,,,,,,,,,,https://cdn.shopify.com/s/files/1/1056/5215/8545/files/0OO9269__926901_030A.jpg?v=1785244575
oakley-oo9269-03,Oakley SLIVER — Black,"Frame: Black. Lens: Gold Irr Sz-57. Authentic, sold by an authorized retailer.",Oakley,Sunglasses,"Oakley, SLIVER",TRUE,Title,Default Title,,,,,OO9269-03,2490000,,,shopify,,,FALSE,,,,,,,,,,,OK9269-03,https://cdn.shopify.com/s/files/1/1056/5215/8545/files/0OO9269__926903_000A.jpg?v=1785244578
oakley-oo9269-03,,,,,,,,,,,,,,,,,,,,,,,,,,,,,,,,https://cdn.shopify.com/s/files/1/1056/5215/8545/files/0OO9269__926903_030A.jpg?v=1785244581
oakley-oo9269-05,Oakley SLIVER — *(A)-Black,"Frame: *(A)-Black. Lens: Polarized Prizmdaily, 10. Authentic, sold by an authorized retailer.",Oakley,Sunglasses,"Oakley, SLIVER",TRUE,Title,Default Title,,,,,OO9269-05,3590000,,,shopify,,,FALSE,,,,,,,,,,,OK9269-05,https://cdn.shopify.com/s/files/1/1056/5215/8545/files/0OO9269__926905_000A.jpg?v=1785244584
oakley-oo9269-05,,,,,,,,,,,,,,,,,,,,,,,,,,,,,,,,https://cdn.shopify.com/s/files/1/1056/5215/8545/files/0OO9269__926905_030A.jpg?v=1785244587
oakley-oo9269-06,Oakley SLIVER — *(A)-TransparentGrey,"Frame: *(A)-TransparentGrey. Lens: Polarized Blue, 10. Authentic, sold by an authorized retailer.",Oakley,Sunglasses,"Oakley, SLIVER",TRUE,Title,Default Title,,,,,OO9269-06,3390000,,,shopify,,,FALSE,,,,,,,,,,,OK9269-06,https://cdn.shopify.com/s/files/1/1056/5215/8545/files/0OO9269__926906_000A.jpg?v=1785244590
oakley-oo9269-06,,,,,,,,,,,,,,,,,,,,,,,,,,,,,,,,https://cdn.shopify.com/s/files/1/1056/5215/8545/files/0OO9269__926906_030A.jpg?v=1785244593
oakley-oo9269-07,Oakley SLIVER — Ferrari-Mtblk,"Frame: Ferrari-Mtblk. Lens: Red Irr. Authentic, sold by an authorized retailer.",Oakley,Sunglasses,"Oakley, SLIVER",TRUE,Title,Default Title,,,,,OO9269-07,3390000,,,shopify,,,FALSE,,,,,,,,,,,OK9269-07,https://cdn.shopify.com/s/files/1/1056/5215/8545/files/0OO9269__926907_000A.jpg?v=1785244597
oakley-oo9269-07,,,,,,,,,,,,,,,,,,,,,,,,,,,,,,,,https://cdn.shopify.com/s/files/1/1056/5215/8545/files/0OO9269__926907_030A.jpg?v=1785244600
oakley-oo9269-0757,"Oakley SLIVER  — sp4-(A)Ferrari,MBlack","Frame: sp4-(A)Ferrari,MBlack. Lens: RubyIrr. Authentic, sold by an authorized retailer.",Oakley,Sunglasses,"Oakley, SLIVER ",TRUE,Title,Default Title,,,,,OO9269-0757,2490000,3490000,,shopify,,,FALSE,,,,,,,,,,,OK9269-0757,https://cdn.shopify.com/s/files/1/1056/5215/8545/files/0OO9269__926907_000A.jpg?v=1785244597
oakley-oo9269-0757,,,,,,,,,,,,,,,,,,,,,,,,,,,,,,,,https://cdn.shopify.com/s/files/1/1056/5215/8545/files/0OO9269__926907_030A.jpg?v=1785244600
oakley-oo9269-0957,Oakley SLIVER MACHINIST — sp4-(A)MBlack,"Frame: sp4-(A)MBlack. Lens: SilvMirror. Authentic, sold by an authorized retailer.",Oakley,Sunglasses,"Oakley, SLIVER MACHINIST",TRUE,Title,Default Title,,,,,OO9269-0957,1700000,2290000,,shopify,,,FALSE,,,,,,,,,,,OK9269-0957,https://cdn.shopify.com/s/files/1/1056/5215/8545/files/0OO9269__926909_000A.jpg?v=1785244603
oakley-oo9269-0957,,,,,,,,,,,,,,,,,,,,,,,,,,,,,,,,https://cdn.shopify.com/s/files/1/1056/5215/8545/files/0OO9269__926909_030A.jpg?v=1785244607
oakley-oo9269-1257,Oakley SLIVER — sp4-(A)Black,"Frame: sp4-(A)Black. Lens: Silver(LensLubang2). Authentic, sold by an authorized retailer.",Oakley,Sunglasses,"Oakley, SLIVER",TRUE,Title,Default Title,,,,,OO9269-1257,1950000,2690000,,shopify,,,FALSE,,,,,,,,,,,OK9269-1257,https://cdn.shopify.com/s/files/1/1056/5215/8545/files/0OO9269__926912_000A.jpg?v=1785244610
oakley-oo9269-1257,,,,,,,,,,,,,,,,,,,,,,,,,,,,,,,,https://cdn.shopify.com/s/files/1/1056/5215/8545/files/0OO9269__926912_030A.jpg?v=1785244613
oakley-oo9269-1257n,Oakley SLIVER — sp4-(A)Black,"Frame: sp4-(A)Black. Lens: Silver(LensLubang2). Authentic, sold by an authorized retailer.",Oakley,Sunglasses,"Oakley, SLIVER",TRUE,Title,Default Title,,,,,OO9269-1257N,1950000,2690000,,shopify,,,FALSE,,,,,,,,,,,OK9269-1257N,https://cdn.shopify.com/s/files/1/1056/5215/8545/files/0OO9269__926912_000A.jpg?v=1785244610
oakley-oo9269-1257n,,,,,,,,,,,,,,,,,,,,,,,,,,,,,,,,https://cdn.shopify.com/s/files/1/1056/5215/8545/files/0OO9269__926912_030A.jpg?v=1785244613
oakley-oo9269-1357,Oakley SLIVER — sp4-(A)Black,"Frame: sp4-(A)Black. Lens: PrzmBlkPol. Authentic, sold by an authorized retailer.",Oakley,Sunglasses,"Oakley, SLIVER",TRUE,Title,Default Title,,,,,OO9269-1357,2690000,3790000,,shopify,,,FALSE,,,,,,,,,,,OK9269-1357,https://cdn.shopify.com/s/files/1/1056/5215/8545/files/0OO9269__926913_000A.jpg?v=1785244617
oakley-oo9269-1357,,,,,,,,,,,,,,,,,,,,,,,,,,,,,,,,https://cdn.shopify.com/s/files/1/1056/5215/8545/files/0OO9269__926913_030A.jpg?v=1785244620
oakley-oo9270-01,Oakley JAW BREAKER — (sp-b)-sp5s-*(A)-Black,"Frame: (sp-b)-sp5s-*(A)-Black. Lens: BlkIrr. Authentic, sold by an authorized retailer.",Oakley,Sunglasses,"Oakley, JAW BREAKER",TRUE,Title,Default Title,,,,,OO9270-01,2400000,3690000,,shopify,,,FALSE,,,,,,,,,,,OK9270-01,https://cdn.shopify.com/s/files/1/1056/5215/8545/files/0OO9270__927001_000A.jpg?v=1785244622
oakley-oo9270-01,,,,,,,,,,,,,,,,,,,,,,,,,,,,,,,,https://cdn.shopify.com/s/files/1/1056/5215/8545/files/0OO9270__927001_030A.jpg?v=1785244626
oakley-oo9270-03,Oakley JAW BREAKER — (sp-b)-sp5s-*(A)-Redline,"Frame: (sp-b)-sp5s-*(A)-Redline. Lens: RedIrr. Authentic, sold by an authorized retailer.",Oakley,Sunglasses,"Oakley, JAW BREAKER",TRUE,Title,Default Title,,,,,OO9270-03,2400000,3690000,,shopify,,,FALSE,,,,,,,,,,,OK9270-03,https://cdn.shopify.com/s/files/1/1056/5215/8545/files/0OO9270__927003_000A.jpg?v=1785244629
oakley-oo9270-03,,,,,,,,,,,,,,,,,,,,,,,,,,,,,,,,https://cdn.shopify.com/s/files/1/1056/5215/8545/files/0OO9270__927003_030A.jpg?v=1785244633
oakley-oo9270-06,Oakley JAW BREAKER — (sp-p)-*(A)-BlkInk,"Frame: (sp-p)-*(A)-BlkInk. Lens: Polarized Red, 10, N.3,350. Authentic, sold by an authorized retailer.",Oakley,Sunglasses,"Oakley, JAW BREAKER",TRUE,Title,Default Title,,,,,OO9270-06,3150000,4590000,,shopify,,,FALSE,,,,,,,,,,,OK9270-06,https://cdn.shopify.com/s/files/1/1056/5215/8545/files/0OO9270__927006_000A.jpg?v=1785244636
oakley-oo9270-06,,,,,,,,,,,,,,,,,,,,,,,,,,,,,,,,https://cdn.shopify.com/s/files/1/1056/5215/8545/files/0OO9270__927006_030A.jpg?v=1785244639
oakley-oo9270-07,Oakley JAW BREAKER — (sp-b)-Black,"Frame: (sp-b)-Black. Lens: PrzmRoad-MCavendish. Authentic, sold by an authorized retailer.",Oakley,Sunglasses,"Oakley, JAW BREAKER",TRUE,Title,Default Title,,,,,OO9270-07,2900000,4190000,,shopify,,,FALSE,,,,,,,,,,,OK9270-07,https://cdn.shopify.com/s/files/1/1056/5215/8545/files/0OO9270__927007_000A.jpg?v=1785244642
oakley-oo9270-07,,,,,,,,,,,,,,,,,,,,,,,,,,,,,,,,https://cdn.shopify.com/s/files/1/1056/5215/8545/files/0OO9270__927007_030A.jpg?v=1785244645
oakley-oo9271-01,"Oakley FLAK 2.0 — Sport Performance, (sp-b)-Matte Black","Frame: (sp-b)-Matte Black. Lens: BlkIrr. Unisex / Rectangle shape. Fit: Bridge: 12mm, Lens width: 61mm, Lens height: 39mm, Temple: 133mm. Authentic, sold by an authorized retailer.",Oakley,Sunglasses,"Oakley, FLAK 2.0, Rectangle",TRUE,Title,Default Title,,,,,OO9271-01,2890000,,,shopify,Unisex,Rectangle,FALSE,O_matter,Polycarbonate,12,61,39,133,Prizm Golf,Polished Black,Injected,Low Bridge Fit,OK9271-01,https://cdn.shopify.com/s/files/1/1056/5215/8545/files/0OO9271__927101_000A.jpg?v=1785244648
oakley-oo9271-01,,,,,,,,,,,,,,,,,,,,,,,,,,,,,,,,https://cdn.shopify.com/s/files/1/1056/5215/8545/files/0OO9271__927101_030A.jpg?v=1785244651
oakley-oo9271-07,"Oakley FLAK 2.0 — Sport Performance, (sp-p)-PolishBlack","Frame: (sp-p)-PolishBlack. Lens: Polarized BlkIrr. Unisex / Rectangle shape. Fit: Bridge: 12mm, Lens width: 61mm, Lens height: 39mm, Temple: 133mm. Authentic, sold by an authorized retailer.",Oakley,Sunglasses,"Oakley, FLAK 2.0, Rectangle",TRUE,Title,Default Title,,,,,OO9271-07,3790000,,,shopify,Unisex,Rectangle,FALSE,O_matter,Polycarbonate,12,61,39,133,Prizm Golf,Polished Black,Injected,Low Bridge Fit,OK9271-07,https://cdn.shopify.com/s/files/1/1056/5215/8545/files/0OO9271__927107_000A.jpg?v=1785244654
oakley-oo9271-07,,,,,,,,,,,,,,,,,,,,,,,,,,,,,,,,https://cdn.shopify.com/s/files/1/1056/5215/8545/files/0OO9271__927107_030A.jpg?v=1785244658
oakley-oo9272-04,Oakley CATALYST — Black,"Frame: Black. Lens: Gold irr. Authentic, sold by an authorized retailer.",Oakley,Sunglasses,"Oakley, CATALYST",TRUE,Title,Default Title,,,,,OO9272-04,2690000,,,shopify,,,FALSE,,,,,,,,,,,OK9272-04,https://cdn.shopify.com/s/files/1/1056/5215/8545/files/0OO9272__927204_000A.jpg?v=1785244661
oakley-oo9272-04,,,,,,,,,,,,,,,,,,,,,,,,,,,,,,,,https://cdn.shopify.com/s/files/1/1056/5215/8545/files/0OO9272__927204_030A.jpg?v=1785244664
oakley-oo9272-06,Oakley CATALYST — BlkInk,"Frame: BlkInk. Lens: BlueIrr-Sz56. Authentic, sold by an authorized retailer.",Oakley,Sunglasses,"Oakley, CATALYST",TRUE,Title,Default Title,,,,,OO9272-06,2690000,,,shopify,,,FALSE,,,,,,,,,,,OK9272-06,https://cdn.shopify.com/s/files/1/1056/5215/8545/files/0OO9272__927206_000A.jpg?v=1785244668
oakley-oo9272-06,,,,,,,,,,,,,,,,,,,,,,,,,,,,,,,,https://cdn.shopify.com/s/files/1/1056/5215/8545/files/0OO9272__927206_030A.jpg?v=1785244672
oakley-oo9272-07,Oakley CATALYST — Ferrari-Matte Black,"Frame: Ferrari-Matte Black. Lens: RubyIrr-Sz56. Authentic, sold by an authorized retailer.",Oakley,Sunglasses,"Oakley, CATALYST",TRUE,Title,Default Title,,,,,OO9272-07,3590000,,,shopify,,,FALSE,,,,,,,,,,,OK9272-07,https://cdn.shopify.com/s/files/1/1056/5215/8545/files/0OO9272__927207_000A.jpg?v=1785244675
oakley-oo9272-07,,,,,,,,,,,,,,,,,,,,,,,,,,,,,,,,https://cdn.shopify.com/s/files/1/1056/5215/8545/files/0OO9272__927207_030A.jpg?v=1785244678
oakley-oo9275-0235,Oakley RADAR EV PATH — (sp-b)-sp5s-(A)Silver,"Frame: (sp-b)-sp5s-(A)Silver. Lens: RedIrr. Authentic, sold by an authorized retailer.",Oakley,Sunglasses,"Oakley, RADAR EV PATH",TRUE,Title,Default Title,,,,,OO9275-0235,2100000,3090000,,shopify,,,FALSE,,,,,,,,,,,OK9275-0235,https://cdn.shopify.com/s/files/1/1056/5215/8545/files/0OO9275__927502_000A.jpg?v=1785244681
oakley-oo9275-0235,,,,,,,,,,,,,,,,,,,,,,,,,,,,,,,,https://cdn.shopify.com/s/files/1/1056/5215/8545/files/0OO9275__927502_030A.jpg?v=1785244684
oakley-oo9275-09,Oakley RADAR EV PATH — (sp-b)-(A)Plastic PolishWhite,"Frame: (sp-b)-(A)Plastic PolishWhite. Lens: RedIrr. Authentic, sold by an authorized retailer.",Oakley,Sunglasses,"Oakley, RADAR EV PATH",TRUE,Title,Default Title,,,,,OO9275-09,3290000,,,shopify,,,FALSE,,,,,,,,,,,OK9275-09,https://cdn.shopify.com/s/files/1/1056/5215/8545/files/0OO9275__927509_000A.jpg?v=1785244687
oakley-oo9275-09,,,,,,,,,,,,,,,,,,,,,,,,,,,,,,,,https://cdn.shopify.com/s/files/1/1056/5215/8545/files/0OO9275__927509_030A.jpg?v=1785244690
oakley-oo9275-1635,Oakley RADAR EV PATH — (sp-pz)-sp5s-(A)Green,"Frame: (sp-pz)-sp5s-(A)Green. Lens: PrzmRoad. Authentic, sold by an authorized retailer.",Oakley,Sunglasses,"Oakley, RADAR EV PATH",TRUE,Title,Default Title,,,,,OO9275-1635,2400000,3290000,,shopify,,,FALSE,,,,,,,,,,,OK9275-1635,https://cdn.shopify.com/s/files/1/1056/5215/8545/files/0OO9275__927516_000A.jpg?v=1785244693
oakley-oo9275-1635,,,,,,,,,,,,,,,,,,,,,,,,,,,,,,,,https://cdn.shopify.com/s/files/1/1056/5215/8545/files/0OO9275__927516_030A.jpg?v=1785244696
oakley-oo9279-0552,"Oakley HSTN Metal — Performance Lifestyle, GryInk-Sepia","Frame: GryInk-Sepia. Lens: PrzmBlack. Unisex / Round shape. Fit: Bridge: 21mm, Lens width: 52mm, Lens height: 48mm, Temple: 137mm. Authentic, sold by an authorized retailer.",Oakley,Sunglasses,"Oakley, HSTN Metal, Round",TRUE,Title,Default Title,,,,,OO9279-0552,3904000,4880000,,shopify,Unisex,Round,FALSE,O_matter,Polycarbonate,21,52,48,137,Prizm Black,Matte Black,Metal,High Bridge Fit,OK9279-0552,https://cdn.shopify.com/s/files/1/1056/5215/8545/files/0OO9279__927905__P21__noshad__fr.jpg?v=1783995981
oakley-oo9279-0552,,,,,,,,,,,,,,,,,,,,,,,,,,,,,,,,https://cdn.shopify.com/s/files/1/1056/5215/8545/files/0OO9279__927905__P21__noshad__qt.jpg?v=1783995984
oakley-oo9279-0752,"Oakley HSTN Metal — Performance Lifestyle, AstonMartin-GryInk","Frame: AstonMartin-GryInk. Lens: PrzmBlack+1Nose. Unisex / Round shape. Fit: Bridge: 21mm, Lens width: 52mm, Lens height: 48mm, Temple: 137mm. Authentic, sold by an authorized retailer.",Oakley,Sunglasses,"Oakley, HSTN Metal, Round",TRUE,Title,Default Title,,,,,OO9279-0752,4392000,5490000,,shopify,Unisex,Round,FALSE,O_matter,Polycarbonate,21,52,48,137,Prizm Black,Matte Black,Metal,High Bridge Fit,OK9279-0752,https://cdn.shopify.com/s/files/1/1056/5215/8545/files/0OO9279__927907__P21__noshad__fr.jpg?v=1783995993
oakley-oo9279-0752,,,,,,,,,,,,,,,,,,,,,,,,,,,,,,,,https://cdn.shopify.com/s/files/1/1056/5215/8545/files/0OO9279__927907__P21__noshad__qt.jpg?v=1783995996
oakley-oo9280-0239,"Oakley BXTR — Performance Lifestyle, Matte White","Frame: Matte White. Lens: PrizmRoad. Unisex / Shield shape. Fit: Bridge: 139mm, Lens width: 39mm, Lens height: 55mm, Temple: 139mm. Authentic, sold by an authorized retailer.",Oakley,Sunglasses,"Oakley, BXTR, Shield",TRUE,Title,Default Title,,,,,OO9280-0239,3352000,4190000,,shopify,Unisex,Shield,FALSE,O_matter,Polycarbonate,139,39,55,139,Prizm Black,Matte Black,Injected,High Bridge Fit,OK9280-0239,https://cdn.shopify.com/s/files/1/1056/5215/8545/files/0OO9280__928002__P21__noshad__fr.jpg?v=1785244699
oakley-oo9280-0239,,,,,,,,,,,,,,,,,,,,,,,,,,,,,,,,https://cdn.shopify.com/s/files/1/1056/5215/8545/files/0OO9280__928002__P21__noshad__qt.jpg?v=1785244702
oakley-oo9280-0339,"Oakley BXTR — Performance Lifestyle, Matte Black","Frame: Matte Black. Lens: PrizmSapphire. Unisex / Shield shape. Fit: Bridge: 139mm, Lens width: 39mm, Lens height: 55mm, Temple: 139mm. Authentic, sold by an authorized retailer.",Oakley,Sunglasses,"Oakley, BXTR, Shield",TRUE,Title,Default Title,,,,,OO9280-0339,3352000,4190000,,shopify,Unisex,Shield,FALSE,O_matter,Polycarbonate,139,39,55,139,Prizm Black,Matte Black,Injected,High Bridge Fit,OK9280-0339,https://cdn.shopify.com/s/files/1/1056/5215/8545/files/0OO9280__928003__P21__noshad__fr.jpg?v=1783995999
oakley-oo9280-0339,,,,,,,,,,,,,,,,,,,,,,,,,,,,,,,,https://cdn.shopify.com/s/files/1/1056/5215/8545/files/0OO9280__928003__P21__noshad__qt.jpg?v=1783996003
oakley-oo9280-0439,"Oakley BXTR — Performance Lifestyle, Matte Desert Tan","Frame: Matte Desert Tan. Lens: PrizmRuby. Unisex / Shield shape. Fit: Bridge: 139mm, Lens width: 39mm, Lens height: 55mm, Temple: 139mm. Authentic, sold by an authorized retailer.",Oakley,Sunglasses,"Oakley, BXTR, Shield",TRUE,Title,Default Title,,,,,OO9280-0439,3352000,4190000,,shopify,Unisex,Shield,FALSE,O_matter,Polycarbonate,139,39,55,139,Prizm Black,Matte Black,Injected,High Bridge Fit,OK9280-0439,https://cdn.shopify.com/s/files/1/1056/5215/8545/files/0OO9280__928004__P21__noshad__fr.jpg?v=1785244705
oakley-oo9280-0439,,,,,,,,,,,,,,,,,,,,,,,,,,,,,,,,https://cdn.shopify.com/s/files/1/1056/5215/8545/files/0OO9280__928004__P21__noshad__qt.jpg?v=1785244709
oakley-oo9280-0539,"Oakley BXTR — Performance Lifestyle, Matte Black","Frame: Matte Black. Lens: PrzmBlack. Unisex / Shield shape. Fit: Bridge: 139mm, Lens width: 39mm, Lens height: 55mm, Temple: 139mm. Authentic, sold by an authorized retailer.",Oakley,Sunglasses,"Oakley, BXTR, Shield",TRUE,Title,Default Title,,,,,OO9280-0539,3352000,4190000,,shopify,Unisex,Shield,FALSE,O_matter,Polycarbonate,139,39,55,139,Prizm Black,Matte Black,Injected,High Bridge Fit,OK9280-0539,https://cdn.shopify.com/s/files/1/1056/5215/8545/files/0OO9280__928005__P21__noshad__fr.jpg?v=1785244712
oakley-oo9280-0539,,,,,,,,,,,,,,,,,,,,,,,,,,,,,,,,https://cdn.shopify.com/s/files/1/1056/5215/8545/files/0OO9280__928005__P21__noshad__qt.jpg?v=1785244716
oakley-oo9280-0639,"Oakley BXTR — Performance Lifestyle, RetinaBurn","Frame: RetinaBurn. Lens: PrizmRoad. Unisex / Shield shape. Fit: Bridge: 139mm, Lens width: 39mm, Lens height: 55mm, Temple: 139mm. Authentic, sold by an authorized retailer.",Oakley,Sunglasses,"Oakley, BXTR, Shield",TRUE,Title,Default Title,,,,,OO9280-0639,2904000,3630000,,shopify,Unisex,Shield,FALSE,O_matter,Polycarbonate,139,39,55,139,Prizm Black,Matte Black,Injected,High Bridge Fit,OK9280-0639,https://cdn.shopify.com/s/files/1/1056/5215/8545/files/0OO9280__928006__P21__noshad__fr.jpg?v=1785244721
oakley-oo9280-0639,,,,,,,,,,,,,,,,,,,,,,,,,,,,,,,,https://cdn.shopify.com/s/files/1/1056/5215/8545/files/0OO9280__928006__P21__noshad__qt.jpg?v=1785244724
oakley-oo9280-0839,"Oakley BXTR — Performance Lifestyle, Matte TerrainTan","Frame: Matte TerrainTan. Lens: PrzmTungsten(Sign.Mahomes). Unisex / Shield shape. Fit: Bridge: 139mm, Lens width: 39mm, Lens height: 55mm, Temple: 139mm. Authentic, sold by an authorized retailer.",Oakley,Sunglasses,"Oakley, BXTR, Shield",TRUE,Title,Default Title,,,,,OO9280-0839,3344000,4180000,,shopify,Unisex,Shield,FALSE,O_matter,Polycarbonate,139,39,55,139,Prizm Black,Matte Black,Injected,High Bridge Fit,OK9280-0839,https://cdn.shopify.com/s/files/1/1056/5215/8545/files/0OO9280__928008__P21__noshad__fr.jpg?v=1785244727
oakley-oo9280-0839,,,,,,,,,,,,,,,,,,,,,,,,,,,,,,,,https://cdn.shopify.com/s/files/1/1056/5215/8545/files/0OO9280__928008__P21__noshad__qt.jpg?v=1785244730
oakley-oo9280-0939,"Oakley BXTR — Performance Lifestyle, Matte Balsam","Frame: Matte Balsam. Lens: PrizmGrey. Unisex / Shield shape. Fit: Bridge: 139mm, Lens width: 39mm, Lens height: 55mm, Temple: 139mm. Authentic, sold by an authorized retailer.",Oakley,Sunglasses,"Oakley, BXTR, Shield",TRUE,Title,Default Title,,,,,OO9280-0939,2696000,3370000,,shopify,Unisex,Shield,FALSE,O_matter,Polycarbonate,139,39,55,139,Prizm Black,Matte Black,Injected,High Bridge Fit,OK9280-0939,https://cdn.shopify.com/s/files/1/1056/5215/8545/files/0OO9280__928009__P21__noshad__fr.jpg?v=1785244733
oakley-oo9280-0939,,,,,,,,,,,,,,,,,,,,,,,,,,,,,,,,https://cdn.shopify.com/s/files/1/1056/5215/8545/files/0OO9280__928009__P21__noshad__qt.jpg?v=1785244736
oakley-oo9280-1439,"Oakley BXTR — Performance Lifestyle, Matte GryInk","Frame: Matte GryInk. Lens: PrzmTrailTorch. Unisex / Shield shape. Fit: Bridge: 139mm, Lens width: 39mm, Lens height: 55mm, Temple: 139mm. Authentic, sold by an authorized retailer.",Oakley,Sunglasses,"Oakley, BXTR, Shield",TRUE,Title,Default Title,,,,,OO9280-1439,2992000,3740000,,shopify,Unisex,Shield,FALSE,O_matter,Polycarbonate,139,39,55,139,Prizm Black,Matte Black,Injected,High Bridge Fit,OK9280-1439,https://cdn.shopify.com/s/files/1/1056/5215/8545/files/0OO9280__928014__P21__noshad__fr.jpg?v=1783996006
oakley-oo9280-1439,,,,,,,,,,,,,,,,,,,,,,,,,,,,,,,,https://cdn.shopify.com/s/files/1/1056/5215/8545/files/0OO9280__928014__P21__noshad__qt.jpg?v=1783996009
oakley-oo9280-1539,"Oakley BXTR — Performance Lifestyle, Matte Black","Frame: Matte Black. Lens: PrzmBlack. Unisex / Shield shape. Fit: Bridge: 139mm, Lens width: 39mm, Lens height: 55mm, Temple: 139mm. Authentic, sold by an authorized retailer.",Oakley,Sunglasses,"Oakley, BXTR, Shield",TRUE,Title,Default Title,,,,,OO9280-1539,2992000,3740000,,shopify,Unisex,Shield,FALSE,O_matter,Polycarbonate,139,39,55,139,Prizm Black,Matte Black,Injected,High Bridge Fit,OK9280-1539,https://cdn.shopify.com/s/files/1/1056/5215/8545/files/0OO9280__928015__P21__noshad__fr.jpg?v=1783996013
oakley-oo9280-1539,,,,,,,,,,,,,,,,,,,,,,,,,,,,,,,,https://cdn.shopify.com/s/files/1/1056/5215/8545/files/0OO9280__928015__P21__noshad__qt.jpg?v=1783996016
oakley-oo9280-1939,"Oakley BXTR — Performance Lifestyle, Matte Black","Frame: Matte Black. Lens: PrizmBlack+1NoseP. Unisex / Shield shape. Fit: Bridge: 139mm, Lens width: 39mm, Lens height: 55mm, Temple: 139mm. Authentic, sold by an authorized retailer.",Oakley,Sunglasses,"Oakley, BXTR, Shield",TRUE,Title,Default Title,,,,,OO9280-1939,3744000,4680000,,shopify,Unisex,Shield,FALSE,O_matter,Polycarbonate,139,39,55,139,Prizm Black,Matte Black,Injected,High Bridge Fit,OK9280-1939,https://cdn.shopify.com/s/files/1/1056/5215/8545/files/0OO9280__928019__P21__noshad__fr.jpg?v=1783996025
oakley-oo9280-1939,,,,,,,,,,,,,,,,,,,,,,,,,,,,,,,,https://cdn.shopify.com/s/files/1/1056/5215/8545/files/0OO9280__928019__P21__noshad__qt.jpg?v=1783996028
oakley-oo9280-2139,"Oakley BXTR — Performance Lifestyle, Fortnite-Yellow","Frame: Fortnite-Yellow. Lens: PrizmTungsten+1NoseP. Unisex / Shield shape. Fit: Bridge: 139mm, Lens width: 39mm, Lens height: 55mm, Temple: 139mm. Authentic, sold by an authorized retailer.",Oakley,Sunglasses,"Oakley, BXTR, Shield",TRUE,Title,Default Title,,,,,OO9280-2139,3344000,4180000,,shopify,Unisex,Shield,FALSE,O_matter,Polycarbonate,139,39,55,139,Prizm Black,Matte Black,Injected,High Bridge Fit,OK9280-2139,https://cdn.shopify.com/s/files/1/1056/5215/8545/files/0OO9280__928021__P21__noshad__fr.jpg?v=1783996038
oakley-oo9280-2139,,,,,,,,,,,,,,,,,,,,,,,,,,,,,,,,https://cdn.shopify.com/s/files/1/1056/5215/8545/files/0OO9280__928021__P21__noshad__qt.jpg?v=1783996041
oakley-oo9285-0361,"Oakley HELUX — Performance Lifestyle, Gmg-Matte CrystalBlue","Frame: Gmg-Matte CrystalBlue. Lens: PrzmGaming. Man / Rectangle shape. Fit: Bridge: 9mm, Lens width: 61mm, Lens height: 45mm, Temple: 146mm. Authentic, sold by an authorized retailer.",Oakley,Sunglasses,"Oakley, HELUX, Rectangle",TRUE,Title,Default Title,,,,,OO9285-0361,2696000,3370000,,shopify,Man,Rectangle,FALSE,O_matter,Polycarbonate,9,61,45,146,Prizm Gaming™ 2.0,Matte Black,Injected,Universal Fit,OK9285-0361,https://cdn.shopify.com/s/files/1/1056/5215/8545/files/0OO9285__928503__P21__noshad__fr.jpg?v=1785244739
oakley-oo9285-0361,,,,,,,,,,,,,,,,,,,,,,,,,,,,,,,,https://cdn.shopify.com/s/files/1/1056/5215/8545/files/0OO9285__928503__P21__noshad__qt.jpg?v=1785244742
oakley-oo9288-0157,"Oakley SIELO — Performance Lifestyle, Matte BlkInk","Frame: Matte BlkInk. Lens: PrzmGryPol.. Woman / Round shape. Fit: Bridge: 17mm, Lens width: 57mm, Lens height: 49mm, Temple: 143mm. Authentic, sold by an authorized retailer.",Oakley,Sunglasses,"Oakley, SIELO, Round",TRUE,Title,Default Title,,,,,OO9288-0157,3488000,4360000,,shopify,Woman,Round,TRUE,O_matter,Polycarbonate,17,57,49,143,Prizm Grey Polarized,Matte Black Ink,Steel,Universal Fit,OK9288-0157,https://cdn.shopify.com/s/files/1/1056/5215/8545/files/0OO9288__928801__P21__noshad__fr.jpg?v=1785244745
oakley-oo9288-0157,,,,,,,,,,,,,,,,,,,,,,,,,,,,,,,,https://cdn.shopify.com/s/files/1/1056/5215/8545/files/0OO9288__928801__P21__noshad__qt.jpg?v=1785244748
oakley-oo9288-0257,"Oakley SIELO — Performance Lifestyle, Matte OliveInk","Frame: Matte OliveInk. Lens: PrzmBrwGradient. Woman / Round shape. Fit: Bridge: 17mm, Lens width: 57mm, Lens height: 49mm, Temple: 143mm. Authentic, sold by an authorized retailer.",Oakley,Sunglasses,"Oakley, SIELO, Round",TRUE,Title,Default Title,,,,,OO9288-0257,2696000,3370000,,shopify,Woman,Round,TRUE,O_matter,Polycarbonate,17,57,49,143,Prizm Grey Polarized,Matte Black Ink,Steel,Universal Fit,OK9288-0257,https://cdn.shopify.com/s/files/1/1056/5215/8545/files/0OO9288__928802__P21__noshad__fr.jpg?v=1785244751
oakley-oo9288-0257,,,,,,,,,,,,,,,,,,,,,,,,,,,,,,,,https://cdn.shopify.com/s/files/1/1056/5215/8545/files/0OO9288__928802__P21__noshad__qt.jpg?v=1785244755
oakley-oo9288-0357,"Oakley SIELO — Performance Lifestyle, PolishBrwTortoise","Frame: PolishBrwTortoise. Lens: PrzmBrzPol.. Woman / Round shape. Fit: Bridge: 17mm, Lens width: 57mm, Lens height: 49mm, Temple: 143mm. Authentic, sold by an authorized retailer.",Oakley,Sunglasses,"Oakley, SIELO, Round",TRUE,Title,Default Title,,,,,OO9288-0357,3488000,4360000,,shopify,Woman,Round,TRUE,O_matter,Polycarbonate,17,57,49,143,Prizm Grey Polarized,Matte Black Ink,Steel,Universal Fit,OK9288-0357,https://cdn.shopify.com/s/files/1/1056/5215/8545/files/0OO9288__928803__P21__noshad__fr.jpg?v=1785244758
oakley-oo9288-0357,,,,,,,,,,,,,,,,,,,,,,,,,,,,,,,,https://cdn.shopify.com/s/files/1/1056/5215/8545/files/0OO9288__928803__P21__noshad__qt.jpg?v=1785244761
oakley-oo9288-0457,"Oakley SIELO — Performance Lifestyle, Matte Transparent.Stonewash","Frame: Matte Transparent.Stonewash. Lens: PrzmDeepWaterPol.. Woman / Round shape. Fit: Bridge: 17mm, Lens width: 57mm, Lens height: 49mm, Temple: 143mm. Authentic, sold by an authorized retailer.",Oakley,Sunglasses,"Oakley, SIELO, Round",TRUE,Title,Default Title,,,,,OO9288-0457,3648000,4560000,,shopify,Woman,Round,TRUE,O_matter,Polycarbonate,17,57,49,143,Prizm Grey Polarized,Matte Black Ink,Steel,Universal Fit,OK9288-0457,https://cdn.shopify.com/s/files/1/1056/5215/8545/files/0OO9288__928804__P21__noshad__fr.jpg?v=1785244765
oakley-oo9288-0457,,,,,,,,,,,,,,,,,,,,,,,,,,,,,,,,https://cdn.shopify.com/s/files/1/1056/5215/8545/files/0OO9288__928804__P21__noshad__qt.jpg?v=1785244768
oakley-oo9288-0557,"Oakley SIELO — Performance Lifestyle, CrystalRaspberry","Frame: CrystalRaspberry. Lens: PrzmRoseGold. Woman / Round shape. Fit: Bridge: 17mm, Lens width: 57mm, Lens height: 49mm, Temple: 143mm. Authentic, sold by an authorized retailer.",Oakley,Sunglasses,"Oakley, SIELO, Round",TRUE,Title,Default Title,,,,,OO9288-0557,2856000,3570000,,shopify,Woman,Round,TRUE,O_matter,Polycarbonate,17,57,49,143,Prizm Grey Polarized,Matte Black Ink,Steel,Universal Fit,OK9288-0557,https://cdn.shopify.com/s/files/1/1056/5215/8545/files/0OO9288__928805__P21__noshad__fr.jpg?v=1785244771
oakley-oo9288-0557,,,,,,,,,,,,,,,,,,,,,,,,,,,,,,,,https://cdn.shopify.com/s/files/1/1056/5215/8545/files/0OO9288__928805__P21__noshad__qt.jpg?v=1785244774
oakley-oo9288-0657,"Oakley SIELO — Performance Lifestyle, Matte Transparent.Lilac","Frame: Matte Transparent.Lilac. Lens: PrzmGryGradient. Woman / Round shape. Fit: Bridge: 17mm, Lens width: 57mm, Lens height: 49mm, Temple: 143mm. Authentic, sold by an authorized retailer.",Oakley,Sunglasses,"Oakley, SIELO, Round",TRUE,Title,Default Title,,,,,OO9288-0657,2696000,3370000,,shopify,Woman,Round,TRUE,O_matter,Polycarbonate,17,57,49,143,Prizm Grey Polarized,Matte Black Ink,Steel,Universal Fit,OK9288-0657,https://cdn.shopify.com/s/files/1/1056/5215/8545/files/0OO9288__928806__P21__noshad__fr.jpg?v=1785244777
oakley-oo9288-0657,,,,,,,,,,,,,,,,,,,,,,,,,,,,,,,,https://cdn.shopify.com/s/files/1/1056/5215/8545/files/0OO9288__928806__P21__noshad__qt.jpg?v=1785244780
oakley-oo9288-0757,"Oakley SIELO — Performance Lifestyle, PolishChrome","Frame: PolishChrome. Lens: PrzmViolet. Woman / Round shape. Fit: Bridge: 17mm, Lens width: 57mm, Lens height: 49mm, Temple: 143mm. Authentic, sold by an authorized retailer.",Oakley,Sunglasses,"Oakley, SIELO, Round",TRUE,Title,Default Title,,,,,OO9288-0757,3176000,3970000,,shopify,Woman,Round,TRUE,O_matter,Polycarbonate,17,57,49,143,Prizm Grey Polarized,Matte Black Ink,Steel,Universal Fit,OK9288-0757,https://cdn.shopify.com/s/files/1/1056/5215/8545/files/0OO9288__928807__P21__noshad__fr.jpg?v=1785244783
oakley-oo9288-0757,,,,,,,,,,,,,,,,,,,,,,,,,,,,,,,,https://cdn.shopify.com/s/files/1/1056/5215/8545/files/0OO9288__928807__P21__noshad__qt.jpg?v=1785244787
oakley-oo9289-0255,"Oakley FROGSKINS HYBRID — Performance Lifestyle, Celeste","Frame: Celeste. Lens: TennisBallYellow. Man / Round shape. Fit: Bridge: 17mm, Lens width: 55mm, Lens height: 44mm, Temple: 138mm. Authentic, sold by an authorized retailer.",Oakley,Sunglasses,"Oakley, FROGSKINS HYBRID, Round",TRUE,Title,Default Title,,,,,OO9289-0255,2816000,3520000,,shopify,Man,Round,FALSE,O_matter,Polycarbonate,17,55,44,138,Prizm Violet,Matte Lilac/Prizm Clear,Injected,Universal Fit,OK9289-0255,https://cdn.shopify.com/s/files/1/1056/5215/8545/files/0OO9289__928902__P21__noshad__fr.jpg?v=1785244791
oakley-oo9289-0255,,,,,,,,,,,,,,,,,,,,,,,,,,,,,,,,https://cdn.shopify.com/s/files/1/1056/5215/8545/files/0OO9289__928902__P21__noshad__qt.jpg?v=1785244794
oakley-oo9289-0355,"Oakley FROGSKINS HYBRID — Performance Lifestyle, PrimaryBlue","Frame: PrimaryBlue. Lens: CoolGrey. Man / Round shape. Fit: Bridge: 17mm, Lens width: 55mm, Lens height: 44mm, Temple: 138mm. Authentic, sold by an authorized retailer.",Oakley,Sunglasses,"Oakley, FROGSKINS HYBRID, Round",TRUE,Title,Default Title,,,,,OO9289-0355,2816000,3520000,,shopify,Man,Round,FALSE,O_matter,Polycarbonate,17,55,44,138,Prizm Violet,Matte Lilac/Prizm Clear,Injected,Universal Fit,OK9289-0355,https://cdn.shopify.com/s/files/1/1056/5215/8545/files/0OO9289__928903__P21__noshad__fr.jpg?v=1785244797
oakley-oo9289-0355,,,,,,,,,,,,,,,,,,,,,,,,,,,,,,,,https://cdn.shopify.com/s/files/1/1056/5215/8545/files/0OO9289__928903__P21__noshad__qt.jpg?v=1785244800
oakley-oo9289-0455,"Oakley FROGSKINS HYBRID — Performance Lifestyle, Matte Black","Frame: Matte Black. Lens: NeonPink. Man / Round shape. Fit: Bridge: 17mm, Lens width: 55mm, Lens height: 44mm, Temple: 138mm. Authentic, sold by an authorized retailer.",Oakley,Sunglasses,"Oakley, FROGSKINS HYBRID, Round",TRUE,Title,Default Title,,,,,OO9289-0455,2816000,3520000,,shopify,Man,Round,FALSE,O_matter,Polycarbonate,17,55,44,138,Prizm Violet,Matte Lilac/Prizm Clear,Injected,Universal Fit,OK9289-0455,https://cdn.shopify.com/s/files/1/1056/5215/8545/files/0OO9289__928904__P21__noshad__fr.jpg?v=1785244803
oakley-oo9289-0455,,,,,,,,,,,,,,,,,,,,,,,,,,,,,,,,https://cdn.shopify.com/s/files/1/1056/5215/8545/files/0OO9289__928904__P21__noshad__qt.jpg?v=1785244806
oakley-oo9290-2331,"Oakley JAW BREAKER — Sport Performance, (sp-pz)-sp-RubyFdBlack","Frame: (sp-pz)-sp-RubyFdBlack. Lens: PrzmRoadRuby. Man / Shield shape. Fit: Bridge: 131mm, Lens width: 55mm, Lens height: 54mm, Temple: 121mm. Authentic, sold by an authorized retailer.",Oakley,Sunglasses,"Oakley, JAW BREAKER, Shield",TRUE,Title,Default Title,,,,,OO9290-2331,2900000,3890000,,shopify,Man,Shield,FALSE,O_matter,Polycarbonate,131,55,54,121,Prizm Road,Polished White,Injected,High Bridge Fit,OK9290-2331,https://cdn.shopify.com/s/files/1/1056/5215/8545/files/0OO9290__929023_000A.jpg?v=1785244809
oakley-oo9290-2331,,,,,,,,,,,,,,,,,,,,,,,,,,,,,,,,https://cdn.shopify.com/s/files/1/1056/5215/8545/files/0OO9290__929023_030A.jpg?v=1785244812
oakley-oo9290-2631,"Oakley JAW BREAKER — Sport Performance, (sp-pz)-sp4-Retina","Frame: (sp-pz)-sp4-Retina. Lens: PrzmRoad, N.2,950. Man / Shield shape. Fit: Bridge: 131mm, Lens width: 55mm, Lens height: 54mm, Temple: 121mm. Authentic, sold by an authorized retailer.",Oakley,Sunglasses,"Oakley, JAW BREAKER, Shield",TRUE,Title,Default Title,,,,,OO9290-2631,2900000,4090000,,shopify,Man,Shield,FALSE,O_matter,Polycarbonate,131,55,54,121,Prizm Road,Polished White,Injected,High Bridge Fit,OK9290-2631,https://cdn.shopify.com/s/files/1/1056/5215/8545/files/0OO9290__929026__STD__noshad__fr.jpg?v=1785244815
oakley-oo9290-2631,,,,,,,,,,,,,,,,,,,,,,,,,,,,,,,,https://cdn.shopify.com/s/files/1/1056/5215/8545/files/0OO9290__929026__STD__noshad__qt.jpg?v=1785244818
oakley-oo9307-0832,"Oakley Turbine Rotor — Performance Lifestyle, PolishedBlack","Frame: PolishedBlack. Lens: PrzmDeepWaterPol.. Man / Shield shape. Fit: Bridge: 132mm, Lens height: 45mm, Temple: 132mm. Authentic, sold by an authorized retailer.",Oakley,Sunglasses,"Oakley, Turbine Rotor, Shield",TRUE,Title,Default Title,,,,,OO9307-0832,4640000,5800000,,shopify,Man,Shield,TRUE,O_matter,Polycarbonate,132,,45,132,Prizm Deep Water Polarized,Polished Black,Injected,High Bridge Fit,OK9307-0832,https://cdn.shopify.com/s/files/1/1056/5215/8545/files/0OO9307__930708__STD__noshad__fr.jpg?v=1785244821
oakley-oo9307-0832,,,,,,,,,,,,,,,,,,,,,,,,,,,,,,,,https://cdn.shopify.com/s/files/1/1056/5215/8545/files/0OO9307__930708__STD__noshad__qt.jpg?v=1785244824
oakley-oo9307-0932,"Oakley Turbine Rotor — Performance Lifestyle, Steel","Frame: Steel. Lens: PrzmDeepWaterPol.. Man / Shield shape. Fit: Bridge: 132mm, Lens height: 45mm, Temple: 132mm. Authentic, sold by an authorized retailer.",Oakley,Sunglasses,"Oakley, Turbine Rotor, Shield",TRUE,Title,Default Title,,,,,OO9307-0932,4640000,5800000,,shopify,Man,Shield,TRUE,O_matter,Polycarbonate,132,,45,132,Prizm Deep Water Polarized,Polished Black,Injected,High Bridge Fit,OK9307-0932,https://cdn.shopify.com/s/files/1/1056/5215/8545/files/0OO9307__930709__STD__noshad__fr.jpg?v=1785244827
oakley-oo9307-0932,,,,,,,,,,,,,,,,,,,,,,,,,,,,,,,,https://cdn.shopify.com/s/files/1/1056/5215/8545/files/0OO9307__930709__STD__noshad__qt.jpg?v=1785244830
oakley-oo9307-3132,"Oakley Turbine Rotor — Performance Lifestyle, Matte Steel","Frame: Matte Steel. Lens: PrizmVioletPol.. Man / Shield shape. Fit: Bridge: 132mm, Lens height: 45mm, Temple: 132mm. Authentic, sold by an authorized retailer.",Oakley,Sunglasses,"Oakley, Turbine Rotor, Shield",TRUE,Title,Default Title,,,,,OO9307-3132,4640000,5800000,,shopify,Man,Shield,TRUE,O_matter,Polycarbonate,132,,45,132,Prizm Deep Water Polarized,Polished Black,Injected,High Bridge Fit,OK9307-3132,https://cdn.shopify.com/s/files/1/1056/5215/8545/files/0OO9307__930731__P21__noshad__fr.jpg?v=1783996115
oakley-oo9307-3132,,,,,,,,,,,,,,,,,,,,,,,,,,,,,,,,https://cdn.shopify.com/s/files/1/1056/5215/8545/files/0OO9307__930731__P21__noshad__qt.jpg?v=1783996118
oakley-oo9313-0138,"Oakley EV ZERO PATH — Sport Performance, (sp-b)-sp4-(A)Black","Frame: (sp-b)-sp4-(A)Black. Lens: BlkIrr. Unisex / Shield shape. Fit: Bridge: 138mm, Lens height: 50mm, Temple: 125mm. Authentic, sold by an authorized retailer.",Oakley,Sunglasses,"Oakley, EV ZERO PATH, Shield",TRUE,Title,Default Title,,,,,OO9313-0138,2400000,3090000,,shopify,Unisex,Shield,FALSE,O_matter,Polycarbonate,138,,50,125,+ Red Iridium,Planet X,Injected,Low Bridge Fit,OK9313-0138,https://cdn.shopify.com/s/files/1/1056/5215/8545/files/0OO9313__931301_000A.jpg?v=1785244834
oakley-oo9313-0138,,,,,,,,,,,,,,,,,,,,,,,,,,,,,,,,https://cdn.shopify.com/s/files/1/1056/5215/8545/files/0OO9313__931301_030A.jpg?v=1785244837
oakley-oo9313-0238,"Oakley EV ZERO PATH — Sport Performance, (sp-b)-sp4-(A)Planet","Frame: (sp-b)-sp4-(A)Planet. Lens: Red. Unisex / Shield shape. Fit: Bridge: 138mm, Lens height: 50mm, Temple: 125mm. Authentic, sold by an authorized retailer.",Oakley,Sunglasses,"Oakley, EV ZERO PATH, Shield",TRUE,Title,Default Title,,,,,OO9313-0238,2400000,3090000,,shopify,Unisex,Shield,FALSE,O_matter,Polycarbonate,138,,50,125,+ Red Iridium,Planet X,Injected,Low Bridge Fit,OK9313-0238,https://cdn.shopify.com/s/files/1/1056/5215/8545/files/0OO9313__931302__STD__noshad__fr.jpg?v=1785244840
oakley-oo9313-0238,,,,,,,,,,,,,,,,,,,,,,,,,,,,,,,,https://cdn.shopify.com/s/files/1/1056/5215/8545/files/0OO9313__931302__STD__noshad__qt.jpg?v=1785244843
oakley-oo9313-0538,"Oakley EV ZERO PATH — Sport Performance, (sp-pz)-sp4-(A)Steel","Frame: (sp-pz)-sp4-(A)Steel. Lens: PrzmGolf. Unisex / Shield shape. Fit: Bridge: 138mm, Lens height: 50mm, Temple: 125mm. Authentic, sold by an authorized retailer.",Oakley,Sunglasses,"Oakley, EV ZERO PATH, Shield",TRUE,Title,Default Title,,,,,OO9313-0538,2400000,3290000,,shopify,Unisex,Shield,FALSE,O_matter,Polycarbonate,138,,50,125,+ Red Iridium,Planet X,Injected,Low Bridge Fit,OK9313-0538,https://cdn.shopify.com/s/files/1/1056/5215/8545/files/0OO9313__931305__STD__noshad__fr.jpg?v=1785244846
oakley-oo9313-0538,,,,,,,,,,,,,,,,,,,,,,,,,,,,,,,,https://cdn.shopify.com/s/files/1/1056/5215/8545/files/0OO9313__931305__STD__noshad__qt.jpg?v=1785244850
oakley-oo9313-07,"Oakley EV ZERO PATH — Sport Performance, (sp-pz)-sp5s-(A)Green","Frame: (sp-pz)-sp5s-(A)Green. Lens: PrzmRed. Unisex / Shield shape. Fit: Bridge: 138mm, Lens height: 50mm, Temple: 125mm. Authentic, sold by an authorized retailer.",Oakley,Sunglasses,"Oakley, EV ZERO PATH, Shield",TRUE,Title,Default Title,,,,,OO9313-07,2400000,3390000,,shopify,Unisex,Shield,FALSE,O_matter,Polycarbonate,138,,50,125,+ Red Iridium,Planet X,Injected,Low Bridge Fit,OK9313-07,https://cdn.shopify.com/s/files/1/1056/5215/8545/files/0OO9313__931307_000A.jpg?v=1785244852
oakley-oo9313-07,,,,,,,,,,,,,,,,,,,,,,,,,,,,,,,,https://cdn.shopify.com/s/files/1/1056/5215/8545/files/0OO9313__931307_030A.jpg?v=1785244856
oakley-oo9313-1438,"Oakley EV ZERO PATH — Sport Performance, (sp-pz)-sp4-(A)Black","Frame: (sp-pz)-sp4-(A)Black. Lens: PrzmBlack. Unisex / Shield shape. Fit: Bridge: 138mm, Lens height: 50mm, Temple: 125mm. Authentic, sold by an authorized retailer.",Oakley,Sunglasses,"Oakley, EV ZERO PATH, Shield",TRUE,Title,Default Title,,,,,OO9313-1438,2400000,3290000,,shopify,Unisex,Shield,FALSE,O_matter,Polycarbonate,138,,50,125,+ Red Iridium,Planet X,Injected,Low Bridge Fit,OK9313-1438,https://cdn.shopify.com/s/files/1/1056/5215/8545/files/0OO9313__931314__STD__noshad__fr.jpg?v=1785244859
oakley-oo9313-1438,,,,,,,,,,,,,,,,,,,,,,,,,,,,,,,,https://cdn.shopify.com/s/files/1/1056/5215/8545/files/0OO9313__931314__STD__noshad__qt.jpg?v=1785244861
oakley-oo9313-1538,"Oakley EV ZERO PATH — Sport Performance, (sp-pz)-sp4-(A)PolishWhite","Frame: (sp-pz)-sp4-(A)PolishWhite. Lens: PrzmSapp. Unisex / Shield shape. Fit: Bridge: 138mm, Lens height: 50mm, Temple: 125mm. Authentic, sold by an authorized retailer.",Oakley,Sunglasses,"Oakley, EV ZERO PATH, Shield",TRUE,Title,Default Title,,,,,OO9313-1538,2650000,3290000,,shopify,Unisex,Shield,FALSE,O_matter,Polycarbonate,138,,50,125,+ Red Iridium,Planet X,Injected,Low Bridge Fit,OK9313-1538,https://cdn.shopify.com/s/files/1/1056/5215/8545/files/0OO9313__931315__STD__noshad__fr.jpg?v=1785244865
oakley-oo9313-1538,,,,,,,,,,,,,,,,,,,,,,,,,,,,,,,,https://cdn.shopify.com/s/files/1/1056/5215/8545/files/0OO9313__931315__STD__noshad__qt.jpg?v=1785244868
oakley-oo9314-02,Oakley TRIGGERMAN — *(A)-Black,"Frame: *(A)-Black. Lens: JadeIrrPlr, 10. Authentic, sold by an authorized retailer.",Oakley,Sunglasses,"Oakley, TRIGGERMAN",TRUE,Title,Default Title,,,,,OO9314-02,3990000,,,shopify,,,FALSE,,,,,,,,,,,OK9314-02,https://cdn.shopify.com/s/files/1/1056/5215/8545/files/0OO9314__931402_000A.jpg?v=1785244871
oakley-oo9314-02,,,,,,,,,,,,,,,,,,,,,,,,,,,,,,,,https://cdn.shopify.com/s/files/1/1056/5215/8545/files/0OO9314__931402_030A.jpg?v=1785244874
oakley-oo9314-03,Oakley TRIGGERMAN — Plastic PolishBlack,"Frame: Plastic PolishBlack. Lens: RubyIrr,Sz56. Authentic, sold by an authorized retailer.",Oakley,Sunglasses,"Oakley, TRIGGERMAN",TRUE,Title,Default Title,,,,,OO9314-03,3090000,,,shopify,,,FALSE,,,,,,,,,,,OK9314-03,https://cdn.shopify.com/s/files/1/1056/5215/8545/files/0OO9314__931403_000A.jpg?v=1785244877
oakley-oo9314-03,,,,,,,,,,,,,,,,,,,,,,,,,,,,,,,,https://cdn.shopify.com/s/files/1/1056/5215/8545/files/0OO9314__931403_030A.jpg?v=1785244880
oakley-oo9314-04,Oakley TRIGGERMAN — Plastic BlkInk,"Frame: Plastic BlkInk. Lens: Violet Irr,Sz56. Authentic, sold by an authorized retailer.",Oakley,Sunglasses,"Oakley, TRIGGERMAN",TRUE,Title,Default Title,,,,,OO9314-04,3090000,,,shopify,,,FALSE,,,,,,,,,,,OK9314-04,https://cdn.shopify.com/s/files/1/1056/5215/8545/files/0OO9314__931404_000A.jpg?v=1785244883
oakley-oo9314-04,,,,,,,,,,,,,,,,,,,,,,,,,,,,,,,,https://cdn.shopify.com/s/files/1/1056/5215/8545/files/0OO9314__931404_030A.jpg?v=1785244886
oakley-oo9314-05,Oakley TRIGGERMAN — Plastic Matte Black,"Frame: Plastic Matte Black. Lens: ChrIrr,Sz56. Authentic, sold by an authorized retailer.",Oakley,Sunglasses,"Oakley, TRIGGERMAN",TRUE,Title,Default Title,,,,,OO9314-05,3090000,,,shopify,,,FALSE,,,,,,,,,,,OK9314-05 | OKN9314-05,https://cdn.shopify.com/s/files/1/1056/5215/8545/files/0OO9314__931405_000A.jpg?v=1785244889
oakley-oo9314-05,,,,,,,,,,,,,,,,,,,,,,,,,,,,,,,,https://cdn.shopify.com/s/files/1/1056/5215/8545/files/0OO9314__931405_030A.jpg?v=1785244893
oakley-oo9315-0555,Oakley STRINGER — sp5s-GrySmkW,"Frame: sp5s-GrySmkW. Lens: VioletIrr. Authentic, sold by an authorized retailer.",Oakley,Sunglasses,"Oakley, STRINGER",TRUE,Title,Default Title,,,,,OO9315-0555,1700000,2490000,,shopify,,,FALSE,,,,,,,,,,,OK9315-0555,https://cdn.shopify.com/s/files/1/1056/5215/8545/files/0OO9315__931505_000A.jpg?v=1785244896
oakley-oo9315-0555,,,,,,,,,,,,,,,,,,,,,,,,,,,,,,,,https://cdn.shopify.com/s/files/1/1056/5215/8545/files/0OO9315__931505_030A.jpg?v=1785244899
oakley-oo9317-0463,Oakley THINLINK — sp4-(A)Black,"Frame: sp4-(A)Black. Lens: BlkIrr. Authentic, sold by an authorized retailer.",Oakley,Sunglasses,"Oakley, THINLINK",TRUE,Title,Default Title,,,,,OO9317-0463,2490000,,,shopify,,,FALSE,,,,,,,,,,,OK9317-0463,https://cdn.shopify.com/s/files/1/1056/5215/8545/files/0OO9317__931704_000A.jpg?v=1785244902
oakley-oo9317-0463,,,,,,,,,,,,,,,,,,,,,,,,,,,,,,,,https://cdn.shopify.com/s/files/1/1056/5215/8545/files/0OO9317__931704_030A.jpg?v=1785244905
oakley-oo9340-0252,Oakley TRILLBE X — sp5s-PolishBlkW,"Frame: sp5s-PolishBlkW. Lens: RubyIrr. Authentic, sold by an authorized retailer.",Oakley,Sunglasses,"Oakley, TRILLBE X",TRUE,Title,Default Title,,,,,OO9340-0252,1700000,2490000,,shopify,,,FALSE,,,,,,,,,,,OK9340-0252,https://cdn.shopify.com/s/files/1/1056/5215/8545/files/0OO9340__934002__STD__noshad__fr.jpg?v=1785244908
oakley-oo9340-0252,,,,,,,,,,,,,,,,,,,,,,,,,,,,,,,,https://cdn.shopify.com/s/files/1/1056/5215/8545/files/0OO9340__934002__STD__noshad__qt.jpg?v=1785244911
oakley-oo9346-0357,Oakley SLIVER XL — sp4-(A)BlkTortoise,"Frame: sp4-(A)BlkTortoise. Lens: ChrPol. Authentic, sold by an authorized retailer.",Oakley,Sunglasses,"Oakley, SLIVER XL",TRUE,Title,Default Title,,,,,OO9346-0357,2450000,3390000,,shopify,,,FALSE,,,,,,,,,,,OK9346-0357,https://cdn.shopify.com/s/files/1/1056/5215/8545/files/0OO9346__934603_000A.jpg?v=1785244914
oakley-oo9346-0357,,,,,,,,,,,,,,,,,,,,,,,,,,,,,,,,https://cdn.shopify.com/s/files/1/1056/5215/8545/files/0OO9346__934603_030A.jpg?v=1785244917
oakley-oo9346-0457,Oakley SLIVER XL  — sp4-(A)Matte Black,"Frame: sp4-(A)Matte Black. Lens: 24K Irr. Authentic, sold by an authorized retailer.",Oakley,Sunglasses,"Oakley, SLIVER XL ",TRUE,Title,Default Title,,,,,OO9346-0457,1950000,2690000,,shopify,,,FALSE,,,,,,,,,,,OK9346-0457,https://cdn.shopify.com/s/files/1/1056/5215/8545/files/0OO9346__934604_000A.jpg?v=1785244920
oakley-oo9346-0457,,,,,,,,,,,,,,,,,,,,,,,,,,,,,,,,https://cdn.shopify.com/s/files/1/1056/5215/8545/files/0OO9346__934604_030A.jpg?v=1785244923
oakley-oo9346-1057,Oakley SLIVER XL — sp4-(A)SappFd,"Frame: sp4-(A)SappFd. Lens: PrzmSappPol. Authentic, sold by an authorized retailer.",Oakley,Sunglasses,"Oakley, SLIVER XL",TRUE,Title,Default Title,,,,,OO9346-1057,2650000,3690000,,shopify,,,FALSE,,,,,,,,,,,OK9346-1057,https://cdn.shopify.com/s/files/1/1056/5215/8545/files/0OO9346__934610_000A.jpg?v=1785244926
oakley-oo9346-1057,,,,,,,,,,,,,,,,,,,,,,,,,,,,,,,,https://cdn.shopify.com/s/files/1/1056/5215/8545/files/0OO9346__934610_030A.jpg?v=1785244929
oakley-oo9349-0653,"Oakley LATCH — Performance Lifestyle, sp-(A)Matte GryInk","Frame: sp-(A)Matte GryInk. Lens: SappPol.. Unisex / Round shape. Fit: Bridge: 21mm, Lens width: 53mm, Lens height: 45mm, Temple: 139mm. Authentic, sold by an authorized retailer.",Oakley,Sunglasses,"Oakley, LATCH, Round",TRUE,Title,Default Title,,,,,OO9349-0653,2650000,3690000,,shopify,Unisex,Round,FALSE,O_matter,Polycarbonate,21,53,45,139,Prizm Black,Matte Black,Injected,Low Bridge Fit,OK9349-0653,https://cdn.shopify.com/s/files/1/1056/5215/8545/files/0OO9349__934906_000A.jpg?v=1785244932
oakley-oo9349-0653,,,,,,,,,,,,,,,,,,,,,,,,,,,,,,,,https://cdn.shopify.com/s/files/1/1056/5215/8545/files/0OO9349__934906_030A.jpg?v=1785244935
oakley-oo9349-0953,"Oakley LATCH — Performance Lifestyle, sp-(A)SapFd","Frame: sp-(A)SapFd. Lens: PrzmSappPol.. Unisex / Round shape. Fit: Bridge: 21mm, Lens width: 53mm, Lens height: 45mm, Temple: 139mm. Authentic, sold by an authorized retailer.",Oakley,Sunglasses,"Oakley, LATCH, Round",TRUE,Title,Default Title,,,,,OO9349-0953,2650000,3790000,,shopify,Unisex,Round,FALSE,O_matter,Polycarbonate,21,53,45,139,Prizm Black,Matte Black,Injected,Low Bridge Fit,OK9349-0953,https://cdn.shopify.com/s/files/1/1056/5215/8545/files/0OO9349__934909_000A.jpg?v=1785244938
oakley-oo9349-0953,,,,,,,,,,,,,,,,,,,,,,,,,,,,,,,,https://cdn.shopify.com/s/files/1/1056/5215/8545/files/0OO9349__934909_030A.jpg?v=1785244941
oakley-oo9349-1153,"Oakley LATCH — Performance Lifestyle, sp4-(A)Mbk","Frame: sp4-(A)Mbk. Lens: PrzmBlkIrr. Unisex / Round shape. Fit: Bridge: 21mm, Lens width: 53mm, Lens height: 45mm, Temple: 139mm. Authentic, sold by an authorized retailer.",Oakley,Sunglasses,"Oakley, LATCH, Round",TRUE,Title,Default Title,,,,,OO9349-1153,3090000,,,shopify,Unisex,Round,FALSE,O_matter,Polycarbonate,21,53,45,139,Prizm Black,Matte Black,Injected,Low Bridge Fit,OK9349-1153,https://cdn.shopify.com/s/files/1/1056/5215/8545/files/0OO9349__934911__STD__noshad__fr.jpg?v=1785244948
oakley-oo9349-1153,,,,,,,,,,,,,,,,,,,,,,,,,,,,,,,,https://cdn.shopify.com/s/files/1/1056/5215/8545/files/0OO9349__934911__STD__noshad__qt.jpg?v=1785244952
oakley-oo9349-1353,"Oakley LATCH — Performance Lifestyle, sp4-(A)Mbk","Frame: sp4-(A)Mbk. Lens: PrzmRuby. Unisex / Round shape. Fit: Bridge: 21mm, Lens width: 53mm, Lens height: 45mm, Temple: 139mm. Authentic, sold by an authorized retailer.",Oakley,Sunglasses,"Oakley, LATCH, Round",TRUE,Title,Default Title,,,,,OO9349-1353,3090000,,,shopify,Unisex,Round,FALSE,O_matter,Polycarbonate,21,53,45,139,Prizm Black,Matte Black,Injected,Low Bridge Fit,OK9349-1353,https://cdn.shopify.com/s/files/1/1056/5215/8545/files/0OO9349__934913_000A.jpg?v=1785244955
oakley-oo9349-1353,,,,,,,,,,,,,,,,,,,,,,,,,,,,,,,,https://cdn.shopify.com/s/files/1/1056/5215/8545/files/0OO9349__934913_030A.jpg?v=1785244958
oakley-oo9349-1553,"Oakley LATCH — Performance Lifestyle, sp-(A)RubyFdW","Frame: sp-(A)RubyFdW. Lens: PrzmBlkPol.. Unisex / Round shape. Fit: Bridge: 21mm, Lens width: 53mm, Lens height: 45mm, Temple: 139mm. Authentic, sold by an authorized retailer.",Oakley,Sunglasses,"Oakley, LATCH, Round",TRUE,Title,Default Title,,,,,OO9349-1553,2650000,3790000,,shopify,Unisex,Round,FALSE,O_matter,Polycarbonate,21,53,45,139,Prizm Black,Matte Black,Injected,Low Bridge Fit,OK9349-1553,https://cdn.shopify.com/s/files/1/1056/5215/8545/files/0OO9349__934915_000A.jpg?v=1785244961
oakley-oo9349-1553,,,,,,,,,,,,,,,,,,,,,,,,,,,,,,,,https://cdn.shopify.com/s/files/1/1056/5215/8545/files/0OO9349__934915_030A.jpg?v=1785244964
oakley-oo9358-0855,"Oakley LATCH SQ. — Performance Lifestyle, sp4-(A)MBrown","Frame: sp4-(A)MBrown. Lens: PrzBrwPol. Unisex / Square shape. Fit: Bridge: 17mm, Lens width: 55mm, Lens height: 43mm, Temple: 139mm. Authentic, sold by an authorized retailer.",Oakley,Sunglasses,"Oakley, LATCH SQ., Square",TRUE,Title,Default Title,,,,,OO9358-0855,2650000,3990000,,shopify,Unisex,Square,FALSE,O_matter,Polycarbonate,17,55,43,139,Prizm Sapphire,Matte Grey Ink,,Low Bridge Fit,OK9358-0855,https://cdn.shopify.com/s/files/1/1056/5215/8545/files/0OO9358__935808_000A.jpg?v=1785244967
oakley-oo9358-0855,,,,,,,,,,,,,,,,,,,,,,,,,,,,,,,,https://cdn.shopify.com/s/files/1/1056/5215/8545/files/0OO9358__935808_030A.jpg?v=1785244971
oakley-oo9358-1155,"Oakley LATCH SQ. — Performance Lifestyle, sp4-(A)MBlack","Frame: sp4-(A)MBlack. Lens: PrzmRuby. Unisex / Square shape. Fit: Bridge: 17mm, Lens width: 55mm, Lens height: 43mm, Temple: 139mm. Authentic, sold by an authorized retailer.",Oakley,Sunglasses,"Oakley, LATCH SQ., Square",TRUE,Title,Default Title,,,,,OO9358-1155,2150000,3090000,,shopify,Unisex,Square,FALSE,O_matter,Polycarbonate,17,55,43,139,Prizm Sapphire,Matte Grey Ink,,Low Bridge Fit,OK9358-1155,https://cdn.shopify.com/s/files/1/1056/5215/8545/files/0OO9358__935811__STD__noshad__fr.jpg?v=1785244974
oakley-oo9358-1155,,,,,,,,,,,,,,,,,,,,,,,,,,,,,,,,https://cdn.shopify.com/s/files/1/1056/5215/8545/files/0OO9358__935811__STD__noshad__qt.jpg?v=1785244977
oakley-oo9369-0357,Oakley CROSSRANGE R — (AK)-sp5s-(A)BlkCarbonw,"Frame: (AK)-sp5s-(A)BlkCarbonw. Lens: PrzmTrailPink. Authentic, sold by an authorized retailer.",Oakley,Sunglasses,"Oakley, CROSSRANGE R",TRUE,Title,Default Title,,,,,OO9369-0357,2450000,3290000,,shopify,,,FALSE,,,,,,,,,,,OK9369-0357,https://cdn.shopify.com/s/files/1/1056/5215/8545/files/0OO9369__936903_000A.jpg?v=1785244980
oakley-oo9369-0357,,,,,,,,,,,,,,,,,,,,,,,,,,,,,,,,https://cdn.shopify.com/s/files/1/1056/5215/8545/files/0OO9369__936903_030A.jpg?v=1785244983
oakley-oo9369-0457,Oakley CROSSRANGE R — (AK)-sp5s-(A)GrySmkW,"Frame: (AK)-sp5s-(A)GrySmkW. Lens: PrzmSpPol,Blue. Authentic, sold by an authorized retailer.",Oakley,Sunglasses,"Oakley, CROSSRANGE R",TRUE,Title,Default Title,,,,,OO9369-0457,2650000,4190000,,shopify,,,FALSE,,,,,,,,,,,OK9369-0457,https://cdn.shopify.com/s/files/1/1056/5215/8545/files/0OO9369__936904_000A.jpg?v=1785244985
oakley-oo9369-0457,,,,,,,,,,,,,,,,,,,,,,,,,,,,,,,,https://cdn.shopify.com/s/files/1/1056/5215/8545/files/0OO9369__936904_030A.jpg?v=1785244989
oakley-oo9369-0557,Oakley CROSSRANGE R — (AK)-sps-(A)Matte BlkW,"Frame: (AK)-sps-(A)Matte BlkW. Lens: PrzmPol+Gagang. Authentic, sold by an authorized retailer.",Oakley,Sunglasses,"Oakley, CROSSRANGE R",TRUE,Title,Default Title,,,,,OO9369-0557,2650000,4190000,,shopify,,,FALSE,,,,,,,,,,,OK9369-0557,https://cdn.shopify.com/s/files/1/1056/5215/8545/files/0OO9369__936905_000A.jpg?v=1785244992
oakley-oo9369-0557,,,,,,,,,,,,,,,,,,,,,,,,,,,,,,,,https://cdn.shopify.com/s/files/1/1056/5215/8545/files/0OO9369__936905_030A.jpg?v=1785244995
oakley-oo9369-0657,Oakley CROSSRANGE R — (AK)-sp3-(A)Matte Rbeer,"Frame: (AK)-sp3-(A)Matte Rbeer. Lens: PrzmTsteenPol.+Gagang. Authentic, sold by an authorized retailer.",Oakley,Sunglasses,"Oakley, CROSSRANGE R",TRUE,Title,Default Title,,,,,OO9369-0657,2950000,4190000,,shopify,,,FALSE,,,,,,,,,,,OK9369-0657,https://cdn.shopify.com/s/files/1/1056/5215/8545/files/0OO9369__936906_000A.jpg?v=1785244998
oakley-oo9369-0657,,,,,,,,,,,,,,,,,,,,,,,,,,,,,,,,https://cdn.shopify.com/s/files/1/1056/5215/8545/files/0OO9369__936906_030A.jpg?v=1785245002
oakley-oo9371-0257,Oakley CROSSRANGE — (AK)-sp5s-(A)PolishBlkW,"Frame: (AK)-sp5s-(A)PolishBlkW. Lens: BlkIrr. Authentic, sold by an authorized retailer.",Oakley,Sunglasses,"Oakley, CROSSRANGE",TRUE,Title,Default Title,,,,,OO9371-0257,2250000,3090000,,shopify,,,FALSE,,,,,,,,,,,OK9371-0257,https://cdn.shopify.com/s/files/1/1056/5215/8545/files/0OO9371__937102_000A.jpg?v=1785245005
oakley-oo9371-0257,,,,,,,,,,,,,,,,,,,,,,,,,,,,,,,,https://cdn.shopify.com/s/files/1/1056/5215/8545/files/0OO9371__937102_030A.jpg?v=1785245008
oakley-oo9371-0357,Oakley CROSSRANGE — (AK)-sp5s-(A)PolishBlack,"Frame: (AK)-sp5s-(A)PolishBlack. Lens: PrzmGolf+Temples. Authentic, sold by an authorized retailer.",Oakley,Sunglasses,"Oakley, CROSSRANGE",TRUE,Title,Default Title,,,,,OO9371-0357,2450000,3290000,,shopify,,,FALSE,,,,,,,,,,,OK9371-0357,https://cdn.shopify.com/s/files/1/1056/5215/8545/files/0OO9371__937103_000A.jpg?v=1785245011
oakley-oo9371-0357,,,,,,,,,,,,,,,,,,,,,,,,,,,,,,,,https://cdn.shopify.com/s/files/1/1056/5215/8545/files/0OO9371__937103_030A.jpg?v=1785245014
oakley-oo9371-0457,Oakley CROSSRANGE  — (AK)-sp5sBkRed,"Frame: (AK)-sp5sBkRed. Lens: PrzmRoad+Tmple. Authentic, sold by an authorized retailer.",Oakley,Sunglasses,"Oakley, CROSSRANGE ",TRUE,Title,Default Title,,,,,OO9371-0457,3290000,,,shopify,,,FALSE,,,,,,,,,,,OK9371-0457,https://cdn.shopify.com/s/files/1/1056/5215/8545/files/0OO9371__937104_000A.jpg?v=1785245017
oakley-oo9371-0457,,,,,,,,,,,,,,,,,,,,,,,,,,,,,,,,https://cdn.shopify.com/s/files/1/1056/5215/8545/files/0OO9371__937104_030A.jpg?v=1785245020
oakley-oo9371-0657,Oakley CROSSRANGE — (AK)-sps-(A)Woodgrain,"Frame: (AK)-sps-(A)Woodgrain. Lens: PrzmTungstenPol+Gagang. Authentic, sold by an authorized retailer.",Oakley,Sunglasses,"Oakley, CROSSRANGE",TRUE,Title,Default Title,,,,,OO9371-0657,2650000,4190000,,shopify,,,FALSE,,,,,,,,,,,OK9371-0657,https://cdn.shopify.com/s/files/1/1056/5215/8545/files/0OO9371__937106_000A.jpg?v=1785245024
oakley-oo9371-0657,,,,,,,,,,,,,,,,,,,,,,,,,,,,,,,,https://cdn.shopify.com/s/files/1/1056/5215/8545/files/0OO9371__937106_030A.jpg?v=1785245027
oakley-oo9379-0355,Oakley HOLBROOK R — sp5s-Mbk,"Frame: sp5s-Mbk. Lens: PrzmRuby. Authentic, sold by an authorized retailer.",Oakley,Sunglasses,"Oakley, HOLBROOK R",TRUE,Title,Default Title,,,,,OO9379-0355,2350000,3090000,,shopify,,,FALSE,,,,,,,,,,,OK9379-0355,https://cdn.shopify.com/s/files/1/1056/5215/8545/files/0OO9379__937903_000A.jpg?v=1785245030
oakley-oo9379-0355,,,,,,,,,,,,,,,,,,,,,,,,,,,,,,,,https://cdn.shopify.com/s/files/1/1056/5215/8545/files/0OO9379__937903_030A.jpg?v=1785245033
oakley-oo9379-0455,Oakley HOLBROOK — sp5s-Smoke,"Frame: sp5s-Smoke. Lens: PrzmBlue. Authentic, sold by an authorized retailer.",Oakley,Sunglasses,"Oakley, HOLBROOK",TRUE,Title,Default Title,,,,,OO9379-0455,2350000,3090000,,shopify,,,FALSE,,,,,,,,,,,OK9379-0455,https://cdn.shopify.com/s/files/1/1056/5215/8545/files/0OO9379__937904_000A.jpg?v=1785245036
oakley-oo9379-0455,,,,,,,,,,,,,,,,,,,,,,,,,,,,,,,,https://cdn.shopify.com/s/files/1/1056/5215/8545/files/0OO9379__937904_030A.jpg?v=1785245040
oakley-oo9379-0555,Oakley HOLBROOK R — sp5s-WoodGrain,"Frame: sp5s-WoodGrain. Lens: PrzmBlack. Authentic, sold by an authorized retailer.",Oakley,Sunglasses,"Oakley, HOLBROOK R",TRUE,Title,Default Title,,,,,OO9379-0555,2350000,3090000,,shopify,,,FALSE,,,,,,,,,,,OK9379-0555,https://cdn.shopify.com/s/files/1/1056/5215/8545/files/0OO9379__937905_000A.jpg?v=1785245043
oakley-oo9379-0555,,,,,,,,,,,,,,,,,,,,,,,,,,,,,,,,https://cdn.shopify.com/s/files/1/1056/5215/8545/files/0OO9379__937905_030A.jpg?v=1785245046
oakley-oo9379-0655,Oakley HOLBROOK R — sp5s-Black,"Frame: sp5s-Black. Lens: PrzmBlkPol. Authentic, sold by an authorized retailer.",Oakley,Sunglasses,"Oakley, HOLBROOK R",TRUE,Title,Default Title,,,,,OO9379-0655,2650000,3990000,,shopify,,,FALSE,,,,,,,,,,,OK9379-0655,https://cdn.shopify.com/s/files/1/1056/5215/8545/files/0OO9379__937906_000A.jpg?v=1785245049
oakley-oo9379-0655,,,,,,,,,,,,,,,,,,,,,,,,,,,,,,,,https://cdn.shopify.com/s/files/1/1056/5215/8545/files/0OO9379__937906_030A.jpg?v=1785245052
oakley-oo9385-0357,Oakley HOLBROOK MIX — sp4-(A)MBlkInk,"Frame: sp4-(A)MBlkInk. Lens: PrzmJd. Authentic, sold by an authorized retailer.",Oakley,Sunglasses,"Oakley, HOLBROOK MIX",TRUE,Title,Default Title,,,,,OO9385-0357,2450000,3490000,,shopify,,,FALSE,,,,,,,,,,,OK9385-0357,https://cdn.shopify.com/s/files/1/1056/5215/8545/files/0OO9385__938503_000A.jpg?v=1785245056
oakley-oo9385-0357,,,,,,,,,,,,,,,,,,,,,,,,,,,,,,,,https://cdn.shopify.com/s/files/1/1056/5215/8545/files/0OO9385__938503_030A.jpg?v=1785245059
oakley-oo9385-0457,Oakley HOLBROOK MIX  — sp4-(A)GrySmoke,"Frame: sp4-(A)GrySmoke. Lens: PrzmRubyIrr. Authentic, sold by an authorized retailer.",Oakley,Sunglasses,"Oakley, HOLBROOK MIX ",TRUE,Title,Default Title,,,,,OO9385-0457,2450000,3490000,,shopify,,,FALSE,,,,,,,,,,,OK9385-0457,https://cdn.shopify.com/s/files/1/1056/5215/8545/files/0OO9385__938504__STD__noshad__fr.jpg?v=1785245062
oakley-oo9385-0457,,,,,,,,,,,,,,,,,,,,,,,,,,,,,,,,https://cdn.shopify.com/s/files/1/1056/5215/8545/files/0OO9385__938504__STD__noshad__qt.jpg?v=1785245065
oakley-oo9385-0657,Oakley HOLBROOK MIX — sp4-(A)MBlack,"Frame: sp4-(A)MBlack. Lens: PrzmBlkPol. Authentic, sold by an authorized retailer.",Oakley,Sunglasses,"Oakley, HOLBROOK MIX",TRUE,Title,Default Title,,,,,OO9385-0657,2950000,4490000,,shopify,,,FALSE,,,,,,,,,,,OK9385-0657,https://cdn.shopify.com/s/files/1/1056/5215/8545/files/0OO9385__938506__STD__noshad__fr.jpg?v=1785245068
oakley-oo9385-0657,,,,,,,,,,,,,,,,,,,,,,,,,,,,,,,,https://cdn.shopify.com/s/files/1/1056/5215/8545/files/0OO9385__938506__STD__noshad__qt.jpg?v=1785245071
oakley-oo9385-0857,Oakley HOLBROOK MIX — sp4-(A)Steel,"Frame: sp4-(A)Steel. Lens: PrzmSappPol. Authentic, sold by an authorized retailer.",Oakley,Sunglasses,"Oakley, HOLBROOK MIX",TRUE,Title,Default Title,,,,,OO9385-0857,4490000,,,shopify,,,FALSE,,,,,,,,,,,OK9385-0857,https://cdn.shopify.com/s/files/1/1056/5215/8545/files/0OO9385__938508_000A.jpg?v=1785245074
oakley-oo9385-0857,,,,,,,,,,,,,,,,,,,,,,,,,,,,,,,,https://cdn.shopify.com/s/files/1/1056/5215/8545/files/0OO9385__938508_030A.jpg?v=1785245078
oakley-oo9388-0238,Oakley EV ZERO PITCH — (sp-b)-sp4-Planet,"Frame: (sp-b)-sp4-Planet. Lens: Red. Authentic, sold by an authorized retailer.",Oakley,Sunglasses,"Oakley, EV ZERO PITCH",TRUE,Title,Default Title,,,,,OO9388-0238,2400000,3090000,,shopify,,,FALSE,,,,,,,,,,,OK9388-0238,https://cdn.shopify.com/s/files/1/1056/5215/8545/files/0OO9388__938802_000A.jpg?v=1785245081
oakley-oo9388-0238,,,,,,,,,,,,,,,,,,,,,,,,,,,,,,,,https://cdn.shopify.com/s/files/1/1056/5215/8545/files/0OO9388__938802_030A.jpg?v=1785245084
oakley-oo9394-0155,Oakley LATCH KEY L — sp4-MBlkGrey,"Frame: sp4-MBlkGrey. Lens: PrzmGrey. Authentic, sold by an authorized retailer.",Oakley,Sunglasses,"Oakley, LATCH KEY L",TRUE,Title,Default Title,,,,,OO9394-0155,2450000,3090000,,shopify,,,FALSE,,,,,,,,,,,OK9394-0155,https://cdn.shopify.com/s/files/1/1056/5215/8545/files/0OO9394__939401_000A.jpg?v=1785245087
oakley-oo9394-0155,,,,,,,,,,,,,,,,,,,,,,,,,,,,,,,,https://cdn.shopify.com/s/files/1/1056/5215/8545/files/0OO9394__939401_030A.jpg?v=1785245090
oakley-oo9394-0252,Oakley LATCH KEY L — sps-MBlack,"Frame: sps-MBlack. Lens: VioletIrr. Authentic, sold by an authorized retailer.",Oakley,Sunglasses,"Oakley, LATCH KEY L",TRUE,Title,Default Title,,,,,OO9394-0252,2250000,3090000,,shopify,,,FALSE,,,,,,,,,,,OK9394-0252,https://cdn.shopify.com/s/files/1/1056/5215/8545/files/0OO9394__939402_000A.jpg?v=1785245093
oakley-oo9394-0252,,,,,,,,,,,,,,,,,,,,,,,,,,,,,,,,https://cdn.shopify.com/s/files/1/1056/5215/8545/files/0OO9394__939402_030A.jpg?v=1785245096
oakley-oo9394-0352,Oakley LATCH KEY M — sp5s-Matte Tortoise,"Frame: sp5s-Matte Tortoise. Lens: PrzmBrown. Authentic, sold by an authorized retailer.",Oakley,Sunglasses,"Oakley, LATCH KEY M",TRUE,Title,Default Title,,,,,OO9394-0352,3090000,,,shopify,,,FALSE,,,,,,,,,,,OK9394-0352,https://cdn.shopify.com/s/files/1/1056/5215/8545/files/0OO9394__939403_000A.jpg?v=1785245099
oakley-oo9394-0352,,,,,,,,,,,,,,,,,,,,,,,,,,,,,,,,https://cdn.shopify.com/s/files/1/1056/5215/8545/files/0OO9394__939403_030A.jpg?v=1785245102
oakley-oo9394-0452,Oakley LATCH KEY M — sp4-Black,"Frame: sp4-Black. Lens: PrzmRubyIrr. Authentic, sold by an authorized retailer.",Oakley,Sunglasses,"Oakley, LATCH KEY M",TRUE,Title,Default Title,,,,,OO9394-0452,2650000,3290000,,shopify,,,FALSE,,,,,,,,,,,OK9394-0452,https://cdn.shopify.com/s/files/1/1056/5215/8545/files/0OO9394__939404_000A.jpg?v=1785245105
oakley-oo9394-0452,,,,,,,,,,,,,,,,,,,,,,,,,,,,,,,,https://cdn.shopify.com/s/files/1/1056/5215/8545/files/0OO9394__939404_030A.jpg?v=1785245109
oakley-oo9394-0552,Oakley LATCH KEY L — sps-Black,"Frame: sps-Black. Lens: PrzBlkIrr. Authentic, sold by an authorized retailer.",Oakley,Sunglasses,"Oakley, LATCH KEY L",TRUE,Title,Default Title,,,,,OO9394-0552,2250000,3290000,,shopify,,,FALSE,,,,,,,,,,,OK9394-0552,https://cdn.shopify.com/s/files/1/1056/5215/8545/files/0OO9394__939405_000A.jpg?v=1785245112
oakley-oo9394-0552,,,,,,,,,,,,,,,,,,,,,,,,,,,,,,,,https://cdn.shopify.com/s/files/1/1056/5215/8545/files/0OO9394__939405_030A.jpg?v=1785245115
oakley-oo9398-0258,Oakley TARGETLINE — sp5s-(A)Carbon,"Frame: sp5s-(A)Carbon. Lens: PrzmBlkIrr. Authentic, sold by an authorized retailer.",Oakley,Sunglasses,"Oakley, TARGETLINE",TRUE,Title,Default Title,,,,,OO9398-0258,2250000,2890000,,shopify,,,FALSE,,,,,,,,,,,OK9398-0258,https://cdn.shopify.com/s/files/1/1056/5215/8545/files/0OO9398__939802_000A.jpg?v=1785245118
oakley-oo9398-0258,,,,,,,,,,,,,,,,,,,,,,,,,,,,,,,,https://cdn.shopify.com/s/files/1/1056/5215/8545/files/0OO9398__939802_030A.jpg?v=1785245122
oakley-oo9398-0658,Oakley TARGETLINE — sp4-(A)Black,"Frame: sp4-(A)Black. Lens: PrzBlkPol. Authentic, sold by an authorized retailer.",Oakley,Sunglasses,"Oakley, TARGETLINE",TRUE,Title,Default Title,,,,,OO9398-0658,3790000,,,shopify,,,FALSE,,,,,,,,,,,OK9398-0658,https://cdn.shopify.com/s/files/1/1056/5215/8545/files/0OO9398__939806__STD__noshad__fr.jpg?v=1785245125
oakley-oo9398-0658,,,,,,,,,,,,,,,,,,,,,,,,,,,,,,,,https://cdn.shopify.com/s/files/1/1056/5215/8545/files/0OO9398__939806__STD__noshad__qt.jpg?v=1785245129
oakley-oo9400-0368,"Oakley Bisphaera — Sport Performance, PolishWhite","Frame: PolishWhite. Lens: PrizmRuby. Unisex / Rectangle shape. Fit: Bridge: 6mm, Lens width: 68mm, Lens height: 41mm, Temple: 136mm. Authentic, sold by an authorized retailer.",Oakley,Sunglasses,"Oakley, Bisphaera, Rectangle",TRUE,Title,Default Title,,,,,OO9400-0368,3728000,4660000,,shopify,Unisex,Rectangle,TRUE,O_matter,Polycarbonate,6,68,41,136,Prizm Black Polarized,Matte Black,Injected,High Bridge Fit,OK9400-0368,https://cdn.shopify.com/s/files/1/1056/5215/8545/files/0OO9400__940003__P21__noshad__fr.jpg?v=1785245132
oakley-oo9400-0368,,,,,,,,,,,,,,,,,,,,,,,,,,,,,,,,https://cdn.shopify.com/s/files/1/1056/5215/8545/files/0OO9400__940003__P21__noshad__qt.jpg?v=1785245138
oakley-oo9400-0668,"Oakley Bisphaera — Sport Performance, Matte Black","Frame: Matte Black. Lens: PrizmGolf. Unisex / Rectangle shape. Fit: Bridge: 6mm, Lens width: 68mm, Lens height: 41mm, Temple: 136mm. Authentic, sold by an authorized retailer.",Oakley,Sunglasses,"Oakley, Bisphaera, Rectangle",TRUE,Title,Default Title,,,,,OO9400-0668,3728000,4660000,,shopify,Unisex,Rectangle,TRUE,O_matter,Polycarbonate,6,68,41,136,Prizm Black Polarized,Matte Black,Injected,High Bridge Fit,OK9400-0668,https://cdn.shopify.com/s/files/1/1056/5215/8545/files/0OO9400__940006__P21__noshad__fr.jpg?v=1783996178
oakley-oo9400-0668,,,,,,,,,,,,,,,,,,,,,,,,,,,,,,,,https://cdn.shopify.com/s/files/1/1056/5215/8545/files/0OO9400__940006__P21__noshad__qt.jpg?v=1783996181
oakley-oo9400-0868,"Oakley Bisphaera — Sport Performance, Matte Black","Frame: Matte Black. Lens: PrizmRoad. Unisex / Rectangle shape. Fit: Bridge: 6mm, Lens width: 68mm, Lens height: 41mm, Temple: 136mm. Authentic, sold by an authorized retailer.",Oakley,Sunglasses,"Oakley, Bisphaera, Rectangle",TRUE,Title,Default Title,,,,,OO9400-0868,3728000,4660000,,shopify,Unisex,Rectangle,TRUE,O_matter,Polycarbonate,6,68,41,136,Prizm Black Polarized,Matte Black,Injected,High Bridge Fit,OK9400-0868,https://cdn.shopify.com/s/files/1/1056/5215/8545/files/0OO9400__940008__P21__noshad__fr.jpg?v=1785245141
oakley-oo9400-0868,,,,,,,,,,,,,,,,,,,,,,,,,,,,,,,,https://cdn.shopify.com/s/files/1/1056/5215/8545/files/0OO9400__940008__P21__noshad__qt.jpg?v=1785245144
oakley-oo9400-0968,"Oakley Bisphaera — Sport Performance, Matte Black","Frame: Matte Black. Lens: PrizmDeepWtrPol.+1NoseP. Unisex / Rectangle shape. Fit: Bridge: 6mm, Lens width: 68mm, Lens height: 41mm, Temple: 136mm. Authentic, sold by an authorized retailer.",Oakley,Sunglasses,"Oakley, Bisphaera, Rectangle",TRUE,Title,Default Title,,,,,OO9400-0968,4640000,5800000,,shopify,Unisex,Rectangle,TRUE,O_matter,Polycarbonate,6,68,41,136,Prizm Black Polarized,Matte Black,Injected,High Bridge Fit,OK9400-0968,https://cdn.shopify.com/s/files/1/1056/5215/8545/files/0OO9400__940009__P21__noshad__fr.jpg?v=1783996190
oakley-oo9400-0968,,,,,,,,,,,,,,,,,,,,,,,,,,,,,,,,https://cdn.shopify.com/s/files/1/1056/5215/8545/files/0OO9400__940009__P21__noshad__qt.jpg?v=1783996193
oakley-oo9400-1068,"Oakley Bisphaera — Sport Performance, Matte White","Frame: Matte White. Lens: PrizmField. Unisex / Rectangle shape. Fit: Bridge: 6mm, Lens width: 68mm, Lens height: 41mm, Temple: 136mm. Authentic, sold by an authorized retailer.",Oakley,Sunglasses,"Oakley, Bisphaera, Rectangle",TRUE,Title,Default Title,,,,,OO9400-1068,3728000,4660000,,shopify,Unisex,Rectangle,TRUE,O_matter,Polycarbonate,6,68,41,136,Prizm Black Polarized,Matte Black,Injected,High Bridge Fit,OK9400-1068,https://cdn.shopify.com/s/files/1/1056/5215/8545/files/0OO9400__940010__P21__noshad__fr.jpg?v=1783996197
oakley-oo9400-1068,,,,,,,,,,,,,,,,,,,,,,,,,,,,,,,,https://cdn.shopify.com/s/files/1/1056/5215/8545/files/0OO9400__940010__P21__noshad__qt.jpg?v=1783996200
oakley-oo9400-1868,"Oakley Bisphaera — Sport Performance, Matte Pacific","Frame: Matte Pacific. Lens: PrizmTrailTorch+1Nose. Unisex / Rectangle shape. Fit: Bridge: 6mm, Lens width: 68mm, Lens height: 41mm, Temple: 136mm. Authentic, sold by an authorized retailer.",Oakley,Sunglasses,"Oakley, Bisphaera, Rectangle",TRUE,Title,Default Title,,,,,OO9400-1868,3664000,4580000,,shopify,Unisex,Rectangle,TRUE,O_matter,Polycarbonate,6,68,41,136,Prizm Black Polarized,Matte Black,Injected,High Bridge Fit,OK9400-1868,https://cdn.shopify.com/s/files/1/1056/5215/8545/files/0OO9400__940018__P21__noshad__fr.jpg?v=1783996212
oakley-oo9400-1868,,,,,,,,,,,,,,,,,,,,,,,,,,,,,,,,https://cdn.shopify.com/s/files/1/1056/5215/8545/files/0OO9400__940018__P21__noshad__qt.jpg?v=1783996215
oakley-oo9400-1968,"Oakley Bisphaera — Sport Performance, Matte CrystalBlack","Frame: Matte CrystalBlack. Lens: PrizmD.Golf+1NoseP. Unisex / Rectangle shape. Fit: Bridge: 6mm, Lens width: 68mm, Lens height: 41mm, Temple: 136mm. Authentic, sold by an authorized retailer.",Oakley,Sunglasses,"Oakley, Bisphaera, Rectangle",TRUE,Title,Default Title,,,,,OO9400-1968,3728000,4660000,,shopify,Unisex,Rectangle,TRUE,O_matter,Polycarbonate,6,68,41,136,Prizm Black Polarized,Matte Black,Injected,High Bridge Fit,OK9400-1968,https://cdn.shopify.com/s/files/1/1056/5215/8545/files/0OO9400__940019__P21__noshad__fr.jpg?v=1783996218
oakley-oo9400-1968,,,,,,,,,,,,,,,,,,,,,,,,,,,,,,,,https://cdn.shopify.com/s/files/1/1056/5215/8545/files/0OO9400__940019__P21__noshad__qt.jpg?v=1783996221
oakley-oo9400-2168,"Oakley Bisphaera — Sport Performance, Matte Black","Frame: Matte Black. Lens: PrizmBlack+1NoseP. Unisex / Rectangle shape. Fit: Bridge: 6mm, Lens width: 68mm, Lens height: 41mm, Temple: 136mm. Authentic, sold by an authorized retailer.",Oakley,Sunglasses,"Oakley, Bisphaera, Rectangle",TRUE,Title,Default Title,,,,,OO9400-2168,3856000,4820000,,shopify,Unisex,Rectangle,TRUE,O_matter,Polycarbonate,6,68,41,136,Prizm Black Polarized,Matte Black,Injected,High Bridge Fit,OK9400-2168,https://cdn.shopify.com/s/files/1/1056/5215/8545/files/0OO9400__940021__P21__noshad__fr.jpg?v=1783996224
oakley-oo9400-2168,,,,,,,,,,,,,,,,,,,,,,,,,,,,,,,,https://cdn.shopify.com/s/files/1/1056/5215/8545/files/0OO9400__940021__P21__noshad__qt.jpg?v=1783996227
oakley-oo9400-2668,"Oakley Bisphaera — Sport Performance, Polaris Coll-AbyssSpacedust","Frame: Polaris Coll-AbyssSpacedust. Lens: PrnzGryP. Unisex / Rectangle shape. Fit: Bridge: 6mm, Lens width: 68mm, Lens height: 41mm, Temple: 136mm. Authentic, sold by an authorized retailer.",Oakley,Sunglasses,"Oakley, Bisphaera, Rectangle",TRUE,Title,Default Title,,,,,OO9400-2668,3472000,4340000,,shopify,Unisex,Rectangle,TRUE,O_matter,Polycarbonate,6,68,41,136,Prizm Black Polarized,Matte Black,Injected,High Bridge Fit,OK9400-2668,https://cdn.shopify.com/s/files/1/1056/5215/8545/files/0OO9400__940026__P21__noshad__fr.jpg?v=1785245147
oakley-oo9400-2668,,,,,,,,,,,,,,,,,,,,,,,,,,,,,,,,https://cdn.shopify.com/s/files/1/1056/5215/8545/files/0OO9400__940026__P21__noshad__qt.jpg?v=1785245150
oakley-oo9402-0164,Oakley FIELD JACKET — sps-Black,"Frame: sps-Black. Lens: PrzmRoad, N.2,950. Authentic, sold by an authorized retailer.",Oakley,Sunglasses,"Oakley, FIELD JACKET",TRUE,Title,Default Title,,,,,OO9402-0164,2900000,4290000,,shopify,,,FALSE,,,,,,,,,,,OK9402-0164,https://cdn.shopify.com/s/files/1/1056/5215/8545/files/0OO9402__940201_000A.jpg?v=1785245153
oakley-oo9402-0164,,,,,,,,,,,,,,,,,,,,,,,,,,,,,,,,https://cdn.shopify.com/s/files/1/1056/5215/8545/files/0OO9402__940201_030A.jpg?v=1785245156
oakley-oo9402-0364,Oakley FIELD JACKET — sp4-Balsam,"Frame: sp4-Balsam. Lens: PrzmSapp, N.2,950. Authentic, sold by an authorized retailer.",Oakley,Sunglasses,"Oakley, FIELD JACKET",TRUE,Title,Default Title,,,,,OO9402-0364,2900000,4290000,,shopify,,,FALSE,,,,,,,,,,,OK9402-0364,https://cdn.shopify.com/s/files/1/1056/5215/8545/files/0OO9402__940203_000A.jpg?v=1785245159
oakley-oo9402-0364,,,,,,,,,,,,,,,,,,,,,,,,,,,,,,,,https://cdn.shopify.com/s/files/1/1056/5215/8545/files/0OO9402__940203_030A.jpg?v=1785245163
oakley-oo9402-0464,Oakley FIELD JACKET — sp4-MDarkGrey,"Frame: sp4-MDarkGrey. Lens: PrzmTrail, N.2,950. Authentic, sold by an authorized retailer.",Oakley,Sunglasses,"Oakley, FIELD JACKET",TRUE,Title,Default Title,,,,,OO9402-0464,4290000,,,shopify,,,FALSE,,,,,,,,,,,OK9402-0464,https://cdn.shopify.com/s/files/1/1056/5215/8545/files/0OO9402__940204_000A.jpg?v=1785245166
oakley-oo9402-0464,,,,,,,,,,,,,,,,,,,,,,,,,,,,,,,,https://cdn.shopify.com/s/files/1/1056/5215/8545/files/0OO9402__940204_030A.jpg?v=1785245170
oakley-oo9402-0764,Oakley FIELD JACKET — sp4-MBlack,"Frame: sp4-MBlack. Lens: PrzmTstenPol. Authentic, sold by an authorized retailer.",Oakley,Sunglasses,"Oakley, FIELD JACKET",TRUE,Title,Default Title,,,,,OO9402-0764,3350000,5290000,,shopify,,,FALSE,,,,,,,,,,,OK9402-0764,https://cdn.shopify.com/s/files/1/1056/5215/8545/files/0OO9402__940207_000A.jpg?v=1785245172
oakley-oo9402-0764,,,,,,,,,,,,,,,,,,,,,,,,,,,,,,,,https://cdn.shopify.com/s/files/1/1056/5215/8545/files/0OO9402__940207_030A.jpg?v=1785245175
oakley-oo9402-0864,Oakley FIELD JACKET — sp-Black,"Frame: sp-Black. Lens: PrzmBlkPol.. Authentic, sold by an authorized retailer.",Oakley,Sunglasses,"Oakley, FIELD JACKET",TRUE,Title,Default Title,,,,,OO9402-0864,3350000,5290000,,shopify,,,FALSE,,,,,,,,,,,OK9402-0864,https://cdn.shopify.com/s/files/1/1056/5215/8545/files/0OO9402__940208_000A.jpg?v=1785245179
oakley-oo9402-0864,,,,,,,,,,,,,,,,,,,,,,,,,,,,,,,,https://cdn.shopify.com/s/files/1/1056/5215/8545/files/0OO9402__940208_030A.jpg?v=1785245182
oakley-oo9403-0136,"Oakley Sphaera — Sport Performance, Matte Black","Frame: Matte Black. Lens: PrzmBlkPol.. Unisex / Shield shape. Fit: Bridge: 136mm, Lens width: 36mm, Lens height: 50mm, Temple: 130mm. Authentic, sold by an authorized retailer.",Oakley,Sunglasses,"Oakley, Sphaera, Shield",TRUE,Title,Default Title,,,,,OO9403-0136,4640000,5800000,,shopify,Unisex,Shield,TRUE,O_matter,Polycarbonate,136,36,50,130,Prizm Black Polarized,Matte Black,Injected,High Bridge Fit,OK9403-0136,https://cdn.shopify.com/s/files/1/1056/5215/8545/files/0OO9403__940301__P21__noshad__fr.jpg?v=1785245185
oakley-oo9403-0136,,,,,,,,,,,,,,,,,,,,,,,,,,,,,,,,https://cdn.shopify.com/s/files/1/1056/5215/8545/files/0OO9403__940301__P21__noshad__qt.jpg?v=1785245188
oakley-oo9403-0236,"Oakley Sphaera — Sport Performance, Matte White","Frame: Matte White. Lens: PrizmSappPol.. Unisex / Shield shape. Fit: Bridge: 136mm, Lens width: 36mm, Lens height: 50mm, Temple: 130mm. Authentic, sold by an authorized retailer.",Oakley,Sunglasses,"Oakley, Sphaera, Shield",TRUE,Title,Default Title,,,,,OO9403-0236,4600000,5750000,,shopify,Unisex,Shield,TRUE,O_matter,Polycarbonate,136,36,50,130,Prizm Black Polarized,Matte Black,Injected,High Bridge Fit,OK9403-0236,https://cdn.shopify.com/s/files/1/1056/5215/8545/files/0OO9403__940302__P21__noshad__fr.jpg?v=1785245191
oakley-oo9403-0236,,,,,,,,,,,,,,,,,,,,,,,,,,,,,,,,https://cdn.shopify.com/s/files/1/1056/5215/8545/files/0OO9403__940302__P21__noshad__qt.jpg?v=1785245194
oakley-oo9403-0336,"Oakley Sphaera — Sport Performance, Matte Black","Frame: Matte Black. Lens: PrizmRoad. Unisex / Shield shape. Fit: Bridge: 136mm, Lens width: 36mm, Lens height: 50mm, Temple: 130mm. Authentic, sold by an authorized retailer.",Oakley,Sunglasses,"Oakley, Sphaera, Shield",TRUE,Title,Default Title,,,,,OO9403-0336,3728000,4660000,,shopify,Unisex,Shield,TRUE,O_matter,Polycarbonate,136,36,50,130,Prizm Black Polarized,Matte Black,Injected,High Bridge Fit,OK9403-0336,https://cdn.shopify.com/s/files/1/1056/5215/8545/files/0OO9403__940303__P21__noshad__fr.jpg?v=1785245197
oakley-oo9403-0336,,,,,,,,,,,,,,,,,,,,,,,,,,,,,,,,https://cdn.shopify.com/s/files/1/1056/5215/8545/files/0OO9403__940303__P21__noshad__qt.jpg?v=1785245200
oakley-oo9403-0436,"Oakley Sphaera — Sport Performance, Matte Carbon","Frame: Matte Carbon. Lens: Prizm24KPol., (*N.). Unisex / Shield shape. Fit: Bridge: 136mm, Lens width: 36mm, Lens height: 50mm, Temple: 130mm. Authentic, sold by an authorized retailer.",Oakley,Sunglasses,"Oakley, Sphaera, Shield",TRUE,Title,Default Title,,,,,OO9403-0436,4640000,5800000,,shopify,Unisex,Shield,TRUE,O_matter,Polycarbonate,136,36,50,130,Prizm Black Polarized,Matte Black,Injected,High Bridge Fit,OK9403-0436,https://cdn.shopify.com/s/files/1/1056/5215/8545/files/0OO9403__940304__P21__noshad__fr.jpg?v=1785245203
oakley-oo9403-0436,,,,,,,,,,,,,,,,,,,,,,,,,,,,,,,,https://cdn.shopify.com/s/files/1/1056/5215/8545/files/0OO9403__940304__P21__noshad__qt.jpg?v=1785245206
oakley-oo9403-0736,"Oakley Sphaera — Sport Performance, Matte Clear","Frame: Matte Clear. Lens: ClrPhotochromic, (*N.). Unisex / Shield shape. Fit: Bridge: 136mm, Lens width: 36mm, Lens height: 50mm, Temple: 130mm. Authentic, sold by an authorized retailer.",Oakley,Sunglasses,"Oakley, Sphaera, Shield",TRUE,Title,Default Title,,,,,OO9403-0736,4640000,5800000,,shopify,Unisex,Shield,TRUE,O_matter,Polycarbonate,136,36,50,130,Prizm Black Polarized,Matte Black,Injected,High Bridge Fit,OK9403-0736,https://cdn.shopify.com/s/files/1/1056/5215/8545/files/0OO9403__940307__P21__noshad__fr.jpg?v=1785245209
oakley-oo9403-0736,,,,,,,,,,,,,,,,,,,,,,,,,,,,,,,,https://cdn.shopify.com/s/files/1/1056/5215/8545/files/0OO9403__940307__P21__noshad__qt.jpg?v=1785245212
oakley-oo9403-0836,"Oakley Sphaera — Sport Performance, Matte BlkInk","Frame: Matte BlkInk. Lens: PrizmRoadJd. Unisex / Shield shape. Fit: Bridge: 136mm, Lens width: 36mm, Lens height: 50mm, Temple: 130mm. Authentic, sold by an authorized retailer.",Oakley,Sunglasses,"Oakley, Sphaera, Shield",TRUE,Title,Default Title,,,,,OO9403-0836,3728000,4660000,,shopify,Unisex,Shield,TRUE,O_matter,Polycarbonate,136,36,50,130,Prizm Black Polarized,Matte Black,Injected,High Bridge Fit,OK9403-0836,https://cdn.shopify.com/s/files/1/1056/5215/8545/files/0OO9403__940308__P21__noshad__fr.jpg?v=1785245215
oakley-oo9403-0836,,,,,,,,,,,,,,,,,,,,,,,,,,,,,,,,https://cdn.shopify.com/s/files/1/1056/5215/8545/files/0OO9403__940308__P21__noshad__qt.jpg?v=1785245219
oakley-oo9403-0936,"Oakley Sphaera — Sport Performance, Matte GrySmoke","Frame: Matte GrySmoke. Lens: PrizmTrailTorch. Unisex / Shield shape. Fit: Bridge: 136mm, Lens width: 36mm, Lens height: 50mm, Temple: 130mm. Authentic, sold by an authorized retailer.",Oakley,Sunglasses,"Oakley, Sphaera, Shield",TRUE,Title,Default Title,,,,,OO9403-0936,3728000,4660000,,shopify,Unisex,Shield,TRUE,O_matter,Polycarbonate,136,36,50,130,Prizm Black Polarized,Matte Black,Injected,High Bridge Fit,OK9403-0936,https://cdn.shopify.com/s/files/1/1056/5215/8545/files/0OO9403__940309__P21__noshad__fr.jpg?v=1785245222
oakley-oo9403-0936,,,,,,,,,,,,,,,,,,,,,,,,,,,,,,,,https://cdn.shopify.com/s/files/1/1056/5215/8545/files/0OO9403__940309__P21__noshad__qt.jpg?v=1785245225
oakley-oo9403-1036,"Oakley Sphaera — Sport Performance, Matte NeonPink","Frame: Matte NeonPink. Lens: PrizmBlack. Unisex / Shield shape. Fit: Bridge: 136mm, Lens width: 36mm, Lens height: 50mm, Temple: 130mm. Authentic, sold by an authorized retailer.",Oakley,Sunglasses,"Oakley, Sphaera, Shield",TRUE,Title,Default Title,,,,,OO9403-1036,3728000,4660000,,shopify,Unisex,Shield,TRUE,O_matter,Polycarbonate,136,36,50,130,Prizm Black Polarized,Matte Black,Injected,High Bridge Fit,OK9403-1036,https://cdn.shopify.com/s/files/1/1056/5215/8545/files/0OO9403__940310__P21__noshad__fr.jpg?v=1785245228
oakley-oo9403-1036,,,,,,,,,,,,,,,,,,,,,,,,,,,,,,,,https://cdn.shopify.com/s/files/1/1056/5215/8545/files/0OO9403__940310__P21__noshad__qt.jpg?v=1785245231
oakley-oo9403-1236,"Oakley Sphaera — Sport Performance, TDF-Matte Yellow","Frame: TDF-Matte Yellow. Lens: PrizmRoad. Unisex / Shield shape. Fit: Bridge: 136mm, Lens width: 36mm, Lens height: 50mm, Temple: 130mm. Authentic, sold by an authorized retailer.",Oakley,Sunglasses,"Oakley, Sphaera, Shield",TRUE,Title,Default Title,,,,,OO9403-1236,3984000,4980000,,shopify,Unisex,Shield,TRUE,O_matter,Polycarbonate,136,36,50,130,Prizm Black Polarized,Matte Black,Injected,High Bridge Fit,OK9403-1236,https://cdn.shopify.com/s/files/1/1056/5215/8545/files/0OO9403__940312__P21__noshad__fr.jpg?v=1785245234
oakley-oo9403-1236,,,,,,,,,,,,,,,,,,,,,,,,,,,,,,,,https://cdn.shopify.com/s/files/1/1056/5215/8545/files/0OO9403__940312__P21__noshad__qt.jpg?v=1785245237
oakley-oo9403-2136,"Oakley Sphaera — Sport Performance, Matte OliveInk","Frame: Matte OliveInk. Lens: PrizmTungsten+1NoseP. Unisex / Shield shape. Fit: Bridge: 136mm, Lens width: 36mm, Lens height: 50mm, Temple: 130mm. Authentic, sold by an authorized retailer.",Oakley,Sunglasses,"Oakley, Sphaera, Shield",TRUE,Title,Default Title,,,,,OO9403-2136,3728000,4660000,,shopify,Unisex,Shield,TRUE,O_matter,Polycarbonate,136,36,50,130,Prizm Black Polarized,Matte Black,Injected,High Bridge Fit,OK9403-2136,https://cdn.shopify.com/s/files/1/1056/5215/8545/files/0OO9403__940321__P21__noshad__fr.jpg?v=1783996255
oakley-oo9403-2136,,,,,,,,,,,,,,,,,,,,,,,,,,,,,,,,https://cdn.shopify.com/s/files/1/1056/5215/8545/files/0OO9403__940321__P21__noshad__qt.jpg?v=1783996258
oakley-oo9403-2236,"Oakley Sphaera — Sport Performance, TldM.OliveInk","Frame: TldM.OliveInk. Lens: PrizmRoadBlack+1NoseP. Unisex / Shield shape. Fit: Bridge: 136mm, Lens width: 36mm, Lens height: 50mm, Temple: 130mm. Authentic, sold by an authorized retailer.",Oakley,Sunglasses,"Oakley, Sphaera, Shield",TRUE,Title,Default Title,,,,,OO9403-2236,4072000,5090000,,shopify,Unisex,Shield,TRUE,O_matter,Polycarbonate,136,36,50,130,Prizm Black Polarized,Matte Black,Injected,High Bridge Fit,OK9403-2236,https://cdn.shopify.com/s/files/1/1056/5215/8545/files/0OO9403__940322__P21__noshad__fr.jpg?v=1783996262
oakley-oo9403-2236,,,,,,,,,,,,,,,,,,,,,,,,,,,,,,,,https://cdn.shopify.com/s/files/1/1056/5215/8545/files/0OO9403__940322__P21__noshad__qt.jpg?v=1783996265
oakley-oo9403-2336,"Oakley Sphaera — Sport Performance, Matte Black","Frame: Matte Black. Lens: PrizmBlack+1NoseP. Unisex / Shield shape. Fit: Bridge: 136mm, Lens width: 36mm, Lens height: 50mm, Temple: 130mm. Authentic, sold by an authorized retailer.",Oakley,Sunglasses,"Oakley, Sphaera, Shield",TRUE,Title,Default Title,,,,,OO9403-2336,3904000,4880000,,shopify,Unisex,Shield,TRUE,O_matter,Polycarbonate,136,36,50,130,Prizm Black Polarized,Matte Black,Injected,High Bridge Fit,OK9403-2336,https://cdn.shopify.com/s/files/1/1056/5215/8545/files/0OO9403__940323__P21__noshad__fr.jpg?v=1783996268
oakley-oo9403-2336,,,,,,,,,,,,,,,,,,,,,,,,,,,,,,,,https://cdn.shopify.com/s/files/1/1056/5215/8545/files/0OO9403__940323__P21__noshad__qt.jpg?v=1783996271
oakley-oo9404-0135,"Oakley Latch Panel  — Performance Lifestyle, Matte Black","Frame: Matte Black. Lens: PrzmBlack. Unisex / Shield shape. Fit: Bridge: 135mm, Lens width: 36mm, Lens height: 57mm, Temple: 126mm. Authentic, sold by an authorized retailer.",Oakley,Sunglasses,"Oakley, Latch Panel , Shield",TRUE,Title,Default Title,,,,,OO9404-0135,3552000,4440000,,shopify,Unisex,Shield,FALSE,O_matter,Polycarbonate,135,36,57,126,Prizm Black,Matte Black,Injected,High Bridge Fit,OK9404-0135,https://cdn.shopify.com/s/files/1/1056/5215/8545/files/0OO9404__940401__P21__noshad__fr.jpg?v=1785245240
oakley-oo9404-0135,,,,,,,,,,,,,,,,,,,,,,,,,,,,,,,,https://cdn.shopify.com/s/files/1/1056/5215/8545/files/0OO9404__940401__P21__noshad__qt.jpg?v=1785245244
oakley-oo9404-0235,"Oakley Latch Panel  — Performance Lifestyle, Matte Clear","Frame: Matte Clear. Lens: PrzmViolet. Unisex / Shield shape. Fit: Bridge: 135mm, Lens width: 36mm, Lens height: 57mm, Temple: 126mm. Authentic, sold by an authorized retailer.",Oakley,Sunglasses,"Oakley, Latch Panel , Shield",TRUE,Title,Default Title,,,,,OO9404-0235,3552000,4440000,,shopify,Unisex,Shield,FALSE,O_matter,Polycarbonate,135,36,57,126,Prizm Black,Matte Black,Injected,High Bridge Fit,OK9404-0235,https://cdn.shopify.com/s/files/1/1056/5215/8545/files/0OO9404__940402__P21__noshad__fr.jpg?v=1785245246
oakley-oo9404-0235,,,,,,,,,,,,,,,,,,,,,,,,,,,,,,,,https://cdn.shopify.com/s/files/1/1056/5215/8545/files/0OO9404__940402__P21__noshad__qt.jpg?v=1785245251
oakley-oo9404-0335,"Oakley Latch Panel  — Performance Lifestyle, OliveInk","Frame: OliveInk. Lens: PrzmTungsten. Unisex / Shield shape. Fit: Bridge: 135mm, Lens width: 36mm, Lens height: 57mm, Temple: 126mm. Authentic, sold by an authorized retailer.",Oakley,Sunglasses,"Oakley, Latch Panel , Shield",TRUE,Title,Default Title,,,,,OO9404-0335,3976000,4970000,,shopify,Unisex,Shield,FALSE,O_matter,Polycarbonate,135,36,57,126,Prizm Black,Matte Black,Injected,High Bridge Fit,OK9404-0335,https://cdn.shopify.com/s/files/1/1056/5215/8545/files/0OO9404__940403__P21__noshad__fr.jpg?v=1785245254
oakley-oo9404-0335,,,,,,,,,,,,,,,,,,,,,,,,,,,,,,,,https://cdn.shopify.com/s/files/1/1056/5215/8545/files/0OO9404__940403__P21__noshad__qt.jpg?v=1785245257
oakley-oo9404-0435,"Oakley Latch Panel  — Performance Lifestyle, GryInk","Frame: GryInk. Lens: PrzmRuby. Unisex / Shield shape. Fit: Bridge: 135mm, Lens width: 36mm, Lens height: 57mm, Temple: 126mm. Authentic, sold by an authorized retailer.",Oakley,Sunglasses,"Oakley, Latch Panel , Shield",TRUE,Title,Default Title,,,,,OO9404-0435,3552000,4440000,,shopify,Unisex,Shield,FALSE,O_matter,Polycarbonate,135,36,57,126,Prizm Black,Matte Black,Injected,High Bridge Fit,OK9404-0435,https://cdn.shopify.com/s/files/1/1056/5215/8545/files/0OO9404__940404__P21__noshad__fr.jpg?v=1785245260
oakley-oo9404-0435,,,,,,,,,,,,,,,,,,,,,,,,,,,,,,,,https://cdn.shopify.com/s/files/1/1056/5215/8545/files/0OO9404__940404__P21__noshad__qt.jpg?v=1785245263
oakley-oo9404-0535,"Oakley Latch Panel  — Performance Lifestyle, GrySmoke","Frame: GrySmoke. Lens: Prizm24K(nose+strap). Unisex / Shield shape. Fit: Bridge: 135mm, Lens width: 36mm, Lens height: 57mm, Temple: 126mm. Authentic, sold by an authorized retailer.",Oakley,Sunglasses,"Oakley, Latch Panel , Shield",TRUE,Title,Default Title,,,,,OO9404-0535,3392000,4240000,,shopify,Unisex,Shield,FALSE,O_matter,Polycarbonate,135,36,57,126,Prizm Black,Matte Black,Injected,High Bridge Fit,OK9404-0535,https://cdn.shopify.com/s/files/1/1056/5215/8545/files/0OO9404__940405__P21__noshad__fr.jpg?v=1785245267
oakley-oo9404-0535,,,,,,,,,,,,,,,,,,,,,,,,,,,,,,,,https://cdn.shopify.com/s/files/1/1056/5215/8545/files/0OO9404__940405__P21__noshad__qt.jpg?v=1785245270
oakley-oo9404-0635,"Oakley Latch Panel  — Performance Lifestyle, Matte TransparentNavy","Frame: Matte TransparentNavy. Lens: PrizmSapp(nose+strap). Unisex / Shield shape. Fit: Bridge: 135mm, Lens width: 36mm, Lens height: 57mm, Temple: 126mm. Authentic, sold by an authorized retailer.",Oakley,Sunglasses,"Oakley, Latch Panel , Shield",TRUE,Title,Default Title,,,,,OO9404-0635,3552000,4440000,,shopify,Unisex,Shield,FALSE,O_matter,Polycarbonate,135,36,57,126,Prizm Black,Matte Black,Injected,High Bridge Fit,OK9404-0635,https://cdn.shopify.com/s/files/1/1056/5215/8545/files/0OO9404__940406__P21__noshad__fr.jpg?v=1785245273
oakley-oo9404-0635,,,,,,,,,,,,,,,,,,,,,,,,,,,,,,,,https://cdn.shopify.com/s/files/1/1056/5215/8545/files/0OO9404__940406__P21__noshad__qt.jpg?v=1785245276
oakley-oo9404-0735,"Oakley Latch Panel  — Performance Lifestyle, Dame Dolla-Sepia","Frame: Dame Dolla-Sepia. Lens: PrzmBlack+H.String. Unisex / Shield shape. Fit: Bridge: 135mm, Lens width: 36mm, Lens height: 57mm, Temple: 126mm. Authentic, sold by an authorized retailer.",Oakley,Sunglasses,"Oakley, Latch Panel , Shield",TRUE,Title,Default Title,,,,,OO9404-0735,3904000,4880000,,shopify,Unisex,Shield,FALSE,O_matter,Polycarbonate,135,36,57,126,Prizm Black,Matte Black,Injected,High Bridge Fit,OK9404-0735,https://cdn.shopify.com/s/files/1/1056/5215/8545/files/0OO9404__940407__P21__noshad__fr.jpg?v=1783996274
oakley-oo9404-0735,,,,,,,,,,,,,,,,,,,,,,,,,,,,,,,,https://cdn.shopify.com/s/files/1/1056/5215/8545/files/0OO9404__940407__P21__noshad__qt.jpg?v=1783996277
oakley-oo9404-0835,"Oakley Latch Panel  — Performance Lifestyle, Sign-Transparent.StoneWash","Frame: Sign-Transparent.StoneWash. Lens: PrzmTungsten. Unisex / Shield shape. Fit: Bridge: 135mm, Lens width: 36mm, Lens height: 57mm, Temple: 126mm. Authentic, sold by an authorized retailer.",Oakley,Sunglasses,"Oakley, Latch Panel , Shield",TRUE,Title,Default Title,,,,,OO9404-0835,4368000,5460000,,shopify,Unisex,Shield,FALSE,O_matter,Polycarbonate,135,36,57,126,Prizm Black,Matte Black,Injected,High Bridge Fit,OK9404-0835,https://cdn.shopify.com/s/files/1/1056/5215/8545/files/0OO9404__940408__P21__noshad__fr.jpg?v=1785245280
oakley-oo9404-0835,,,,,,,,,,,,,,,,,,,,,,,,,,,,,,,,https://cdn.shopify.com/s/files/1/1056/5215/8545/files/0OO9404__940408__P21__noshad__qt.jpg?v=1785245283
oakley-oo9404-1235,"Oakley Latch Panel  — Performance Lifestyle, Matte GrySmoke","Frame: Matte GrySmoke. Lens: PrzmSnowSapp+H.String. Unisex / Shield shape. Fit: Bridge: 135mm, Lens width: 36mm, Lens height: 57mm, Temple: 126mm. Authentic, sold by an authorized retailer.",Oakley,Sunglasses,"Oakley, Latch Panel , Shield",TRUE,Title,Default Title,,,,,OO9404-1235,3552000,4440000,,shopify,Unisex,Shield,FALSE,O_matter,Polycarbonate,135,36,57,126,Prizm Black,Matte Black,Injected,High Bridge Fit,OK9404-1235,https://cdn.shopify.com/s/files/1/1056/5215/8545/files/0OO9404__940412__P21__noshad__fr.jpg?v=1783996281
oakley-oo9404-1235,,,,,,,,,,,,,,,,,,,,,,,,,,,,,,,,https://cdn.shopify.com/s/files/1/1056/5215/8545/files/0OO9404__940412__P21__noshad__qt.jpg?v=1783996284
oakley-oo9404-1435,"Oakley Latch Panel  — Performance Lifestyle, Mahomes-PMGldGlass","Frame: Mahomes-PMGldGlass. Lens: PrzmBlack+H.String. Unisex / Shield shape. Fit: Bridge: 135mm, Lens width: 36mm, Lens height: 57mm, Temple: 126mm. Authentic, sold by an authorized retailer.",Oakley,Sunglasses,"Oakley, Latch Panel , Shield",TRUE,Title,Default Title,,,,,OO9404-1435,3904000,4880000,,shopify,Unisex,Shield,FALSE,O_matter,Polycarbonate,135,36,57,126,Prizm Black,Matte Black,Injected,High Bridge Fit,OK9404-1435,https://cdn.shopify.com/s/files/1/1056/5215/8545/files/0OO9404__940414__P21__noshad__fr.jpg?v=1783996293
oakley-oo9404-1435,,,,,,,,,,,,,,,,,,,,,,,,,,,,,,,,https://cdn.shopify.com/s/files/1/1056/5215/8545/files/0OO9404__940414__P21__noshad__qt.jpg?v=1783996297
oakley-oo9404-1635,"Oakley Latch Panel  — Performance Lifestyle, Matte Black","Frame: Matte Black. Lens: PrzmRuby+H.String. Unisex / Shield shape. Fit: Bridge: 135mm, Lens width: 36mm, Lens height: 57mm, Temple: 126mm. Authentic, sold by an authorized retailer.",Oakley,Sunglasses,"Oakley, Latch Panel , Shield",TRUE,Title,Default Title,,,,,OO9404-1635,3976000,4970000,,shopify,Unisex,Shield,FALSE,O_matter,Polycarbonate,135,36,57,126,Prizm Black,Matte Black,Injected,High Bridge Fit,OK9404-1635,https://cdn.shopify.com/s/files/1/1056/5215/8545/files/0OO9404__940416__P21__noshad__fr.jpg?v=1783996300
oakley-oo9404-1635,,,,,,,,,,,,,,,,,,,,,,,,,,,,,,,,https://cdn.shopify.com/s/files/1/1056/5215/8545/files/0OO9404__940416__P21__noshad__qt.jpg?v=1783996303
oakley-oo9404-2335,"Oakley Latch Panel  — Performance Lifestyle, Fortnite-RacewornRedKnight","Frame: Fortnite-RacewornRedKnight. Lens: PrizmRuby+strap+1N.Pad. Unisex / Shield shape. Fit: Bridge: 135mm, Lens width: 36mm, Lens height: 57mm, Temple: 126mm. Authentic, sold by an authorized retailer.",Oakley,Sunglasses,"Oakley, Latch Panel , Shield",TRUE,Title,Default Title,,,,,OO9404-2335,3904000,4880000,,shopify,Unisex,Shield,FALSE,O_matter,Polycarbonate,135,36,57,126,Prizm Black,Matte Black,Injected,High Bridge Fit,OK9404-2335,https://cdn.shopify.com/s/files/1/1056/5215/8545/files/0OO9404__940423__P21__noshad__fr.jpg?v=1785245286
oakley-oo9404-2335,,,,,,,,,,,,,,,,,,,,,,,,,,,,,,,,https://cdn.shopify.com/s/files/1/1056/5215/8545/files/0OO9404__940423__P21__noshad__qt.jpg?v=1785245289
oakley-oo9404-2435,"Oakley Latch Panel  — Performance Lifestyle, Seek Coll-Matte GryInk","Frame: Seek Coll-Matte GryInk. Lens: Prizm24k. Unisex / Shield shape. Fit: Bridge: 135mm, Lens width: 36mm, Lens height: 57mm, Temple: 126mm. Authentic, sold by an authorized retailer.",Oakley,Sunglasses,"Oakley, Latch Panel , Shield",TRUE,Title,Default Title,,,,,OO9404-2435,3552000,4440000,,shopify,Unisex,Shield,FALSE,O_matter,Polycarbonate,135,36,57,126,Prizm Black,Matte Black,Injected,High Bridge Fit,OK9404-2435,https://cdn.shopify.com/s/files/1/1056/5215/8545/files/0OO9404__940424__P21__noshad__fr.jpg?v=1785245292
oakley-oo9404-2435,,,,,,,,,,,,,,,,,,,,,,,,,,,,,,,,https://cdn.shopify.com/s/files/1/1056/5215/8545/files/0OO9404__940424__P21__noshad__qt.jpg?v=1785245295
oakley-oo9409-0657,Oakley SLIVER STEALTH — sps-(A)MBlack,"Frame: sps-(A)MBlack. Lens: PrzmRubyPol. Authentic, sold by an authorized retailer.",Oakley,Sunglasses,"Oakley, SLIVER STEALTH",TRUE,Title,Default Title,,,,,OO9409-0657,2650000,3790000,,shopify,,,FALSE,,,,,,,,,,,OK9409-0657,https://cdn.shopify.com/s/files/1/1056/5215/8545/files/0OO9409__940906__STD__noshad__fr.jpg?v=1785245298
oakley-oo9409-0657,,,,,,,,,,,,,,,,,,,,,,,,,,,,,,,,https://cdn.shopify.com/s/files/1/1056/5215/8545/files/0OO9409__940906__STD__noshad__qt.jpg?v=1785245301
oakley-oo9414-0163,Oakley SLIVER EDGE — sp4-(A)MBlack,"Frame: sp4-(A)MBlack. Lens: PrzmGrey. Authentic, sold by an authorized retailer.",Oakley,Sunglasses,"Oakley, SLIVER EDGE",TRUE,Title,Default Title,,,,,OO9414-0163,1950000,2690000,,shopify,,,FALSE,,,,,,,,,,,OK9414-0163,https://cdn.shopify.com/s/files/1/1056/5215/8545/files/0OO9414__941401__STD__noshad__fr.jpg?v=1785245304
oakley-oo9414-0163,,,,,,,,,,,,,,,,,,,,,,,,,,,,,,,,https://cdn.shopify.com/s/files/1/1056/5215/8545/files/0OO9414__941401__STD__noshad__qt.jpg?v=1785245307
oakley-oo9414-0263,Oakley SLIVER EDGE — sp4-(A)MBlkInk,"Frame: sp4-(A)MBlkInk. Lens: PrzmRuby. Authentic, sold by an authorized retailer.",Oakley,Sunglasses,"Oakley, SLIVER EDGE",TRUE,Title,Default Title,,,,,OO9414-0263,2150000,2890000,,shopify,,,FALSE,,,,,,,,,,,OK9414-0263,https://cdn.shopify.com/s/files/1/1056/5215/8545/files/0OO9414__941402_000A.jpg?v=1785245309
oakley-oo9414-0263,,,,,,,,,,,,,,,,,,,,,,,,,,,,,,,,https://cdn.shopify.com/s/files/1/1056/5215/8545/files/0OO9414__941402_030A.jpg?v=1785245312
oakley-oo9414-0663,Oakley SLIVER EDGE — sp4-(A)Steel,"Frame: sp4-(A)Steel. Lens: PrzmSappPol. Authentic, sold by an authorized retailer.",Oakley,Sunglasses,"Oakley, SLIVER EDGE",TRUE,Title,Default Title,,,,,OO9414-0663,2650000,3790000,,shopify,,,FALSE,,,,,,,,,,,OK9414-0663,https://cdn.shopify.com/s/files/1/1056/5215/8545/files/0OO9414__941406__STD__noshad__fr.jpg?v=1785245315
oakley-oo9414-0663,,,,,,,,,,,,,,,,,,,,,,,,,,,,,,,,https://cdn.shopify.com/s/files/1/1056/5215/8545/files/0OO9414__941406__STD__noshad__qt.jpg?v=1785245318
oakley-oo9415-1142,"Oakley Corridor SQ. — Sport Performance, Matte Vapor","Frame: Matte Vapor. Lens: PrizmBlack+1NoseP. Man / Rectangle shape. Fit: Bridge: 142mm, Lens width: 42mm, Lens height: 52mm, Temple: 140mm. Authentic, sold by an authorized retailer.",Oakley,Sunglasses,"Oakley, Corridor SQ., Rectangle",TRUE,Title,Default Title,,,,,OO9415-1142,3928000,4910000,,shopify,Man,Rectangle,FALSE,O_matter,Polycarbonate,142,42,52,140,Prizm Black,Matte Black,Injected,Universal Fit,OK9415-1142,https://cdn.shopify.com/s/files/1/1056/5215/8545/files/0OO9415__941511__P21__noshad__fr.jpg?v=1783996383
oakley-oo9415-1142,,,,,,,,,,,,,,,,,,,,,,,,,,,,,,,,https://cdn.shopify.com/s/files/1/1056/5215/8545/files/0OO9415__941511__P21__noshad__qt.jpg?v=1783996386
oakley-oo9416-0264,"Oakley SPLIT SHOT — Sport Performance, Matte Carbon","Frame: Matte Carbon. Lens: PrzmBlack. Man / Rectangle shape. Fit: Bridge: 17mm, Lens width: 64mm, Lens height: 44mm, Temple: 132mm. Authentic, sold by an authorized retailer.",Oakley,Sunglasses,"Oakley, SPLIT SHOT, Rectangle",TRUE,Title,Default Title,,,,,OO9416-0264,3576000,4470000,,shopify,Man,Rectangle,FALSE,O_matter,Polycarbonate,17,64,44,132,Prizm Black,Matte Carbon,Injected,High Bridge Fit,OK9416-0264,https://cdn.shopify.com/s/files/1/1056/5215/8545/files/0OO9416__941602__STD__noshad__fr.jpg?v=1785245321
oakley-oo9416-0264,,,,,,,,,,,,,,,,,,,,,,,,,,,,,,,,https://cdn.shopify.com/s/files/1/1056/5215/8545/files/0OO9416__941602__STD__noshad__qt.jpg?v=1785245324
oakley-oo9418-2645,Oakley WIND JACKET 2.0 — Matte Olive,"Frame: Matte Olive. Lens: PrzmSnowBlack. Authentic, sold by an authorized retailer.",Oakley,Sunglasses,"Oakley, WIND JACKET 2.0",TRUE,Title,Default Title,,,,,OO9418-2645,3280000,4100000,,shopify,,,FALSE,,,,,,,,,,,OK9418-2645,https://cdn.shopify.com/s/files/1/1056/5215/8545/files/0OO9418__941826__P21__noshad__fr.jpg?v=1785245328
oakley-oo9418-2645,,,,,,,,,,,,,,,,,,,,,,,,,,,,,,,,https://cdn.shopify.com/s/files/1/1056/5215/8545/files/0OO9418__941826__P21__noshad__qt.jpg?v=1785245330
oakley-oo9418-2745,Oakley WIND JACKET 2.0 — Matte TransparentStonewash,"Frame: Matte TransparentStonewash. Lens: PrzmSnowSapp. Authentic, sold by an authorized retailer.",Oakley,Sunglasses,"Oakley, WIND JACKET 2.0",TRUE,Title,Default Title,,,,,OO9418-2745,3136000,3920000,,shopify,,,FALSE,,,,,,,,,,,OK9418-2745,https://cdn.shopify.com/s/files/1/1056/5215/8545/files/0OO9418__941827__P21__noshad__fr.jpg?v=1785245333
oakley-oo9418-2745,,,,,,,,,,,,,,,,,,,,,,,,,,,,,,,,https://cdn.shopify.com/s/files/1/1056/5215/8545/files/0OO9418__941827__P21__noshad__qt.jpg?v=1785245337
oakley-oo9430-0857,"Oakley Actuator SQ — Sport Performance, Matte Pacific","Frame: Matte Pacific. Lens: PrizmRoadBlack+1NoseP. Unisex / Rectangle shape. Fit: Bridge: 16mm, Lens width: 57mm, Lens height: 46mm, Temple: 146mm. Authentic, sold by an authorized retailer.",Oakley,Sunglasses,"Oakley, Actuator SQ, Rectangle",TRUE,Title,Default Title,,,,,OO9430-0857,3352000,4190000,,shopify,Unisex,Rectangle,FALSE,O_matter,Polycarbonate,16,57,46,146,Prizm Black,Matte Black,Injected,High Bridge Fit,OK9430-0857,https://cdn.shopify.com/s/files/1/1056/5215/8545/files/0OO9430__943008__P21__noshad__fr.jpg?v=1785245340
oakley-oo9430-0857,,,,,,,,,,,,,,,,,,,,,,,,,,,,,,,,https://cdn.shopify.com/s/files/1/1056/5215/8545/files/0OO9430__943008__P21__noshad__qt.jpg?v=1785245343
oakley-oo9431-0360,"Oakley Lateralis — Performance Lifestyle, Matte TransparentBlue","Frame: Matte TransparentBlue. Lens: PrzmDeepWtrPol.. Man / Rectangle shape. Fit: Bridge: 19mm, Lens width: 60mm, Lens height: 41mm, Temple: 126mm. Authentic, sold by an authorized retailer.",Oakley,Sunglasses,"Oakley, Lateralis, Rectangle",TRUE,Title,Default Title,,,,,OO9431-0360,4328000,5410000,,shopify,Man,Rectangle,TRUE,O_matter,Polycarbonate,19,60,41,126,Prizm Black Polarized,Matte Black,Injected,High Bridge Fit,OK9431-0360,https://cdn.shopify.com/s/files/1/1056/5215/8545/files/0OO9431__943103__P21__noshad__fr.jpg?v=1783996446
oakley-oo9431-0360,,,,,,,,,,,,,,,,,,,,,,,,,,,,,,,,https://cdn.shopify.com/s/files/1/1056/5215/8545/files/0OO9431__943103__P21__noshad__qt.jpg?v=1783996449
oakley-oo9431-0960,"Oakley Lateralis — Performance Lifestyle, Matte White","Frame: Matte White. Lens: PrzmSnowSapp. Man / Rectangle shape. Fit: Bridge: 19mm, Lens width: 60mm, Lens height: 41mm, Temple: 126mm. Authentic, sold by an authorized retailer.",Oakley,Sunglasses,"Oakley, Lateralis, Rectangle",TRUE,Title,Default Title,,,,,OO9431-0960,3000000,3750000,,shopify,Man,Rectangle,TRUE,O_matter,Polycarbonate,19,60,41,126,Prizm Black Polarized,Matte Black,Injected,High Bridge Fit,OK9431-0960,https://cdn.shopify.com/s/files/1/1056/5215/8545/files/0OO9431__943109__P21__noshad__fr.jpg?v=1783996483
oakley-oo9431-0960,,,,,,,,,,,,,,,,,,,,,,,,,,,,,,,,https://cdn.shopify.com/s/files/1/1056/5215/8545/files/0OO9431__943109__P21__noshad__qt.jpg?v=1783996486
oakley-oo9431-1160,"Oakley Lateralis — Performance Lifestyle, Latitude-Matte Moss","Frame: Latitude-Matte Moss. Lens: PrizmTstenPol.+1Nose. Man / Rectangle shape. Fit: Bridge: 19mm, Lens width: 60mm, Lens height: 41mm, Temple: 126mm. Authentic, sold by an authorized retailer.",Oakley,Sunglasses,"Oakley, Lateralis, Rectangle",TRUE,Title,Default Title,,,,,OO9431-1160,4328000,5410000,,shopify,Man,Rectangle,TRUE,O_matter,Polycarbonate,19,60,41,126,Prizm Black Polarized,Matte Black,Injected,High Bridge Fit,OK9431-1160,https://cdn.shopify.com/s/files/1/1056/5215/8545/files/0OO9431__943111__P21__noshad__fr.jpg?v=1785245346
oakley-oo9431-1160,,,,,,,,,,,,,,,,,,,,,,,,,,,,,,,,https://cdn.shopify.com/s/files/1/1056/5215/8545/files/0OO9431__943111__P21__noshad__qt.jpg?v=1785245349
oakley-oo9431-1660,"Oakley Lateralis — Performance Lifestyle, KylianMbappe-Matte Dark Amber","Frame: KylianMbappe-Matte Dark Amber. Lens: PrizmRuby+1Nose. Man / Rectangle shape. Fit: Bridge: 19mm, Lens width: 60mm, Lens height: 41mm, Temple: 126mm. Authentic, sold by an authorized retailer.",Oakley,Sunglasses,"Oakley, Lateralis, Rectangle",TRUE,Title,Default Title,,,,,OO9431-1660,3744000,4680000,,shopify,Man,Rectangle,TRUE,O_matter,Polycarbonate,19,60,41,126,Prizm Black Polarized,Matte Black,Injected,High Bridge Fit,OK9431-1660,https://cdn.shopify.com/s/files/1/1056/5215/8545/files/0OO9431__943116__P21__noshad__fr.jpg?v=1783996502
oakley-oo9431-1660,,,,,,,,,,,,,,,,,,,,,,,,,,,,,,,,https://cdn.shopify.com/s/files/1/1056/5215/8545/files/0OO9431__943116__P21__noshad__qt.jpg?v=1783996505
oakley-oo9431-1760,"Oakley Lateralis — Performance Lifestyle, Matte Cactus","Frame: Matte Cactus. Lens: PrizmTungsten. Man / Rectangle shape. Fit: Bridge: 19mm, Lens width: 60mm, Lens height: 41mm, Temple: 126mm. Authentic, sold by an authorized retailer.",Oakley,Sunglasses,"Oakley, Lateralis, Rectangle",TRUE,Title,Default Title,,,,,OO9431-1760,3352000,4190000,,shopify,Man,Rectangle,TRUE,O_matter,Polycarbonate,19,60,41,126,Prizm Black Polarized,Matte Black,Injected,High Bridge Fit,OK9431-1760,https://cdn.shopify.com/s/files/1/1056/5215/8545/files/0OO9431__943117__P21__noshad__fr.jpg?v=1783996508
oakley-oo9431-1760,,,,,,,,,,,,,,,,,,,,,,,,,,,,,,,,https://cdn.shopify.com/s/files/1/1056/5215/8545/files/0OO9431__943117__P21__noshad__qt.jpg?v=1783996511
oakley-oo9431-1860,"Oakley Lateralis — Performance Lifestyle, El.Diablo-Matte Sepia","Frame: El.Diablo-Matte Sepia. Lens: PrizmTungten+1NoseP. Man / Rectangle shape. Fit: Bridge: 19mm, Lens width: 60mm, Lens height: 41mm, Temple: 126mm. Authentic, sold by an authorized retailer.",Oakley,Sunglasses,"Oakley, Lateralis, Rectangle",TRUE,Title,Default Title,,,,,OO9431-1860,3744000,4680000,,shopify,Man,Rectangle,TRUE,O_matter,Polycarbonate,19,60,41,126,Prizm Black Polarized,Matte Black,Injected,High Bridge Fit,OK9431-1860,https://cdn.shopify.com/s/files/1/1056/5215/8545/files/0OO9431__943118__P21__noshad__fr.jpg?v=1783996514
oakley-oo9431-1860,,,,,,,,,,,,,,,,,,,,,,,,,,,,,,,,https://cdn.shopify.com/s/files/1/1056/5215/8545/files/0OO9431__943118__P21__noshad__qt.jpg?v=1783996517
oakley-oo9439-1650,"Oakley PICHMAN R — Performance Lifestyle, Gaming-Clear","Frame: Gaming-Clear. Lens: PrzmGaming. Man / Round shape. Fit: Bridge: 19mm, Lens width: 50mm, Lens height: 43mm, Temple: 140mm. Authentic, sold by an authorized retailer.",Oakley,Sunglasses,"Oakley, PICHMAN R, Round",TRUE,Title,Default Title,,,,,OO9439-1650,3096000,3870000,,shopify,Man,Round,FALSE,O_matter,Polycarbonate,19,50,43,140,Prizm Grey,Satin Black,Metal,High Bridge Fit,OK9439-1650,https://cdn.shopify.com/s/files/1/1056/5215/8545/files/0OO9439__943916__P21__noshad__fr.jpg?v=1785245352
oakley-oo9439-1650,,,,,,,,,,,,,,,,,,,,,,,,,,,,,,,,https://cdn.shopify.com/s/files/1/1056/5215/8545/files/0OO9439__943916__P21__noshad__qt.jpg?v=1785245355
oakley-oo9439-1750,"Oakley PICHMAN R — Performance Lifestyle, FqRedFd","Frame: FqRedFd. Lens: PrzmBlkGradient. Man / Round shape. Fit: Bridge: 19mm, Lens width: 50mm, Lens height: 43mm, Temple: 140mm. Authentic, sold by an authorized retailer.",Oakley,Sunglasses,"Oakley, PICHMAN R, Round",TRUE,Title,Default Title,,,,,OO9439-1750,3256000,4070000,,shopify,Man,Round,FALSE,O_matter,Polycarbonate,19,50,43,140,Prizm Grey,Satin Black,Metal,High Bridge Fit,OK9439-1750,https://cdn.shopify.com/s/files/1/1056/5215/8545/files/0OO9439__943917__P21__noshad__fr.jpg?v=1785245358
oakley-oo9439-1750,,,,,,,,,,,,,,,,,,,,,,,,,,,,,,,,https://cdn.shopify.com/s/files/1/1056/5215/8545/files/0OO9439__943917__P21__noshad__qt.jpg?v=1785245361
oakley-oo9448-0257,"Oakley Sylas — Performance Lifestyle, Rootbeer","Frame: Rootbeer. Lens: Prizm Brz. Man / Rectangle shape. Fit: Bridge: 17mm, Lens width: 57mm, Lens height: 42mm, Temple: 142mm. Authentic, sold by an authorized retailer.",Oakley,Sunglasses,"Oakley, Sylas, Rectangle",TRUE,Title,Default Title,,,,,OO9448-0257,2560000,3200000,,shopify,Man,Rectangle,FALSE,O_matter,Polycarbonate,17,57,42,142,Prizm Grey,Polished Black,Injected,High Bridge Fit,OK9448-0257,https://cdn.shopify.com/s/files/1/1056/5215/8545/files/0OO9448__944802__STD__noshad__fr.jpg?v=1785245364
oakley-oo9448-0257,,,,,,,,,,,,,,,,,,,,,,,,,,,,,,,,https://cdn.shopify.com/s/files/1/1056/5215/8545/files/0OO9448__944802__STD__noshad__qt.jpg?v=1785245369
oakley-oo9448-0560,"Oakley Sylas — Performance Lifestyle, BlkInk","Frame: BlkInk. Lens: PrzmRubyPol.. Man / Rectangle shape. Fit: Bridge: 17mm, Lens width: 57mm, Lens height: 42mm, Temple: 142mm. Authentic, sold by an authorized retailer.",Oakley,Sunglasses,"Oakley, Sylas, Rectangle",TRUE,Title,Default Title,,,,,OO9448-0560,3264000,4080000,,shopify,Man,Rectangle,FALSE,O_matter,Polycarbonate,17,57,42,142,Prizm Grey,Polished Black,Injected,High Bridge Fit,OK9448-0560,https://cdn.shopify.com/s/files/1/1056/5215/8545/files/0OO9448__944805__STD__noshad__fr.jpg?v=1785245372
oakley-oo9448-0560,,,,,,,,,,,,,,,,,,,,,,,,,,,,,,,,https://cdn.shopify.com/s/files/1/1056/5215/8545/files/0OO9448__944805__STD__noshad__qt.jpg?v=1785245375
oakley-oo9448-0660,"Oakley Sylas — Performance Lifestyle, Matte Black","Frame: Matte Black. Lens: PrzmBlkPol.. Man / Rectangle shape. Fit: Bridge: 17mm, Lens width: 57mm, Lens height: 42mm, Temple: 142mm. Authentic, sold by an authorized retailer.",Oakley,Sunglasses,"Oakley, Sylas, Rectangle",TRUE,Title,Default Title,,,,,OO9448-0660,3720000,4650000,,shopify,Man,Rectangle,FALSE,O_matter,Polycarbonate,17,57,42,142,Prizm Grey,Polished Black,Injected,High Bridge Fit,OK9448-0660,https://cdn.shopify.com/s/files/1/1056/5215/8545/files/0OO9448__944806__STD__noshad__fr.jpg?v=1783996663
oakley-oo9448-0660,,,,,,,,,,,,,,,,,,,,,,,,,,,,,,,,https://cdn.shopify.com/s/files/1/1056/5215/8545/files/0OO9448__944806__STD__noshad__qt.jpg?v=1783996666
oakley-oo9448-2760,"Oakley Sylas — Performance Lifestyle, Matte Black","Frame: Matte Black. Lens: PrzmDeepWaterPol.. Man / Rectangle shape. Fit: Bridge: 17mm, Lens width: 57mm, Lens height: 42mm, Temple: 142mm. Authentic, sold by an authorized retailer.",Oakley,Sunglasses,"Oakley, Sylas, Rectangle",TRUE,Title,Default Title,,,,,OO9448-2760,3720000,4650000,,shopify,Man,Rectangle,FALSE,O_matter,Polycarbonate,17,57,42,142,Prizm Grey,Polished Black,Injected,High Bridge Fit,OK9448-2760,https://cdn.shopify.com/s/files/1/1056/5215/8545/files/0OO9448__944827__P21__noshad__fr.jpg?v=1785245379
oakley-oo9448-2760,,,,,,,,,,,,,,,,,,,,,,,,,,,,,,,,https://cdn.shopify.com/s/files/1/1056/5215/8545/files/0OO9448__944827__P21__noshad__qt.jpg?v=1785245382
oakley-oo9460-0159,Oakley PORTAL X — Carbon,"Frame: Carbon. Lens: PrzmGrey. Authentic, sold by an authorized retailer.",Oakley,Sunglasses,"Oakley, PORTAL X",TRUE,Title,Default Title,,,,,OO9460-0159,2720000,3400000,,shopify,,,FALSE,,,,,,,,,,,OK9460-0159,https://cdn.shopify.com/s/files/1/1056/5215/8545/files/0OO9460__946001__STD__noshad__fr.jpg?v=1785245385
oakley-oo9460-0159,,,,,,,,,,,,,,,,,,,,,,,,,,,,,,,,https://cdn.shopify.com/s/files/1/1056/5215/8545/files/0OO9460__946001__STD__noshad__qt.jpg?v=1785245388
oakley-oo9460-0659,Oakley PORTAL X — PolishBlack,"Frame: PolishBlack. Lens: PrzmBlkPol.. Authentic, sold by an authorized retailer.",Oakley,Sunglasses,"Oakley, PORTAL X",TRUE,Title,Default Title,,,,,OO9460-0659,3808000,4760000,,shopify,,,FALSE,,,,,,,,,,,OK9460-0659,https://cdn.shopify.com/s/files/1/1056/5215/8545/files/0OO9460__946006__STD__noshad__fr.jpg?v=1785245391
oakley-oo9460-0659,,,,,,,,,,,,,,,,,,,,,,,,,,,,,,,,https://cdn.shopify.com/s/files/1/1056/5215/8545/files/0OO9460__946006__STD__noshad__qt.jpg?v=1785245395
oakley-oo9462-0128,"Oakley SUTRO S — Sport Performance, PolishedBlack","Frame: PolishedBlack. Lens: PrzmRoadBlack. Unisex / Shield shape. Fit: Bridge: 128mm, Lens height: 55mm, Temple: 134mm. Authentic, sold by an authorized retailer.",Oakley,Sunglasses,"Oakley, SUTRO S, Shield",TRUE,Title,Default Title,,,,,OO9462-0128,3032000,3790000,,shopify,Unisex,Shield,FALSE,O_matter,Polycarbonate,128,,55,134,Prizm Sapphire,Matte Navy,Injected,Universal Fit,OK9462-0128,https://cdn.shopify.com/s/files/1/1056/5215/8545/files/0OO9462__946201__STD__noshad__fr.jpg?v=1785245398
oakley-oo9462-0128,,,,,,,,,,,,,,,,,,,,,,,,,,,,,,,,https://cdn.shopify.com/s/files/1/1056/5215/8545/files/0OO9462__946201__STD__noshad__qt.jpg?v=1785245401
oakley-oo9462-0328,"Oakley SUTRO S — Sport Performance, Matte Black","Frame: Matte Black. Lens: PrizmTrailTorch. Unisex / Shield shape. Fit: Bridge: 128mm, Lens height: 55mm, Temple: 134mm. Authentic, sold by an authorized retailer.",Oakley,Sunglasses,"Oakley, SUTRO S, Shield",TRUE,Title,Default Title,,,,,OO9462-0328,2904000,3630000,,shopify,Unisex,Shield,FALSE,O_matter,Polycarbonate,128,,55,134,Prizm Sapphire,Matte Navy,Injected,Universal Fit,OK9462-0328,https://cdn.shopify.com/s/files/1/1056/5215/8545/files/0OO9462__946203__STD__noshad__fr.jpg?v=1785245403
oakley-oo9462-0328,,,,,,,,,,,,,,,,,,,,,,,,,,,,,,,,https://cdn.shopify.com/s/files/1/1056/5215/8545/files/0OO9462__946203__STD__noshad__qt.jpg?v=1785245406
oakley-oo9462-0428,"Oakley SUTRO S — Sport Performance, Mbk","Frame: Mbk. Lens: Prizm Road. Unisex / Shield shape. Fit: Bridge: 128mm, Lens height: 55mm, Temple: 134mm. Authentic, sold by an authorized retailer.",Oakley,Sunglasses,"Oakley, SUTRO S, Shield",TRUE,Title,Default Title,,,,,OO9462-0428,3032000,3790000,,shopify,Unisex,Shield,FALSE,O_matter,Polycarbonate,128,,55,134,Prizm Sapphire,Matte Navy,Injected,Universal Fit,OK9462-0428,https://cdn.shopify.com/s/files/1/1056/5215/8545/files/0OO9462__946204__STD__noshad__fr.jpg?v=1785245409
oakley-oo9462-0428,,,,,,,,,,,,,,,,,,,,,,,,,,,,,,,,https://cdn.shopify.com/s/files/1/1056/5215/8545/files/0OO9462__946204__STD__noshad__qt.jpg?v=1785245412
oakley-oo9462-0628,"Oakley SUTRO S — Sport Performance, PolishBlack","Frame: PolishBlack. Lens: PrizmJade. Unisex / Shield shape. Fit: Bridge: 128mm, Lens height: 55mm, Temple: 134mm. Authentic, sold by an authorized retailer.",Oakley,Sunglasses,"Oakley, SUTRO S, Shield",TRUE,Title,Default Title,,,,,OO9462-0628,3032000,3790000,,shopify,Unisex,Shield,FALSE,O_matter,Polycarbonate,128,,55,134,Prizm Sapphire,Matte Navy,Injected,Universal Fit,OK9462-0628,https://cdn.shopify.com/s/files/1/1056/5215/8545/files/0OO9462__946206__STD__noshad__fr.jpg?v=1785245415
oakley-oo9462-0628,,,,,,,,,,,,,,,,,,,,,,,,,,,,,,,,https://cdn.shopify.com/s/files/1/1056/5215/8545/files/0OO9462__946206__STD__noshad__qt.jpg?v=1785245418
oakley-oo9462-0828,"Oakley SUTRO S — Sport Performance, Matte Carbon","Frame: Matte Carbon. Lens: Przm24k. Unisex / Shield shape. Fit: Bridge: 128mm, Lens height: 55mm, Temple: 134mm. Authentic, sold by an authorized retailer.",Oakley,Sunglasses,"Oakley, SUTRO S, Shield",TRUE,Title,Default Title,,,,,OO9462-0828,3032000,3790000,,shopify,Unisex,Shield,FALSE,O_matter,Polycarbonate,128,,55,134,Prizm Sapphire,Matte Navy,Injected,Universal Fit,OK9462-0828,https://cdn.shopify.com/s/files/1/1056/5215/8545/files/0OO9462__946208__P21__noshad__fr.jpg?v=1785245422
oakley-oo9462-0828,,,,,,,,,,,,,,,,,,,,,,,,,,,,,,,,https://cdn.shopify.com/s/files/1/1056/5215/8545/files/0OO9462__946208__P21__noshad__qt.jpg?v=1785245425
oakley-oo9465-0139,"Oakley SUTRO LITE SWEEP — Sport Performance, Mt. Black","Frame: Mt. Black. Lens: Prizm Road. Man / Shield shape. Fit: Bridge: 139mm, Lens width: 39mm, Lens height: 60mm, Temple: 138mm. Authentic, sold by an authorized retailer.",Oakley,Sunglasses,"Oakley, SUTRO LITE SWEEP, Shield",TRUE,Title,Default Title,,,,,OO9465-0139,3088000,3860000,,shopify,Man,Shield,FALSE,O_matter,Polycarbonate,139,39,60,138,Prizm Road,Matte Black,Injected,High Bridge Fit,OK9465-0139,https://cdn.shopify.com/s/files/1/1056/5215/8545/files/0OO9465__946501__P21__noshad__fr.jpg?v=1785245427
oakley-oo9465-0139,,,,,,,,,,,,,,,,,,,,,,,,,,,,,,,,https://cdn.shopify.com/s/files/1/1056/5215/8545/files/0OO9465__946501__P21__noshad__qt.jpg?v=1785245431
oakley-oo9465-0739,"Oakley SUTRO LITE SWEEP — Sport Performance, Pink (lubang)","Frame: Pink (lubang). Lens: Prizm Road. Man / Shield shape. Fit: Bridge: 139mm, Lens width: 39mm, Lens height: 60mm, Temple: 138mm. Authentic, sold by an authorized retailer.",Oakley,Sunglasses,"Oakley, SUTRO LITE SWEEP, Shield",TRUE,Title,Default Title,,,,,OO9465-0739,3136000,3920000,,shopify,Man,Shield,FALSE,O_matter,Polycarbonate,139,39,60,138,Prizm Road,Matte Black,Injected,High Bridge Fit,OK9465-0739,https://cdn.shopify.com/s/files/1/1056/5215/8545/files/0OO9465__946507__P21__noshad__fr.jpg?v=1785245434
oakley-oo9465-0739,,,,,,,,,,,,,,,,,,,,,,,,,,,,,,,,https://cdn.shopify.com/s/files/1/1056/5215/8545/files/0OO9465__946507__P21__noshad__qt.jpg?v=1785245437
oakley-oo9465-1439,"Oakley SUTRO LITE SWEEP — Sport Performance, SpectrumGammaGreen","Frame: SpectrumGammaGreen. Lens: PrzmBlack. Man / Shield shape. Fit: Bridge: 139mm, Lens width: 39mm, Lens height: 60mm, Temple: 138mm. Authentic, sold by an authorized retailer.",Oakley,Sunglasses,"Oakley, SUTRO LITE SWEEP, Shield",TRUE,Title,Default Title,,,,,OO9465-1439,3088000,3860000,,shopify,Man,Shield,FALSE,O_matter,Polycarbonate,139,39,60,138,Prizm Road,Matte Black,Injected,High Bridge Fit,OK9465-1439,https://cdn.shopify.com/s/files/1/1056/5215/8545/files/0OO9465__946514__P21__noshad__fr.jpg?v=1785245440
oakley-oo9465-1439,,,,,,,,,,,,,,,,,,,,,,,,,,,,,,,,https://cdn.shopify.com/s/files/1/1056/5215/8545/files/0OO9465__946514__P21__noshad__qt.jpg?v=1785245443
oakley-oo9465-1539,"Oakley SUTRO LITE SWEEP — Sport Performance, MVDPOrangeSparkle","Frame: MVDPOrangeSparkle. Lens: PrizmRoad. Man / Shield shape. Fit: Bridge: 139mm, Lens width: 39mm, Lens height: 60mm, Temple: 138mm. Authentic, sold by an authorized retailer.",Oakley,Sunglasses,"Oakley, SUTRO LITE SWEEP, Shield",TRUE,Title,Default Title,,,,,OO9465-1539,3088000,3860000,,shopify,Man,Shield,FALSE,O_matter,Polycarbonate,139,39,60,138,Prizm Road,Matte Black,Injected,High Bridge Fit,OK9465-1539,https://cdn.shopify.com/s/files/1/1056/5215/8545/files/0OO9465__946515__P21__noshad__fr.jpg?v=1785245446
oakley-oo9465-1539,,,,,,,,,,,,,,,,,,,,,,,,,,,,,,,,https://cdn.shopify.com/s/files/1/1056/5215/8545/files/0OO9465__946515__P21__noshad__qt.jpg?v=1785245450
oakley-oo9465-1639,"Oakley SUTRO LITE SWEEP — Sport Performance, Matte White","Frame: Matte White. Lens: PrizmRoad. Man / Shield shape. Fit: Bridge: 139mm, Lens width: 39mm, Lens height: 60mm, Temple: 138mm. Authentic, sold by an authorized retailer.",Oakley,Sunglasses,"Oakley, SUTRO LITE SWEEP, Shield",TRUE,Title,Default Title,,,,,OO9465-1639,3088000,3860000,,shopify,Man,Shield,FALSE,O_matter,Polycarbonate,139,39,60,138,Prizm Road,Matte Black,Injected,High Bridge Fit,OK9465-1639,https://cdn.shopify.com/s/files/1/1056/5215/8545/files/0OO9465__946516__P21__noshad__fr.jpg?v=1785245453
oakley-oo9465-1639,,,,,,,,,,,,,,,,,,,,,,,,,,,,,,,,https://cdn.shopify.com/s/files/1/1056/5215/8545/files/0OO9465__946516__P21__noshad__qt.jpg?v=1785245456
oakley-oo9465-1739,"Oakley SUTRO LITE SWEEP — Sport Performance, Matte Carbon","Frame: Matte Carbon. Lens: Przm24k. Man / Shield shape. Fit: Bridge: 139mm, Lens width: 39mm, Lens height: 60mm, Temple: 138mm. Authentic, sold by an authorized retailer.",Oakley,Sunglasses,"Oakley, SUTRO LITE SWEEP, Shield",TRUE,Title,Default Title,,,,,OO9465-1739,3136000,3920000,,shopify,Man,Shield,FALSE,O_matter,Polycarbonate,139,39,60,138,Prizm Road,Matte Black,Injected,High Bridge Fit,OK9465-1739,https://cdn.shopify.com/s/files/1/1056/5215/8545/files/0OO9465__946517__P21__noshad__fr.jpg?v=1785245459
oakley-oo9465-1739,,,,,,,,,,,,,,,,,,,,,,,,,,,,,,,,https://cdn.shopify.com/s/files/1/1056/5215/8545/files/0OO9465__946517__P21__noshad__qt.jpg?v=1785245462
oakley-oo9465-1939,"Oakley SUTRO LITE SWEEP — Sport Performance, TLD Matte Black","Frame: TLD Matte Black. Lens: PrizmTungsten. Man / Shield shape. Fit: Bridge: 139mm, Lens width: 39mm, Lens height: 60mm, Temple: 138mm. Authentic, sold by an authorized retailer.",Oakley,Sunglasses,"Oakley, SUTRO LITE SWEEP, Shield",TRUE,Title,Default Title,,,,,OO9465-1939,3448000,4310000,,shopify,Man,Shield,FALSE,O_matter,Polycarbonate,139,39,60,138,Prizm Road,Matte Black,Injected,High Bridge Fit,OK9465-1939,https://cdn.shopify.com/s/files/1/1056/5215/8545/files/0OO9465__946519__P21__noshad__fr.jpg?v=1785245465
oakley-oo9465-1939,,,,,,,,,,,,,,,,,,,,,,,,,,,,,,,,https://cdn.shopify.com/s/files/1/1056/5215/8545/files/0OO9465__946519__P21__noshad__qt.jpg?v=1785245469
oakley-oo9465-2839,"Oakley SUTRO LITE SWEEP — Sport Performance, TLD BlueColorSht","Frame: TLD BlueColorSht. Lens: PrzmGrey. Man / Shield shape. Fit: Bridge: 139mm, Lens width: 39mm, Lens height: 60mm, Temple: 138mm. Authentic, sold by an authorized retailer.",Oakley,Sunglasses,"Oakley, SUTRO LITE SWEEP, Shield",TRUE,Title,Default Title,,,,,OO9465-2839,3304000,4130000,,shopify,Man,Shield,FALSE,O_matter,Polycarbonate,139,39,60,138,Prizm Road,Matte Black,Injected,High Bridge Fit,OK9465-2839,https://cdn.shopify.com/s/files/1/1056/5215/8545/files/0OO9465__946528__P21__noshad__fr.jpg?v=1785245471
oakley-oo9465-2839,,,,,,,,,,,,,,,,,,,,,,,,,,,,,,,,https://cdn.shopify.com/s/files/1/1056/5215/8545/files/0OO9465__946528__P21__noshad__qt.jpg?v=1785245475
oakley-oo9469-0154,Oakley WHEEL HOUSE — Black,"Frame: Black. Lens: PrzmGrey. Authentic, sold by an authorized retailer.",Oakley,Sunglasses,"Oakley, WHEEL HOUSE",TRUE,Title,Default Title,,,,,OO9469-0154,3080000,3850000,,shopify,,,FALSE,,,,,,,,,,,OK9469-0154,https://cdn.shopify.com/s/files/1/1056/5215/8545/files/0OO9469__946901__STD__noshad__fr.jpg?v=1783996687
oakley-oo9469-0154,,,,,,,,,,,,,,,,,,,,,,,,,,,,,,,,https://cdn.shopify.com/s/files/1/1056/5215/8545/files/0OO9469__946901__STD__noshad__qt.jpg?v=1783996691
oakley-oo9470-0262,"Oakley Gibston XL — Performance Lifestyle, Steel","Frame: Steel. Lens: PrizmBlkPol.. Man / Rectangle shape. Fit: Bridge: 17mm, Lens width: 62mm, Lens height: 40mm, Temple: 133mm. Authentic, sold by an authorized retailer.",Oakley,Sunglasses,"Oakley, Gibston XL, Rectangle",TRUE,Title,Default Title,,,,,OO9470-0262,3328000,4160000,,shopify,Man,Rectangle,FALSE,O_matter,Polycarbonate,17,62,40,133,Prizm Black,Matte Black,Injected,High Bridge Fit,OK9470-0262,https://cdn.shopify.com/s/files/1/1056/5215/8545/files/0OO9470__947002__P21__noshad__fr.jpg?v=1785245477
oakley-oo9470-0262,,,,,,,,,,,,,,,,,,,,,,,,,,,,,,,,https://cdn.shopify.com/s/files/1/1056/5215/8545/files/0OO9470__947002__P21__noshad__qt.jpg?v=1785245480
oakley-oo9470-0562,"Oakley Gibston XL — Performance Lifestyle, Clear","Frame: Clear. Lens: PrizmSappPol.. Man / Rectangle shape. Fit: Bridge: 17mm, Lens width: 62mm, Lens height: 40mm, Temple: 133mm. Authentic, sold by an authorized retailer.",Oakley,Sunglasses,"Oakley, Gibston XL, Rectangle",TRUE,Title,Default Title,,,,,OO9470-0562,3328000,4160000,,shopify,Man,Rectangle,FALSE,O_matter,Polycarbonate,17,62,40,133,Prizm Black,Matte Black,Injected,High Bridge Fit,OK9470-0562,https://cdn.shopify.com/s/files/1/1056/5215/8545/files/0OO9470__947005__P21__noshad__fr.jpg?v=1785245483
oakley-oo9470-0562,,,,,,,,,,,,,,,,,,,,,,,,,,,,,,,,https://cdn.shopify.com/s/files/1/1056/5215/8545/files/0OO9470__947005__P21__noshad__qt.jpg?v=1785245486
oakley-oo9473-0356,Oakley LEADLINE — Matte BrwTortoise,"Frame: Matte BrwTortoise. Lens: PrzmBrwGradient. Authentic, sold by an authorized retailer.",Oakley,Sunglasses,"Oakley, LEADLINE",TRUE,Title,Default Title,,,,,OO9473-0356,2720000,3400000,,shopify,,,FALSE,,,,,,,,,,,OK9473-0356,https://cdn.shopify.com/s/files/1/1056/5215/8545/files/0OO9473__947303__P21__noshad__fr.jpg?v=1785245489
oakley-oo9473-0356,,,,,,,,,,,,,,,,,,,,,,,,,,,,,,,,https://cdn.shopify.com/s/files/1/1056/5215/8545/files/0OO9473__947303__P21__noshad__qt.jpg?v=1785245492
oakley-oo9473-0456,Oakley LEADLINE — GryInk,"Frame: GryInk. Lens: PrzmGrdGrey. Authentic, sold by an authorized retailer.",Oakley,Sunglasses,"Oakley, LEADLINE",TRUE,Title,Default Title,,,,,OO9473-0456,2720000,3400000,,shopify,,,FALSE,,,,,,,,,,,OK9473-0456,https://cdn.shopify.com/s/files/1/1056/5215/8545/files/0OO9473__947304__STD__noshad__fr.jpg?v=1785245495
oakley-oo9473-0456,,,,,,,,,,,,,,,,,,,,,,,,,,,,,,,,https://cdn.shopify.com/s/files/1/1056/5215/8545/files/0OO9473__947304__STD__noshad__qt.jpg?v=1785245498
oakley-oo9479-0456,"Oakley Manorburn — Performance Lifestyle, Black","Frame: Black. Lens: Prizm Ruby. Man / Square shape. Fit: Bridge: 17mm, Lens width: 56mm, Lens height: 44mm, Temple: 149mm. Authentic, sold by an authorized retailer.",Oakley,Sunglasses,"Oakley, Manorburn, Square",TRUE,Title,Default Title,,,,,OO9479-0456,2384000,2980000,,shopify,Man,Square,FALSE,O_matter,Polycarbonate,17,56,44,149,Prizm Grey,Matte Black,Injected,High Bridge Fit,OK9479-0456,https://cdn.shopify.com/s/files/1/1056/5215/8545/files/0OO9479__947904__STD__noshad__fr.jpg?v=1785245501
oakley-oo9479-0456,,,,,,,,,,,,,,,,,,,,,,,,,,,,,,,,https://cdn.shopify.com/s/files/1/1056/5215/8545/files/0OO9479__947904__STD__noshad__qt.jpg?v=1785245504
oakley-oo9479-0556,"Oakley Manorburn — Performance Lifestyle, PolishBlack","Frame: PolishBlack. Lens: PrzmRoseGold. Man / Square shape. Fit: Bridge: 17mm, Lens width: 56mm, Lens height: 44mm, Temple: 149mm. Authentic, sold by an authorized retailer.",Oakley,Sunglasses,"Oakley, Manorburn, Square",TRUE,Title,Default Title,,,,,OO9479-0556,2360000,2950000,,shopify,Man,Square,FALSE,O_matter,Polycarbonate,17,56,44,149,Prizm Grey,Matte Black,Injected,High Bridge Fit,OK9479-0556,https://cdn.shopify.com/s/files/1/1056/5215/8545/files/0OO9479__947905__STD__noshad__fr.jpg?v=1785245507
oakley-oo9479-0556,,,,,,,,,,,,,,,,,,,,,,,,,,,,,,,,https://cdn.shopify.com/s/files/1/1056/5215/8545/files/0OO9479__947905__STD__noshad__qt.jpg?v=1785245510
oakley-oo9479-1656,"Oakley Manorburn — Performance Lifestyle, Matte TransparentBlue","Frame: Matte TransparentBlue. Lens: PrizmBlack. Man / Square shape. Fit: Bridge: 17mm, Lens width: 56mm, Lens height: 44mm, Temple: 149mm. Authentic, sold by an authorized retailer.",Oakley,Sunglasses,"Oakley, Manorburn, Square",TRUE,Title,Default Title,,,,,OO9479-1656,2360000,2950000,,shopify,Man,Square,FALSE,O_matter,Polycarbonate,17,56,44,149,Prizm Grey,Matte Black,Injected,High Bridge Fit,OK9479-1656,https://cdn.shopify.com/s/files/1/1056/5215/8545/files/0OO9479__947916__P21__noshad__fr.jpg?v=1785245513
oakley-oo9479-1656,,,,,,,,,,,,,,,,,,,,,,,,,,,,,,,,https://cdn.shopify.com/s/files/1/1056/5215/8545/files/0OO9479__947916__P21__noshad__qt.jpg?v=1785245516
oakley-oo9479-1756,"Oakley Manorburn — Performance Lifestyle, Matte Sepia","Frame: Matte Sepia. Lens: PrizmBlkPol.. Man / Square shape. Fit: Bridge: 17mm, Lens width: 56mm, Lens height: 44mm, Temple: 149mm. Authentic, sold by an authorized retailer.",Oakley,Sunglasses,"Oakley, Manorburn, Square",TRUE,Title,Default Title,,,,,OO9479-1756,3264000,4080000,,shopify,Man,Square,FALSE,O_matter,Polycarbonate,17,56,44,149,Prizm Grey,Matte Black,Injected,High Bridge Fit,OK9479-1756,https://cdn.shopify.com/s/files/1/1056/5215/8545/files/0OO9479__947917__P21__noshad__fr.jpg?v=1785245519
oakley-oo9479-1756,,,,,,,,,,,,,,,,,,,,,,,,,,,,,,,,https://cdn.shopify.com/s/files/1/1056/5215/8545/files/0OO9479__947917__P21__noshad__qt.jpg?v=1785245522
oakley-oo9479-1856,"Oakley Manorburn — Performance Lifestyle, GryInk","Frame: GryInk. Lens: PrizmJade. Man / Square shape. Fit: Bridge: 17mm, Lens width: 56mm, Lens height: 44mm, Temple: 149mm. Authentic, sold by an authorized retailer.",Oakley,Sunglasses,"Oakley, Manorburn, Square",TRUE,Title,Default Title,,,,,OO9479-1856,2360000,2950000,,shopify,Man,Square,FALSE,O_matter,Polycarbonate,17,56,44,149,Prizm Grey,Matte Black,Injected,High Bridge Fit,OK9479-1856,https://cdn.shopify.com/s/files/1/1056/5215/8545/files/0OO9479__947918__P21__noshad__fr.jpg?v=1785245525
oakley-oo9479-1856,,,,,,,,,,,,,,,,,,,,,,,,,,,,,,,,https://cdn.shopify.com/s/files/1/1056/5215/8545/files/0OO9479__947918__P21__noshad__qt.jpg?v=1785245528
oakley-oo9479-1956,"Oakley Manorburn — Performance Lifestyle, TransparentLightCurry","Frame: TransparentLightCurry. Lens: PrizmJade. Man / Square shape. Fit: Bridge: 17mm, Lens width: 56mm, Lens height: 44mm, Temple: 149mm. Authentic, sold by an authorized retailer.",Oakley,Sunglasses,"Oakley, Manorburn, Square",TRUE,Title,Default Title,,,,,OO9479-1956,2360000,2950000,,shopify,Man,Square,FALSE,O_matter,Polycarbonate,17,56,44,149,Prizm Grey,Matte Black,Injected,High Bridge Fit,OK9479-1956,https://cdn.shopify.com/s/files/1/1056/5215/8545/files/0OO9479__947919__P21__noshad__fr.jpg?v=1785245531
oakley-oo9479-1956,,,,,,,,,,,,,,,,,,,,,,,,,,,,,,,,https://cdn.shopify.com/s/files/1/1056/5215/8545/files/0OO9479__947919__P21__noshad__qt.jpg?v=1785245534
oakley-oo9482-0157,"Oakley FUTURITY — Performance Lifestyle, SatinBlack","Frame: SatinBlack. Lens: PrzmBlkPol.+2nose. Unisex / Square shape. Fit: Bridge: 14mm, Lens width: 57mm, Lens height: 43mm, Temple: 139mm. Authentic, sold by an authorized retailer.",Oakley,Sunglasses,"Oakley, FUTURITY, Square",TRUE,Title,Default Title,,,,,OO9482-0157,3520000,4400000,,shopify,Unisex,Square,TRUE,O_matter,Polycarbonate,14,57,43,139,Prizm Black Polarized,Satin Black,Injected,Universal Fit,OK9482-0157,https://cdn.shopify.com/s/files/1/1056/5215/8545/files/0OO9482__948201__P21__noshad__fr.jpg?v=1785245537
oakley-oo9482-0157,,,,,,,,,,,,,,,,,,,,,,,,,,,,,,,,https://cdn.shopify.com/s/files/1/1056/5215/8545/files/0OO9482__948201__P21__noshad__qt.jpg?v=1785245540
oakley-oo9482-0257,"Oakley FUTURITY — Performance Lifestyle, SatinBlack","Frame: SatinBlack. Lens: PrizmJade+2nose. Unisex / Square shape. Fit: Bridge: 14mm, Lens width: 57mm, Lens height: 43mm, Temple: 139mm. Authentic, sold by an authorized retailer.",Oakley,Sunglasses,"Oakley, FUTURITY, Square",TRUE,Title,Default Title,,,,,OO9482-0257,2728000,3410000,,shopify,Unisex,Square,TRUE,O_matter,Polycarbonate,14,57,43,139,Prizm Black Polarized,Satin Black,Injected,Universal Fit,OK9482-0257,https://cdn.shopify.com/s/files/1/1056/5215/8545/files/0OO9482__948202__P21__noshad__fr.jpg?v=1785245543
oakley-oo9482-0257,,,,,,,,,,,,,,,,,,,,,,,,,,,,,,,,https://cdn.shopify.com/s/files/1/1056/5215/8545/files/0OO9482__948202__P21__noshad__qt.jpg?v=1785245546
oakley-oo9482-0357,"Oakley Futurity — Performance Lifestyle, SatinOceanBlue","Frame: SatinOceanBlue. Lens: PrizmSapp+2Nose. Unisex / Square shape. Fit: Bridge: 14mm, Lens width: 57mm, Lens height: 43mm, Temple: 139mm. Authentic, sold by an authorized retailer.",Oakley,Sunglasses,"Oakley, Futurity, Square",TRUE,Title,Default Title,,,,,OO9482-0357,3056000,3820000,,shopify,Unisex,Square,TRUE,O_matter,Polycarbonate,14,57,43,139,Prizm Black Polarized,Satin Black,Injected,Universal Fit,OK9482-0357,https://cdn.shopify.com/s/files/1/1056/5215/8545/files/0OO9482__948203__P21__noshad__fr.jpg?v=1785245549
oakley-oo9482-0357,,,,,,,,,,,,,,,,,,,,,,,,,,,,,,,,https://cdn.shopify.com/s/files/1/1056/5215/8545/files/0OO9482__948203__P21__noshad__qt.jpg?v=1785245552
oakley-oo9482-0457,"Oakley Futurity — Performance Lifestyle, SatinGrySmoke","Frame: SatinGrySmoke. Lens: PrizmRubyPol.. Unisex / Square shape. Fit: Bridge: 14mm, Lens width: 57mm, Lens height: 43mm, Temple: 139mm. Authentic, sold by an authorized retailer.",Oakley,Sunglasses,"Oakley, Futurity, Square",TRUE,Title,Default Title,,,,,OO9482-0457,4328000,5410000,,shopify,Unisex,Square,TRUE,O_matter,Polycarbonate,14,57,43,139,Prizm Black Polarized,Satin Black,Injected,Universal Fit,OK9482-0457,https://cdn.shopify.com/s/files/1/1056/5215/8545/files/0OO9482__948204__P21__noshad__fr.jpg?v=1785245555
oakley-oo9482-0457,,,,,,,,,,,,,,,,,,,,,,,,,,,,,,,,https://cdn.shopify.com/s/files/1/1056/5215/8545/files/0OO9482__948204__P21__noshad__qt.jpg?v=1785245558
oakley-oo9485-0259,"Oakley Enigma Ink — Performance Lifestyle, Matte BrwTortoise","Frame: Matte BrwTortoise. Lens: PrizmBrwGradient. Unisex / Square shape. Fit: Bridge: 18mm, Lens width: 59mm, Lens height: 45mm, Temple: 132mm. Authentic, sold by an authorized retailer.",Oakley,Sunglasses,"Oakley, Enigma Ink, Square",TRUE,Title,Default Title,,,,,OO9485-0259,3448000,4310000,,shopify,Unisex,Square,TRUE,O_matter,Polycarbonate,18,59,45,132,Prizm Grey Polarized,Matte Black,Injected,High Bridge Fit,OK9485-0259,https://cdn.shopify.com/s/files/1/1056/5215/8545/files/0OO9485__948502__P21__noshad__fr.jpg?v=1783996836
oakley-oo9485-0259,,,,,,,,,,,,,,,,,,,,,,,,,,,,,,,,https://cdn.shopify.com/s/files/1/1056/5215/8545/files/0OO9485__948502__P21__noshad__qt.jpg?v=1783996839
oakley-oo9485-0359,"Oakley Enigma Ink — Performance Lifestyle, PolishTransparentStonewWash","Frame: PolishTransparentStonewWash. Lens: PrizmLowLight. Unisex / Square shape. Fit: Bridge: 18mm, Lens width: 59mm, Lens height: 45mm, Temple: 132mm. Authentic, sold by an authorized retailer.",Oakley,Sunglasses,"Oakley, Enigma Ink, Square",TRUE,Title,Default Title,,,,,OO9485-0359,3088000,3860000,,shopify,Unisex,Square,TRUE,O_matter,Polycarbonate,18,59,45,132,Prizm Grey Polarized,Matte Black,Injected,High Bridge Fit,OK9485-0359,https://cdn.shopify.com/s/files/1/1056/5215/8545/files/0OO9485__948503__P21__noshad__fr.jpg?v=1783996842
oakley-oo9485-0359,,,,,,,,,,,,,,,,,,,,,,,,,,,,,,,,https://cdn.shopify.com/s/files/1/1056/5215/8545/files/0OO9485__948503__P21__noshad__qt.jpg?v=1783996845
oakley-oo9485-0659,"Oakley Enigma Ink — Performance Lifestyle, Matte TranslucentLilac","Frame: Matte TranslucentLilac. Lens: PrizmBrz+2NoseP. Unisex / Square shape. Fit: Bridge: 18mm, Lens width: 59mm, Lens height: 45mm, Temple: 132mm. Authentic, sold by an authorized retailer.",Oakley,Sunglasses,"Oakley, Enigma Ink, Square",TRUE,Title,Default Title,,,,,OO9485-0659,3080000,3850000,,shopify,Unisex,Square,TRUE,O_matter,Polycarbonate,18,59,45,132,Prizm Grey Polarized,Matte Black,Injected,High Bridge Fit,OK9485-0659,https://cdn.shopify.com/s/files/1/1056/5215/8545/files/0OO9485__948506__P21__noshad__fr.jpg?v=1783996855
oakley-oo9485-0659,,,,,,,,,,,,,,,,,,,,,,,,,,,,,,,,https://cdn.shopify.com/s/files/1/1056/5215/8545/files/0OO9485__948506__P21__noshad__qt.jpg?v=1783996858
oakley-oo9485-0759,"Oakley Enigma Ink — Performance Lifestyle, DamianLillard-TransparentWarmBrown","Frame: DamianLillard-TransparentWarmBrown. Lens: PrizmBrzGradient+2 NoseP. Unisex / Square shape. Fit: Bridge: 18mm, Lens width: 59mm, Lens height: 45mm, Temple: 132mm. Authentic, sold by an authorized retailer.",Oakley,Sunglasses,"Oakley, Enigma Ink, Square",TRUE,Title,Default Title,,,,,OO9485-0759,3400000,4250000,,shopify,Unisex,Square,TRUE,O_matter,Polycarbonate,18,59,45,132,Prizm Grey Polarized,Matte Black,Injected,High Bridge Fit,OK9485-0759,https://cdn.shopify.com/s/files/1/1056/5215/8545/files/0OO9485__948507__P21__noshad__fr.jpg?v=1783996861
oakley-oo9485-0759,,,,,,,,,,,,,,,,,,,,,,,,,,,,,,,,https://cdn.shopify.com/s/files/1/1056/5215/8545/files/0OO9485__948507__P21__noshad__qt.jpg?v=1783996865
oakley-oo9486-0860,"Oakley Masseter — Performance Lifestyle, Alexia Putellas-TransparentL.Curry","Frame: Alexia Putellas-TransparentL.Curry. Lens: PrizmBrwGradient. Man / Rectangle shape. Fit: Bridge: 19mm, Lens width: 60mm, Lens height: 40mm, Temple: 131mm. Authentic, sold by an authorized retailer.",Oakley,Sunglasses,"Oakley, Masseter, Rectangle",TRUE,Title,Default Title,,,,,OO9486-0860,2944000,3680000,,shopify,Man,Rectangle,FALSE,O_matter,Polycarbonate,19,60,40,131,Prizm Grey,Matte Black,Injected,High Bridge Fit,OK9486-0860,https://cdn.shopify.com/s/files/1/1056/5215/8545/files/0OO9486__948608__P21__noshad__fr.jpg?v=1783996903
oakley-oo9486-0860,,,,,,,,,,,,,,,,,,,,,,,,,,,,,,,,https://cdn.shopify.com/s/files/1/1056/5215/8545/files/0OO9486__948608__P21__noshad__qt.jpg?v=1783996907
oakley-oo9486-0960,"Oakley Masseter — Performance Lifestyle, Mt.Abyss","Frame: Mt.Abyss. Lens: Prizm25kPol.. Man / Rectangle shape. Fit: Bridge: 19mm, Lens width: 60mm, Lens height: 40mm, Temple: 131mm. Authentic, sold by an authorized retailer.",Oakley,Sunglasses,"Oakley, Masseter, Rectangle",TRUE,Title,Default Title,,,,,OO9486-0960,3720000,4650000,,shopify,Man,Rectangle,FALSE,O_matter,Polycarbonate,19,60,40,131,Prizm Grey,Matte Black,Injected,High Bridge Fit,OK9486-0960,https://cdn.shopify.com/s/files/1/1056/5215/8545/files/0OO9486__948609__P21__noshad__fr.jpg?v=1785245561
oakley-oo9486-0960,,,,,,,,,,,,,,,,,,,,,,,,,,,,,,,,https://cdn.shopify.com/s/files/1/1056/5215/8545/files/0OO9486__948609__P21__noshad__qt.jpg?v=1785245564
oakley-oo9486-1060,"Oakley Masseter  — Performance Lifestyle, Alloy Coll-Matte Brz","Frame: Alloy Coll-Matte Brz. Lens: PrizmBrz. Man / Rectangle shape. Fit: Bridge: 19mm, Lens width: 60mm, Lens height: 40mm, Temple: 131mm. Authentic, sold by an authorized retailer.",Oakley,Sunglasses,"Oakley, Masseter , Rectangle",TRUE,Title,Default Title,,,,,OO9486-1060,2560000,3200000,,shopify,Man,Rectangle,FALSE,O_matter,Polycarbonate,19,60,40,131,Prizm Grey,Matte Black,Injected,High Bridge Fit,OK9486-1060,https://cdn.shopify.com/s/files/1/1056/5215/8545/files/0OO9486__948610__P21__noshad__fr.jpg?v=1785245567
oakley-oo9486-1060,,,,,,,,,,,,,,,,,,,,,,,,,,,,,,,,https://cdn.shopify.com/s/files/1/1056/5215/8545/files/0OO9486__948610__P21__noshad__qt.jpg?v=1785245571
oakley-oo9493-0430,"Oakley De La Salle — Performance Lifestyle, Matte TransparentL.Curry","Frame: Matte TransparentL.Curry. Lens: PrizmTungsten. Unisex / Rectangle shape. Fit: Bridge: 130mm, Lens width: 30mm, Lens height: 46mm, Temple: 140mm. Authentic, sold by an authorized retailer.",Oakley,Sunglasses,"Oakley, De La Salle, Rectangle",TRUE,Title,Default Title,,,,,OO9493-0430,2984000,3730000,,shopify,Unisex,Rectangle,FALSE,O_matter,Polycarbonate,130,30,46,140,Prizm Black,Polished Black,Injected,High Bridge Fit,OK9493-0430,https://cdn.shopify.com/s/files/1/1056/5215/8545/files/0OO9493__949304__P21__noshad__fr.jpg?v=1783996952
oakley-oo9493-0430,,,,,,,,,,,,,,,,,,,,,,,,,,,,,,,,https://cdn.shopify.com/s/files/1/1056/5215/8545/files/0OO9493__949304__P21__noshad__qt.jpg?v=1783996955
oakley-oo9494-0459,"Oakley De Soto — Performance Lifestyle, Matte TransparentStonewash","Frame: Matte TransparentStonewash. Lens: PrizmSapp. Unisex / Rectangle shape. Fit: Bridge: 16mm, Lens width: 59mm, Lens height: 36mm, Temple: 140mm. Authentic, sold by an authorized retailer.",Oakley,Sunglasses,"Oakley, De Soto, Rectangle",TRUE,Title,Default Title,,,,,OO9494-0459,3336000,4170000,,shopify,Unisex,Rectangle,FALSE,O_matter,Polycarbonate,16,59,36,140,Prizm Black,Polished Black,Injected,High Bridge Fit,OK9494-0459,https://cdn.shopify.com/s/files/1/1056/5215/8545/files/0OO9494__949404__P21__noshad__fr.jpg?v=1783996971
oakley-oo9494-0459,,,,,,,,,,,,,,,,,,,,,,,,,,,,,,,,https://cdn.shopify.com/s/files/1/1056/5215/8545/files/0OO9494__949404__P21__noshad__qt.jpg?v=1783996974
oakley-oo9494-0559,"Oakley De Soto — Performance Lifestyle, M,TransparentL.Curry","Frame: M,TransparentL.Curry. Lens: PrizmBrz. Unisex / Rectangle shape. Fit: Bridge: 16mm, Lens width: 59mm, Lens height: 36mm, Temple: 140mm. Authentic, sold by an authorized retailer.",Oakley,Sunglasses,"Oakley, De Soto, Rectangle",TRUE,Title,Default Title,,,,,OO9494-0559,2808000,3510000,,shopify,Unisex,Rectangle,FALSE,O_matter,Polycarbonate,16,59,36,140,Prizm Black,Polished Black,Injected,High Bridge Fit,OK9494-0559,https://cdn.shopify.com/s/files/1/1056/5215/8545/files/0OO9494__949405__P21__noshad__fr.jpg?v=1783996977
oakley-oo9494-0559,,,,,,,,,,,,,,,,,,,,,,,,,,,,,,,,https://cdn.shopify.com/s/files/1/1056/5215/8545/files/0OO9494__949405__P21__noshad__qt.jpg?v=1783996981
oakley-oo9497-0658,"Oakley Briza — Performance Lifestyle, Matte TortD.Amber","Frame: Matte TortD.Amber. Lens: PrizmRoseGold. Man / Square shape. Fit: Bridge: 16mm, Lens width: 58mm, Lens height: 46mm, Temple: 140mm. Authentic, sold by an authorized retailer.",Oakley,Sunglasses,"Oakley, Briza, Square",TRUE,Title,Default Title,,,,,OO9497-0658,2752000,3440000,,shopify,Man,Square,FALSE,O_matter,Polycarbonate,16,58,46,140,Prizm Grey,Matte Black,Injected,High Bridge Fit,OK9497-0658,https://cdn.shopify.com/s/files/1/1056/5215/8545/files/0OO9497__949706__P21__noshad__fr.jpg?v=1783997027
oakley-oo9497-0658,,,,,,,,,,,,,,,,,,,,,,,,,,,,,,,,https://cdn.shopify.com/s/files/1/1056/5215/8545/files/0OO9497__949706__P21__noshad__qt.jpg?v=1783997030
oakley-oo9501-0552,"Oakley VELO KATO — Sport Performance, Matte Carbon","Frame: Matte Carbon. Lens: Prizm24K+1NosePad, (n.). Unisex / Rectangle shape. Fit: Bridge: 152mm, Lens width: 52mm, Lens height: 63mm, Temple: 108mm. Authentic, sold by an authorized retailer.",Oakley,Sunglasses,"Oakley, VELO KATO, Rectangle",TRUE,Title,Default Title,,,,,OO9501-0552,5320000,6650000,,shopify,Unisex,Rectangle,FALSE,O_matter,Polycarbonate,152,52,63,108,Prizm Road,Matte Black,Injected,Universal Fit,OK9501-0552,https://cdn.shopify.com/s/files/1/1056/5215/8545/files/0OO9501__950105__P21__noshad__fr.jpg?v=1783997123
oakley-oo9501-0552,,,,,,,,,,,,,,,,,,,,,,,,,,,,,,,,https://cdn.shopify.com/s/files/1/1056/5215/8545/files/0OO9501__950105__P21__noshad__qt.jpg?v=1783997126
oakley-oo9517-0839,"Oakley Stunt Devil — Sport Performance, GryInk","Frame: GryInk. Lens: PhotoChromic. Unisex / Rectangle shape. Fit: Bridge: 139mm, Lens width: 39mm, Lens height: 58mm, Temple: 137mm. Authentic, sold by an authorized retailer.",Oakley,Sunglasses,"Oakley, Stunt Devil, Rectangle",TRUE,Title,Default Title,,,,,OO9517-0839,4248000,5310000,,shopify,Unisex,Rectangle,FALSE,O_matter,Polycarbonate,139,39,58,137,Prizm Black,Grey Smoke,Injected,High Bridge Fit,OK9517-0839,https://cdn.shopify.com/s/files/1/1056/5215/8545/files/0OO9517__951708__P21__noshad__fr.jpg?v=1785245573
oakley-oo9517-0839,,,,,,,,,,,,,,,,,,,,,,,,,,,,,,,,https://cdn.shopify.com/s/files/1/1056/5215/8545/files/0OO9517__951708__P21__noshad__qt.jpg?v=1785245577
oakley-oo9521-0757,"Oakley Tourniquet — Performance Lifestyle, BlkInkPol.","Frame: BlkInkPol.. Lens: PrizmBlkPol.. Man / Square shape. Fit: Bridge: 17mm, Lens width: 57mm, Lens height: 40mm, Temple: 140mm. Authentic, sold by an authorized retailer.",Oakley,Sunglasses,"Oakley, Tourniquet, Square",TRUE,Title,Default Title,,,,,OO9521-0757,3720000,4650000,,shopify,Man,Square,FALSE,O_matter,Polycarbonate,17,57,40,140,Prizm Grey,Matte Black,Injected,High Bridge Fit,OK9521-0757,https://cdn.shopify.com/s/files/1/1056/5215/8545/files/0OO9521__952107__P21__noshad__fr.jpg?v=1785245580
oakley-oo9521-0757,,,,,,,,,,,,,,,,,,,,,,,,,,,,,,,,https://cdn.shopify.com/s/files/1/1056/5215/8545/files/0OO9521__952107__P21__noshad__qt.jpg?v=1785245583
oakley-oo9528-0260,"Oakley Neofarma — Performance Lifestyle, Matte Blue","Frame: Matte Blue. Lens: SilvColorshift. Unisex / Oval shape. Fit: Bridge: 18mm, Lens width: 60mm, Lens height: 39mm, Temple: 130mm. Authentic, sold by an authorized retailer.",Oakley,Sunglasses,"Oakley, Neofarma, Oval",TRUE,Title,Default Title,,,,,OO9528-0260,2560000,3200000,,shopify,Unisex,Oval,FALSE,O_matter,Polycarbonate,18,60,39,130,Prizm Grey,Matte Black,Injected,Universal Fit,OK9528-0260,https://cdn.shopify.com/s/files/1/1056/5215/8545/files/0OO9528__952802__P21__noshad__fr.jpg?v=1783997588
oakley-oo9528-0260,,,,,,,,,,,,,,,,,,,,,,,,,,,,,,,,https://cdn.shopify.com/s/files/1/1056/5215/8545/files/0OO9528__952802__P21__noshad__qt.jpg?v=1783997591
oakley-oo9533-0954,"Oakley HSTN-Sq. — Performance Lifestyle, TroyLeeDesign-N.PolisBlack","Frame: TroyLeeDesign-N.PolisBlack. Lens: PrizmSapp+1NoseP. Unisex / Square shape. Fit: Bridge: 21mm, Lens width: 54mm, Lens height: 44mm, Temple: 142mm. Authentic, sold by an authorized retailer.",Oakley,Sunglasses,"Oakley, HSTN-Sq., Square",TRUE,Title,Default Title,,,,,OO9533-0954,3744000,4680000,,shopify,Unisex,Square,FALSE,O_matter,Polycarbonate,21,54,44,142,Prizm Grey,Matte Black,Injected,Universal Fit,OK9533-0954,https://cdn.shopify.com/s/files/1/1056/5215/8545/files/0OO9533__953309__P21__noshad__fr.jpg?v=1783997761
oakley-oo9533-0954,,,,,,,,,,,,,,,,,,,,,,,,,,,,,,,,https://cdn.shopify.com/s/files/1/1056/5215/8545/files/0OO9533__953309__P21__noshad__qt.jpg?v=1783997765
